0101020058020201308
0101020066020201308
0101020074020201308
0101020082020201308
0101020090020201308
0102010056021201308
0102010056029201308
0102010064021201308
0102010064029201308
0102010072021201308
0102010072029201308
0102010145021201308
0102010145029201308
0102010153021201308
0102010153029201308
0102010161021201308
0102010161029201308
0102010170021201308
0102010170029201308
0102010188021201308
0102010188029201308
0102010196021201308
0102010196029201308
0102010200021201308
0102010200029201308
0102010218021201308
0102010218029201308
0102010226021201308
0102010226029201308
0102010234021201308
0102010234029201308
0102010242021201308
0102010242029201308
0102010250021201308
0102010250029201308
0102010269021201308
0102010269029201308
0102010277021201308
0102010277029201308
0102010285021201308
0102010285029201308
0102010293021201308
0102010293029201308
0102010307021201308
0102010307029201308
0102010315021201308
0102010315029201308
0102010323021201308
0102010323029201308
0102010331021201308
0102010331029201308
0102010340021201308
0102010340029201308
0102010358021201308
0102010358029201308
0102010366021201308
0102010366029201308
0102010374021201308
0102010374029201308
0102010382021201308
0102010382029201308
0102010390021201308
0102010390029201308
0102010404021201308
0102010404029201308
0102010412021201308
0102010412029201308
0102010420021201308
0102010420029201308
0102010439021201308
0102010439029201308
0102010447021201308
0102010447029201308
0102010455021201308
0102010455029201308
0102010463021201308
0102010463029201308
0102010471021201308
0102010471029201308
0102010480021201308
0102010480029201308
0102010498021201308
0102010498029201308
0102010501021201308
0102010501029201308
0102010510021201308
0102010510029201308
0102010528021201308
0102010528029201308
0102010536021201308
0102010536029201308
0201010038001201308
0201010038004201308
0201010097004201308
0201010119004201308
0201010127001201308
0201010127004201308
0201010135001201308
0201010135004201308
0201010143005201308
0201010160008201308
0201010186004201308
0201010208001201308
0201010232020201308
0201010240004201308
0201010259001201308
0201010267001201308
0201010275001201308
0201010275007201308
0201010305001201308
0201010313001201308
0201010313008201308
0201010321001201308
0201010330001201308
0201010348020201308
0201010402001201308
0201010526020201308
0201010534001201308
0201010534004201308
0201010534006201308
0202030024009201308
0202031071009201308
0202100049009201308
0202110117009201308
0202110125009201308
0202110133009201308
0203010019023201308
0203010027005201308
0203010043025201308
0203020065025201308
0203020073025201308
0203020081023201308
0204020018005201308
0204030030025201308
0204030048005201308
0204030188025201308
0205010016005201308
0205010024005201308
0205010032005201308
0205020011005201308
0205020020009201308
0205020038005201308
0205020054005201308
0205020070005201308
0205020089005201308
0205020089009201308
0205020089038201308
0205020119005201308
0205020127005201308
0205020135005201308
0205020160005201308
0205020178005201308
0205020194005201308
0205020208009201308
0205020208022201308
0205020216009201308
0205020216022201308
0206010010005201308
0206010028005201308
0206010036005201308
0206010044005201308
0206010060005201308
0206010079005201308
0206020031005201308
0206020040005201308
0206030010005201308
0206030037005201308
0207010013005201308
0207010021005201308
0207010030005201308
0207010048005201308
0207010056005201308
0207010064005201308
0207010072005201308
0207020019005201308
0207020027005201308
0207020035005201308
0207020043009201308
0207020043022201308
0207020051009201308
0207020051022201308
0207030014005201308
0207030022005201308
0207030030005201308
0208010025005201308
0208010033005201308
0208010041005201308
0208010050005201308
0208010068005201308
0208010076005201308
0208010084005201308
0208010092005201308
0208020012005201308
0208020020005201308
0208020039005201308
0208020055005201308
0208020063005201308
0208020071005201308
0208020080005201308
0208020098005201308
0208020101005201308
0208020110005201308
0208020128005201308
0208030018005201308
0208030026005201308
0208030034005201308
0208030042005201308
0208030050005201308
0208040021005201308
0208040030005201308
0208040056005201308
0208040064005201308
0208040072005201308
0208040080005201308
0208040099005201308
0208040102005201308
0208050019005201308
0208050035005201308
0208050043005201308
0208060014005201308
0208060022005201308
0208060030005201308
0208070010005201308
0208070028005201308
0208070036005201308
0208070044005201308
0208080015005201308
0208080023005201308
0208080031005201308
0208080040005201308
0208090010005201308
0208090029005201308
0208090037005201308
0209010010005201308
0209010029005201308
0209010037005201308
0209010045005201308
0209040033001201308
0209040033004201308
0209040050001201308
0209040050004201308
0209040050005201308
0210010010005201308
0210010045005201308
0210010053005201308
0210010061005201308
0210010070005201308
0210010096005201308
0210010100005201308
0210010118005201308
0210010126005201308
0210010134005201308
0210010142005201308
0210010150005201308
0210010193005201308
0210020016005201308
0211020010006201308
0211020028001201308
0211020028006201308
0211030015005201308
0211030023005201308
0211030031005201308
0211030040005201308
0211030058005201308
0211030066005201308
0211030074005201308
0211030082005201308
0211030090005201308
0211050091001201308
0211050091005201308
0211050091006201308
0211050105005201308
0211050148006201308
0211060011009201308
0211060119009201308
0211060119038201308
0211060127009201308
0211060178009201308
0211060178038201308
0211060186009201308
0211060232009201308
0211060232038201308
0211060267009201308
0211060275019201308
0301010013012201308
0301010021012201308
0301010030012201308
0301010048012201308
0301010056012201308
0301010064012201308
0301010072012201308
0301010080012201308
0301010099012201308
0301010102009201308
0301010102014201308
0301010102033201308
0301010110012201308
0301010129012201308
0301010137012201308
0301010145005201308
0301010153012201308
0301010188009201308
0301010188019201308
0301050015014201308
0301050074007201308
0301050074008201308
0301060070008201308
0301060088008201308
0301080046036201308
0301080046038201308
0301080364036201308
0301080372036201308
0301080380036201308
0301090017007201308
0301090025007201308
0301110018014201308
0301110026014201308
0301120056006201308
0301120056014201308
0301120056022201308
0301120064009201308
0301120072009201308
0301120080009201308
0301120080022201308
0301130027014201308
0302060049005201308
0302070036005201308
0303010010004201308
0303010029004201308
0303010037004201308
0303010045004201308
0303010053004201308
0303010061004201308
0303010070004201308
0303010088004201308
0303010096004201308
0303010100004201308
0303010118004201308
0303010126004201308
0303010134004201308
0303010142004201308
0303010150004201308
0303010169004201308
0303010177004201308
0303010185004201308
0303010193004201308
0303010207004201308
0303010215003201308
0303010215007201308
0303020032004201308
0303020040004201308
0303020059004201308
0303020067004201308
0303020075004201308
0303020083004201308
0303020083008201308
0303030011007201308
0303030020004201308
0303030038004201308
0303030038011201308
0303030046004201308
0303030054004201308
0303030062004201308
0303040017004201308
0303040025004201308
0303040033004201308
0303040041004201308
0303040050004201308
0303040068004201308
0303040076004201308
0303040084004201308
0303040092004201308
0303040106004201308
0303040114004201308
0303040122004201308
0303040130004201308
0303040149004201308
0303040157004201308
0303040165004201308
0303040165011201308
0303040173004201308
0303040181004201308
0303040190004201308
0303040203004201308
0303040211004201308
0303040220004201308
0303040238004201308
0303040246004201308
0303040254004201308
0303040262004201308
0303040270004201308
0303040289004201308
0303040297004201308
0303040300004201308
0303050012009201308
0303050012014201308
0303050012033201308
0303050039009201308
0303050047009201308
0303050055009201308
0303050063009201308
0303050071009201308
0303050080009201308
0303050098009201308
0303050101009201308
0303050110009201308
0303050128009201308
0303050128019201308
0303050152009201308
0303050160009201308
0303050179009201308
0303050187009201308
0303050195009201308
0303050209009201308
0303050217009201308
0303050225009201308
0303060018004201308
0303060026004201308
0303060026011201308
0303060034004201308
0303060042004201308
0303060042011201308
0303060050004201308
0303060069004201308
0303060077004201308
0303060085004201308
0303060093004201308
0303060093011201308
0303060107004201308
0303060107011201308
0303060115004201308
0303060123004201308
0303060131004201308
0303060140004201308
0303060158004201308
0303060166004201308
0303060174004201308
0303060182004201308
0303060182011201308
0303060190004201308
0303060204004201308
0303060212004201308
0303060220004201308
0303060239004201308
0303060247004201308
0303060255004201308
0303060263004201308
0303060271004201308
0303060280004201308
0303060280011201308
0303060298004201308
0303060301004201308
0303070064004201308
0303070072004201308
0303070080004201308
0303070099004201308
0303070102004201308
0303070110004201308
0303070129004201308
0303070137004201308
0303080043004201308
0303080051004201308
0303080051011201308
0303080060004201308
0303080078004201308
0303080086004201308
0303080094004201308
0303080108009201308
0303080116009201308
0303090014005201308
0303090022005201308
0303090049005201308
0303090138004201308
0303090197004201308
0303090235004201308
0303090316004201308
0303100010004201308
0303100028004201308
0303100036004201308
0303100044004201308
0303100052004201308
0303110015004201308
0303110023004201308
0303110031004201308
0303110040004201308
0303110058004201308
0303110066004201308
0303110074004201308
0303110082004201308
0303110090004201308
0303110104004201308
0303110112004201308
0303130016003201308
0303130016007201308
0303130016008201308
0303130024003201308
0303130024007201308
0303130024008201308
0303130032003201308
0303130032007201308
0303130032008201308
0303130040003201308
0303130040007201308
0303130040008201308
0303130059003201308
0303130059007201308
0303130059008201308
0303130067003201308
0303130067007201308
0303130067008201308
0303130075003201308
0303130075007201308
0303130075008201308
0303130083003201308
0303130083007201308
0303140020004201308
0303140038004201308
0303140046004201308
0303140046011201308
0303140054004201308
0303140054011201308
0303140062004201308
0303140070004201308
0303140089004201308
0303140089011201308
0303140097004201308
0303140100004201308
0303140119004201308
0303140127004201308
0303140135004201308
0303140135011201308
0303140143004201308
0303140151004201308
0303150017004201308
0303150025004201308
0303150033004201308
0303150041004201308
0303150050004201308
0303150068004201308
0303160012004201308
0303160020004201308
0303160039004201308
0303160047004201308
0303160055004201308
0303160063004201308
0303160071004201308
0303170093003201308
0303170093007201308
0303170093008201308
0303170093015201308
0303170107007201308
0303170131007201308
0303170140007201308
0303170140009201308
0303170158007201308
0303170158009201308
0303170166007201308
0303170166009201308
0303170174007201308
0303170174009201308
0303170182007201308
0303170182009201308
0303180013004201308
0303180013008201308
0303180030004201308
0303180048004201308
0303180056004201308
0303180064004201308
0303180072007201308
0303190019007201308
0303190019008201308
0304010014009201308
0304010014014201308
0304010014022201308
0304010022009201308
0304010022014201308
0304010022022201308
0304010030009201308
0304010049006201308
0304010057006201308
0304010065006201308
0304010073009201308
0304010073014201308
0304010073022201308
0304010090009201308
0304010090014201308
0304010090022201308
0304010103009201308
0304010111007201308
0304010120009201308
0304010120014201308
0304010120022201308
0304010138009201308
0304010138014201308
0304010138022201308
0304010146009201308
0304010146014201308
0304010146022201308
0304010162004201308
0304010162006201308
0304010170001201308
0304010219006201308
0304010219009201308
0304010219022201308
0304010235009201308
0304010235014201308
0304010235022201308
0304010243006201308
0304010243009201308
0304010243022201308
0304010260009201308
0304010260014201308
0304010260022201308
0304010286009201308
0304010286014201308
0304010286022201308
0304010294009201308
0304010294014201308
0304010294022201308
0304010324001201308
0304010324004201308
0304010324006201308
0304010332001201308
0304010332006201308
0304020010009201308
0304020010014201308
0304020010022201308
0304020028009201308
0304020028014201308
0304020028022201308
0304020036009201308
0304020036014201308
0304020036022201308
0304020044009201308
0304020044014201308
0304020044022201308
0304020052009201308
0304020052014201308
0304020052022201308
0304020060009201308
0304020060014201308
0304020060022201308
0304020079009201308
0304020079014201308
0304020079022201308
0304020087009201308
0304020087014201308
0304020087022201308
0304020095009201308
0304020095014201308
0304020095022201308
0304020109009201308
0304020109014201308
0304020109022201308
0304020117009201308
0304020117014201308
0304020117022201308
0304020125009201308
0304020125014201308
0304020125022201308
0304020133009201308
0304020133014201308
0304020133022201308
0304020141009201308
0304020141014201308
0304020141022201308
0304020150009201308
0304020150014201308
0304020150022201308
0304020168009201308
0304020168014201308
0304020176009201308
0304020176014201308
0304020176022201308
0304020184009201308
0304020184014201308
0304020184022201308
0304020192009201308
0304020192014201308
0304020192022201308
0304020206009201308
0304020206014201308
0304020206022201308
0304020214009201308
0304020214014201308
0304020214022201308
0304020222009201308
0304020222014201308
0304020222022201308
0304020230009201308
0304020230014201308
0304020230022201308
0304020249009201308
0304020249014201308
0304020249022201308
0304020257009201308
0304020257014201308
0304020257022201308
0304020265009201308
0304020265014201308
0304020265022201308
0304020273009201308
0304020273014201308
0304020273022201308
0304020281009201308
0304020281014201308
0304020281022201308
0304020290009201308
0304020290014201308
0304020290022201308
0304020303009201308
0304020303014201308
0304020303022201308
0304020311009201308
0304020311014201308
0304020311022201308
0304020320009201308
0304020320014201308
0304020320022201308
0304020338009201308
0304020338014201308
0304020338022201308
0304020346009201308
0304020346014201308
0304020346022201308
0304020362009201308
0304020362014201308
0304020362022201308
0304020370009201308
0304020370014201308
0304020370022201308
0304020389009201308
0304020389014201308
0304020389022201308
0304020397009201308
0304020397014201308
0304020397022201308
0304020400009201308
0304020400014201308
0304020400022201308
0304030015009201308
0304030015014201308
0304030015022201308
0304030023009201308
0304030023014201308
0304030023022201308
0304030031009201308
0304030031014201308
0304030031022201308
0304030040009201308
0304030040014201308
0304030040022201308
0304030058009201308
0304030058014201308
0304030058022201308
0304030066009201308
0304030066014201308
0304030066022201308
0304030074009201308
0304030074014201308
0304030074022201308
0304030082009201308
0304030082014201308
0304030082022201308
0304030090009201308
0304030090014201308
0304030090022201308
0304030104009201308
0304030104014201308
0304030104022201308
0304030112009201308
0304030112014201308
0304030112022201308
0304030120009201308
0304030120014201308
0304030120022201308
0304030139009201308
0304030139014201308
0304030139022201308
0304030147009201308
0304030147014201308
0304030147022201308
0304030155009201308
0304030155014201308
0304030155022201308
0304030163009201308
0304030163014201308
0304030163022201308
0304030171009201308
0304030171014201308
0304030171022201308
0304030180009201308
0304030180014201308
0304030180022201308
0304030198009201308
0304030198014201308
0304030198022201308
0304030201009201308
0304030201014201308
0304030201022201308
0304030210009201308
0304030210014201308
0304030210022201308
0304030228009201308
0304030228014201308
0304030228022201308
0304040010009201308
0304040010014201308
0304040010022201308
0304040029009201308
0304040029014201308
0304040029022201308
0304040045009201308
0304040045014201308
0304040045022201308
0304040053009201308
0304040053014201308
0304040053022201308
0304040061009201308
0304040061014201308
0304040061022201308
0304040070009201308
0304040070014201308
0304040070022201308
0304040088009201308
0304040088014201308
0304040088022201308
0304040096009201308
0304040096014201308
0304040096022201308
0304040100009201308
0304040100014201308
0304040100022201308
0304040118009201308
0304040118014201308
0304040118022201308
0304040126009201308
0304040126014201308
0304040126022201308
0304040134009201308
0304040134014201308
0304040134022201308
0304040142009201308
0304040142014201308
0304040142022201308
0304040150009201308
0304040150014201308
0304040150022201308
0304040169009201308
0304040169014201308
0304040169022201308
0304040177009201308
0304040177014201308
0304040177022201308
0304040185009201308
0304040185014201308
0304040185022201308
0304050016009201308
0304050016014201308
0304050016022201308
0304050024009201308
0304050024014201308
0304050024022201308
0304050032009201308
0304050032014201308
0304050032022201308
0304050040009201308
0304050040014201308
0304050040022201308
0304050067009201308
0304050067014201308
0304050067022201308
0304050075009201308
0304050075014201308
0304050075022201308
0304050113009201308
0304050113014201308
0304050113022201308
0304050121009201308
0304050121014201308
0304050121022201308
0304050130009201308
0304050130014201308
0304050130022201308
0304050164009201308
0304050164014201308
0304050164022201308
0304050172009201308
0304050172014201308
0304050172022201308
0304050180009201308
0304050180014201308
0304050180022201308
0304050202009201308
0304050202014201308
0304050202022201308
0304050210009201308
0304050210014201308
0304050210022201308
0304050229009201308
0304050229014201308
0304050229022201308
0304050253009201308
0304050253014201308
0304050253022201308
0304050261009201308
0304050261014201308
0304050261022201308
0304050270009201308
0304050270014201308
0304050270022201308
0304050288009201308
0304050288014201308
0304050288022201308
0304050296009201308
0304050296014201308
0304050296022201308
0304050300009201308
0304050300014201308
0304050300022201308
0304050318009201308
0304050318014201308
0304050318022201308
0304050326009201308
0304050326014201308
0304050326022201308
0304060011009201308
0304060011014201308
0304060011022201308
0304060038009201308
0304060038014201308
0304060038022201308
0304060046009201308
0304060046014201308
0304060046022201308
0304060070009201308
0304060070014201308
0304060070022201308
0304060089009201308
0304060089014201308
0304060089022201308
0304060097009201308
0304060097014201308
0304060097022201308
0304060100009201308
0304060100014201308
0304060100022201308
0304060119009201308
0304060119014201308
0304060119022201308
0304060127009201308
0304060127014201308
0304060127022201308
0304060135009201308
0304060135014201308
0304060135022201308
0304060151009201308
0304060151014201308
0304060151022201308
0304060160009201308
0304060160014201308
0304060160022201308
0304060178009201308
0304060178014201308
0304060178022201308
0304060186009201308
0304060186014201308
0304060186022201308
0304060208009201308
0304060208014201308
0304060208022201308
0304060216009201308
0304060216014201308
0304060216022201308
0304060224009201308
0304060224014201308
0304060224022201308
0304070017009201308
0304070017014201308
0304070017022201308
0304070025009201308
0304070025014201308
0304070025022201308
0304070033009201308
0304070033014201308
0304070033022201308
0304070041009201308
0304070041014201308
0304070041022201308
0304070050009201308
0304070050014201308
0304070050022201308
0304080020006201308
0304080039006201308
0304080039007201308
0304080047006201308
0304080055009201308
0304080055014201308
0304080055022201308
0304080063006201308
0304080071009201308
0304080071014201308
0304080071022201308
0304090018004201308
0304090018006201308
0304090026006201308
0304090034006201308
0304100013007201308
0304100021004201308
0305010026009201308
0305010026014201308
0305010026022201308
0305010107009201308
0305010107014201308
0305010107022201308
0305010115009201308
0305010115014201308
0305010115022201308
0305010131005201308
0305010166009201308
0305010166014201308
0305010166022201308
0305010174007201308
0305010182009201308
0305010182022201308
0305020013004201308
0305020021004201308
0305020030004201308
0305020030011201308
0305020048004201308
0305020056004201308
0307010015020201308
0307010023020201308
0307010031020201308
0307010040020201308
0307010058020201308
0307020037020201308
0307020045020201308
0307020053020201308
0307020061020201308
0307020070020201308
0307020088020201308
0307020096020201308
0307020100020201308
0307020118020201308
0307030016020201308
0307030024020201308
0307030032020201308
0308010019004201308
0308010019011201308
0308010027004201308
0308010027011201308
0308010035004201308
0308010043004201308
0308020022004201308
0308020022011201308
0308020030004201308
0308020030011201308
0308030010004201308
0308030010011201308
0308030028004201308
0308030028011201308
0308030036004201308
0308030036011201308
0308040015004201308
0308040015011201308
0308040023004201308
0309010039001201308
0309010055005201308
0309010080005201308
0309060036017201308
0310010020005201308
0310010039004201308
0310010039010201308
0310010047004201308
0310010047010201308
0310010055010201308
0401010066001201308
0401010074001201308
0401010082020201308
0401010090001201308
0401010104005201308
0401010112001201308
0401010120001201308
0401010139001201308
0401020010001201308
0401020010004201308
0401020010032201308
0401020010039201308
0401020029001201308
0401020029004201308
0401020029039201308
0401020037001201308
0401020037004201308
0401020037039201308
0401020045001201308
0401020045004201308
0401020045032201308
0401020053001201308
0401020053004201308
0401020061001201308
0401020061004201308
0401020061032201308
0401020070001201308
0401020070004201308
0401020070032201308
0401020088001201308
0401020088004201308
0401020088032201308
0401020096001201308
0401020096004201308
0401020096032201308
0401020100001201308
0401020100004201308
0401020100032201308
0401020118001201308
0401020118004201308
0401020118032201308
0401020126001201308
0401020126004201308
0401020134001201308
0401020142001201308
0401020142004201308
0401020142032201308
0401020150001201308
0401020150004201308
0401020150032201308
0401020169001201308
0401020169004201308
0401020169032201308
0402010019001201308
0402010019004201308
0402010019032201308
0402010027001201308
0402010027004201308
0402010027032201308
0402010035001201308
0402010035004201308
0402010035032201308
0402010043001201308
0402010043004201308
0402010043032201308
0402010051001201308
0402010051004201308
0402010051032201308
0402020014001201308
0402020014004201308
0402020014032201308
0402020022001201308
0402020022004201308
0402020022032201308
0403010012001201308
0403010012004201308
0403010012032201308
0403010020001201308
0403010020004201308
0403010039001201308
0403010039004201308
0403010047001201308
0403010047004201308
0403010055001201308
0403010055004201308
0403010063001201308
0403010063004201308
0403010071001201308
0403010071004201308
0403010080001201308
0403010080004201308
0403010098001201308
0403010098004201308
0403010101001201308
0403010101004201308
0403010110001201308
0403010110004201308
0403010128001201308
0403010128004201308
0403010136001201308
0403010136004201308
0403010144001201308
0403010144004201308
0403010152001201308
0403010152004201308
0403010152032201308
0403010160001201308
0403010160004201308
0403010160032201308
0403010179001201308
0403010179004201308
0403010179032201308
0403010187001201308
0403010187004201308
0403010187032201308
0403010195001201308
0403010195004201308
0403010209001201308
0403010209004201308
0403010209032201308
0403010217001201308
0403010217004201308
0403010225001201308
0403010225004201308
0403010233001201308
0403010233004201308
0403010241001201308
0403010241004201308
0403010250001201308
0403010250004201308
0403010268001201308
0403010268004201308
0403010276001201308
0403010276004201308
0403010284001201308
0403010284004201308
0403010292001201308
0403010292004201308
0403010306001201308
0403010306004201308
0403010314001201308
0403010314004201308
0403010322001201308
0403010322004201308
0403010322032201308
0403010330001201308
0403010330004201308
0403010349001201308
0403010349004201308
0403010357001201308
0403010357004201308
0403010365001201308
0403010365004201308
0403010365032201308
0403010390001201308
0403010390004201308
0403010390032201308
0403020018001201308
0403020018006201308
0403020026001201308
0403020026006201308
0403020026039201308
0403020034001201308
0403020034006201308
0403020042001201308
0403020042006201308
0403020050001201308
0403020050006201308
0403020069001201308
0403020069006201308
0403020077001201308
0403020077032201308
0403020085001201308
0403020085032201308
0403020093001201308
0403020107001201308
0403020107032201308
0403020115001201308
0403020123001201308
0403020123004201308
0403020123032201308
0403020131001201308
0403020131006201308
0403030013001201308
0403030013004201308
0403030021001201308
0403030021004201308
0403030030001201308
0403030030004201308
0403030048001201308
0403030048004201308
0403030056001201308
0403030056004201308
0403030056006201308
0403030064001201308
0403030064004201308
0403030064006201308
0403030080001201308
0403030080004201308
0403030080006201308
0403030099001201308
0403030099004201308
0403030099006201308
0403030102001201308
0403030102004201308
0403030102006201308
0403030110001201308
0403030110004201308
0403030129001201308
0403030129004201308
0403030129006201308
0403030137001201308
0403030137004201308
0403030137006201308
0403030145001201308
0403030145004201308
0403030153001201308
0403030153004201308
0403030153006201308
0403030161001201308
0403030161004201308
0403030170001201308
0403030170004201308
0403040019001201308
0403040019004201308
0403040019006201308
0403040027001201308
0403040027004201308
0403040027006201308
0403040051001201308
0403040051004201308
0403040051006201308
0403040060001201308
0403040060004201308
0403040060006201308
0403040078001201308
0403040078004201308
0403040078006201308
0403040086001201308
0403040086004201308
0403040086006201308
0403040094001201308
0403040094004201308
0403040094006201308
0403040108001201308
0403040108004201308
0403040108006201308
0403040116001201308
0403040116004201308
0403040116006201308
0403040124001201308
0403040124004201308
0403040124006201308
0403050014001201308
0403050022001201308
0403050030001201308
0403050030004201308
0403050030006201308
0403050049001201308
0403050049004201308
0403050049006201308
0403050057001201308
0403050057004201308
0403050057006201308
0403050065001201308
0403050065004201308
0403050065006201308
0403050073001201308
0403050073004201308
0403050073006201308
0403050081001201308
0403050090001201308
0403050090004201308
0403050090006201308
0403050103001201308
0403050103004201308
0403050103006201308
0403050111001201308
0403050111004201308
0403050111032201308
0403050120001201308
0403050120004201308
0403050120032201308
0403050138001201308
0403050138004201308
0403050138032201308
0403050146001201308
0403050146004201308
0403050146032201308
0403050154001201308
0403050154004201308
0403050154006201308
0403050162001201308
0403050162004201308
0403050162006201308
0403060010001201308
0403060010006201308
0403060028001201308
0403060028006201308
0403060036001201308
0403060036004201308
0403060036006201308
0403060044001201308
0403060044004201308
0403060044006201308
0403060052001201308
0403060052004201308
0403060052006201308
0403060060001201308
0403060060004201308
0403060060006201308
0403060079001201308
0403060079004201308
0403060079006201308
0403060087001201308
0403060087004201308
0403060087006201308
0403060095001201308
0403060095004201308
0403060095006201308
0403070015001201308
0403070015004201308
0403070015006201308
0403070040001201308
0403070040004201308
0403070040006201308
0403070058001201308
0403070058004201308
0403070058006201308
0403070082001201308
0403070082006201308
0403070090001201308
0403070090006201308
0403070104001201308
0403070104006201308
0403070112001201308
0403070112006201308
0403070120001201308
0403070120006201308
0403070139001201308
0403070139006201308
0403070147001201308
0403070147006201308
0403070155001201308
0403070155006201308
0403070163001201308
0403070163004201308
0403070163006201308
0403080010001201308
0403080010004201308
0403080010006201308
0403080029001201308
0403080029004201308
0403080029006201308
0403080037001201308
0403080037004201308
0403080037006201308
0403080045001201308
0403080045004201308
0403080045006201308
0403080053001201308
0403080053004201308
0403080053006201308
0403080061001201308
0403080061004201308
0403080061006201308
0403080070001201308
0403080070004201308
0403080070006201308
0403080088001201308
0403080088004201308
0403080088006201308
0403080096001201308
0403080096004201308
0403080096006201308
0403080100001201308
0403080100004201308
0403080100006201308
0404010016001201308
0404010016004201308
0404010016031201308
0404010024001201308
0404010024031201308
0404010032001201308
0404010032004201308
0404010032031201308
0404010040001201308
0404010040004201308
0404010040032201308
0404010059001201308
0404010059004201308
0404010059032201308
0404010067001201308
0404010067004201308
0404010067032201308
0404010083001201308
0404010083004201308
0404010083032201308
0404010105001201308
0404010105004201308
0404010105031201308
0404010113001201308
0404010113004201308
0404010113032201308
0404010121001201308
0404010121004201308
0404010121032201308
0404010130001201308
0404010130004201308
0404010130032201308
0404010148001201308
0404010148004201308
0404010164001201308
0404010164004201308
0404010164032201308
0404010172001201308
0404010172004201308
0404010172032201308
0404010180001201308
0404010180004201308
0404010180032201308
0404010199001201308
0404010199004201308
0404010199032201308
0404010202001201308
0404010202004201308
0404010210001201308
0404010210004201308
0404010210031201308
0404010229001201308
0404010229004201308
0404010229031201308
0404010237001201308
0404010237031201308
0404010288001201308
0404010288004201308
0404010288032201308
0404010318001201308
0404010326001201308
0404010326004201308
0404010326032201308
0404010334001201308
0404010334004201308
0404010334032201308
0404010350001201308
0404010350004201308
0404010350031201308
0404010377001201308
0404010377004201308
0404010377039201308
0404010385001201308
0404010385004201308
0404010385032201308
0404010407001201308
0404010407004201308
0404010407032201308
0404010415001201308
0404010415004201308
0404010415032201308
0404010423001201308
0404010423004201308
0404010431001201308
0404010431004201308
0404010431008201308
0404010458001201308
0404010458004201308
0404010458032201308
0404010466001201308
0404010466004201308
0404010466032201308
0404010474001201308
0404010474004201308
0404010474032201308
0404010482001201308
0404010482004201308
0404010482032201308
0404010490001201308
0404010490004201308
0404010490032201308
0404010504001201308
0404010504004201308
0404010504032201308
0404010512001201308
0404010512004201308
0404010512020201308
0404010512032201308
0404010520001201308
0404010520004201308
0404010520032201308
0404010539001201308
0404010539004201308
0404010539032201308
0404010547001201308
0404010547004201308
0404010547032201308
0404010555001201308
0404010555004201308
0404010555032201308
0404020011001201308
0404020011004201308
0404020011032201308
0404020038001201308
0404020038004201308
0404020038020201308
0404020038032201308
0404020046001201308
0404020046004201308
0404020046032201308
0404020054020201308
0404020062001201308
0404020062004201308
0404020062032201308
0404020070001201308
0404020070004201308
0404020070032201308
0404020089001201308
0404020089004201308
0404020089020201308
0404020089032201308
0404020097020201308
0404020100020201308
0404020119001201308
0404020119004201308
0404020119032201308
0404020135001201308
0404020135004201308
0404020135032201308
0404020143001201308
0404020143004201308
0404020143032201308
0404020178001201308
0404020178004201308
0404020178032201308
0404020208001201308
0404020208004201308
0404020208032201308
0404020224001201308
0404020224004201308
0404020232001201308
0404020232004201308
0404020232032201308
0404020240001201308
0404020240004201308
0404020275001201308
0404020275004201308
0404020275032201308
0404020291001201308
0404020291004201308
0404020291032201308
0404020313001201308
0404020313004201308
0404020313020201308
0404020321001201308
0404020321004201308
0404020321032201308
0404020348001201308
0404020348004201308
0404020348032201308
0404020356001201308
0404020356004201308
0404020356032201308
0404020380001201308
0404020380004201308
0404020380032201308
0404020399001201308
0404020399004201308
0404020399032201308
0404020429001201308
0404020429004201308
0404020445020201308
0404020453001201308
0404020453004201308
0404020461001201308
0404020461004201308
0404020470001201308
0404020470004201308
0404020470032201308
0404020488004201308
0404020488020201308
0404020488032201308
0404020496001201308
0404020496004201308
0404020500001201308
0404020500004201308
0404020518001201308
0404020518004201308
0404020526001201308
0404020526004201308
0404020534001201308
0404020534004201308
0404020542001201308
0404020542004201308
0404020569001201308
0404020569004201308
0404020569032201308
0404020577004201308
0404020577020201308
0404020577032201308
0404020585004201308
0404020593004201308
0404020607004201308
0404020615020201308
0404020623020201308
0404020631020201308
0404020640001201308
0404020640004201308
0404020658001201308
0404020658004201308
0404020658032201308
0404020666001201308
0404020666004201308
0404020674020201308
0404020690001201308
0404020690004201308
0404020704001201308
0404020704004201308
0404020712001201308
0404020712004201308
0404020720001201308
0404020720004201308
0404020739001201308
0404020739004201308
0404020771001201308
0404020771004201308
0404020771032201308
0404020780001201308
0404020780004201308
0404030017001201308
0404030017004201308
0404030033001201308
0404030033032201308
0404030041001201308
0404030041004201308
0404030050001201308
0404030068001201308
0404030068032201308
0404030076001201308
0404030076004201308
0404030076032201308
0404030084001201308
0404030084004201308
0404030084032201308
0404030106001201308
0404030106004201308
0404030122001201308
0404030122004201308
0404030130001201308
0404030130004201308
0404030157001201308
0404030157004201308
0404030165001201308
0404030165004201308
0404030165032201308
0404030173001201308
0404030173004201308
0404030173032201308
0404030190001201308
0404030190004201308
0404030190032201308
0404030220001201308
0404030220004201308
0404030246001201308
0404030246004201308
0404030254001201308
0404030254004201308
0404030262001201308
0404030262004201308
0404030270001201308
0404030270004201308
0404030289001201308
0404030289004201308
0404030297001201308
0404030297004201308
0404030300001201308
0404030300004201308
0404030319001201308
0404030319004201308
0404030319032201308
0404030327001201308
0404030327004201308
0405010010004201308
0405010010032201308
0405010028004201308
0405010028032201308
0405010036004201308
0405010036032201308
0405010052001201308
0405010060001201308
0405010079032201308
0405010087001201308
0405010087004201308
0405010087032201308
0405010117001201308
0405010117004201308
0405010117032201308
0405010125004201308
0405010125032201308
0405010133001201308
0405010133004201308
0405010150001201308
0405010150004201308
0405010176004201308
0405020015004201308
0405020015031201308
0405020023004201308
0405020023031201308
0405030010001201308
0405030010004201308
0405030010006201308
0405030010032201308
0405030029004201308
0405030029006201308
0405030029032201308
0405030045001201308
0405030045032201308
0405030053001201308
0405030070001201308
0405030070004201308
0405030070032201308
0405030096004201308
0405030118004201308
0405030126006201308
0405030134001201308
0405030134031201308
0405030142031201308
0405030150001201308
0405030169004201308
0405030177004201308
0405030185004201308
0405030185006201308
0405030185032201308
0405030193001201308
0405030193004201308
0405030193032201308
0405030207004201308
0405030207032201308
0405040016004201308
0405040016032201308
0405040024004201308
0405040024006201308
0405040040004201308
0405040059004201308
0405040067004201308
0405040067006201308
0405040067032201308
0405040075004201308
0405040083001201308
0405040083004201308
0405040083006201308
0405040091001201308
0405040091004201308
0405040091006201308
0405040105001201308
0405040105004201308
0405040105032201308
0405040130001201308
0405040148001201308
0405040148004201308
0405040148006201308
0405040156001201308
0405040156004201308
0405040164001201308
0405040164004201308
0405040180001201308
0405040180004201308
0405040180032201308
0405040202004201308
0405040202032201308
0405040210032201308
0405050011004201308
0405050011032201308
0405050020001201308
0405050020032201308
0405050046004201308
0405050046032201308
0405050054004201308
0405050054032201308
0405050089006201308
0405050097001201308
0405050097004201308
0405050097030201308
0405050100001201308
0405050100004201308
0405050100030201308
0405050119001201308
0405050119004201308
0405050119030201308
0405050127001201308
0405050127032201308
0405050135001201308
0405050135004201308
0405050135032201308
0405050143001201308
0405050143004201308
0405050143032201308
0405050151001201308
0405050151004201308
0405050151032201308
0405050160001201308
0405050186001201308
0405050186004201308
0405050186006201308
0405050194001201308
0405050194032201308
0405050216004201308
0405050216032201308
0405050224004201308
0405050224032201308
0405050232001201308
0405050232004201308
0405050259001201308
0405050267001201308
0405050313001201308
0405050313004201308
0405050321004201308
0405050321032201308
0405050356001201308
0405050356004201308
0405050356032201308
0405050372001201308
0405050372030201308
0405050380001201308
0405050380004201308
0405050399004201308
0406010013001201308
0406010013004201308
0406010013006201308
0406010013027201308
0406010021001201308
0406010021004201308
0406010021006201308
0406010021027201308
0406010030001201308
0406010030004201308
0406010030006201308
0406010030027201308
0406010048001201308
0406010048004201308
0406010048006201308
0406010048027201308
0406010056001201308
0406010056004201308
0406010056006201308
0406010056027201308
0406010064001201308
0406010064004201308
0406010064006201308
0406010064027201308
0406010072001201308
0406010072004201308
0406010072006201308
0406010072027201308
0406010080001201308
0406010080004201308
0406010080006201308
0406010080027201308
0406010099001201308
0406010099004201308
0406010099006201308
0406010099027201308
0406010102001201308
0406010102004201308
0406010110001201308
0406010110004201308
0406010137001201308
0406010137004201308
0406010137006201308
0406010153001201308
0406010153004201308
0406010153006201308
0406010153027201308
0406010161001201308
0406010161004201308
0406010161006201308
0406010161027201308
0406010170001201308
0406010170004201308
0406010170006201308
0406010170027201308
0406010188001201308
0406010188004201308
0406010188006201308
0406010188027201308
0406010196001201308
0406010196004201308
0406010196006201308
0406010196027201308
0406010200001201308
0406010200004201308
0406010200006201308
0406010200027201308
0406010218001201308
0406010218004201308
0406010218006201308
0406010218027201308
0406010226001201308
0406010226004201308
0406010226006201308
0406010226027201308
0406010234001201308
0406010234004201308
0406010234006201308
0406010234027201308
0406010242001201308
0406010242004201308
0406010242006201308
0406010242027201308
0406010250001201308
0406010250004201308
0406010250006201308
0406010250027201308
0406010269001201308
0406010269004201308
0406010269006201308
0406010269027201308
0406010277001201308
0406010277004201308
0406010277006201308
0406010277027201308
0406010285001201308
0406010285004201308
0406010285006201308
0406010285027201308
0406010293001201308
0406010293004201308
0406010293006201308
0406010293027201308
0406010307001201308
0406010307004201308
0406010307006201308
0406010307027201308
0406010315001201308
0406010315004201308
0406010315006201308
0406010315027201308
0406010323001201308
0406010323004201308
0406010323006201308
0406010323027201308
0406010331001201308
0406010331004201308
0406010331006201308
0406010331027201308
0406010340001201308
0406010340004201308
0406010340006201308
0406010340027201308
0406010358001201308
0406010358004201308
0406010358006201308
0406010358027201308
0406010366001201308
0406010366004201308
0406010366006201308
0406010366027201308
0406010374001201308
0406010374004201308
0406010374006201308
0406010374027201308
0406010382001201308
0406010382004201308
0406010382006201308
0406010382027201308
0406010390001201308
0406010390004201308
0406010390006201308
0406010390027201308
0406010404001201308
0406010404004201308
0406010404006201308
0406010404027201308
0406010412001201308
0406010412004201308
0406010412027201308
0406010412032201308
0406010420001201308
0406010420004201308
0406010420006201308
0406010420027201308
0406010439001201308
0406010439004201308
0406010439006201308
0406010439027201308
0406010447001201308
0406010447004201308
0406010447006201308
0406010447027201308
0406010455001201308
0406010455004201308
0406010455006201308
0406010455027201308
0406010463001201308
0406010463004201308
0406010463006201308
0406010463027201308
0406010471001201308
0406010471004201308
0406010471006201308
0406010471027201308
0406010480001201308
0406010480004201308
0406010480006201308
0406010480027201308
0406010498001201308
0406010498004201308
0406010498006201308
0406010498027201308
0406010501001201308
0406010501004201308
0406010501006201308
0406010501027201308
0406010510001201308
0406010510004201308
0406010510032201308
0406010528001201308
0406010528004201308
0406010528006201308
0406010536001201308
0406010536004201308
0406010536006201308
0406010536027201308
0406010544001201308
0406010544004201308
0406010544006201308
0406010544027201308
0406010552001201308
0406010552004201308
0406010552006201308
0406010560004201308
0406010560006201308
0406010579001201308
0406010579004201308
0406010587001201308
0406010587004201308
0406010587006201308
0406010595001201308
0406010595004201308
0406010609001201308
0406010609004201308
0406010617001201308
0406010617004201308
0406010625001201308
0406010625004201308
0406010625006201308
0406010633001201308
0406010633004201308
0406010633006201308
0406010641001201308
0406010641004201308
0406010641006201308
0406010650001201308
0406010650004201308
0406010650006201308
0406010668001201308
0406010668004201308
0406010668006201308
0406010676001201308
0406010676004201308
0406010676006201308
0406010684004201308
0406010692001201308
0406010692004201308
0406010692006201308
0406010706001201308
0406010706004201308
0406010714001201308
0406010714004201308
0406010714006201308
0406010730001201308
0406010730004201308
0406010730006201308
0406010730027201308
0406010757001201308
0406010757004201308
0406010757006201308
0406010765001201308
0406010765004201308
0406010765006201308
0406010773004201308
0406010781001201308
0406010781004201308
0406010781027201308
0406010790004201308
0406010803001201308
0406010803004201308
0406010803006201308
0406010811001201308
0406010811004201308
0406010811006201308
0406010820001201308
0406010820004201308
0406010820006201308
0406010838001201308
0406010838004201308
0406010838006201308
0406010846001201308
0406010846004201308
0406010846006201308
0406010854004201308
0406010862004201308
0406010862006201308
0406010870004201308
0406010889001201308
0406010889004201308
0406010889006201308
0406010897001201308
0406010897004201308
0406010897006201308
0406010897027201308
0406010900001201308
0406010900004201308
0406010900027201308
0406010919004201308
0406010919006201308
0406010927001201308
0406010927004201308
0406010927006201308
0406010935001201308
0406010935004201308
0406010943001201308
0406010943004201308
0406010943006201308
0406010951001201308
0406010951004201308
0406010951006201308
0406010960004201308
0406010978004201308
0406010986001201308
0406010986004201308
0406010986006201308
0406010994001201308
0406010994004201308
0406010994006201308
0406011001004201308
0406011010004201308
0406011028004201308
0406011036004201308
0406011044004201308
0406011052004201308
0406011079004201308
0406011087004201308
0406011095004201308
0406011109004201308
0406011109006201308
0406011117004201308
0406011125004201308
0406011125006201308
0406011133004201308
0406011133006201308
0406011141004201308
0406011150004201308
0406011168004201308
0406011176004201308
0406011184004201308
0406011192004201308
0406011206001201308
0406011206004201308
0406011206006201308
0406011214001201308
0406011214004201308
0406011214006201308
0406011214027201308
0406011222001201308
0406011222004201308
0406011222006201308
0406011222027201308
0406011230001201308
0406011230004201308
0406011230006201308
0406011249001201308
0406011249004201308
0406011249006201308
0406011257001201308
0406011257004201308
0406011257006201308
0406011257032201308
0406020019001201308
0406020019004201308
0406020019032201308
0406020027001201308
0406020027004201308
0406020035001201308
0406020035004201308
0406020035032201308
0406020043001201308
0406020043004201308
0406020051001201308
0406020051004201308
0406020051006201308
0406020078001201308
0406020078004201308
0406020078017201308
0406020108001201308
0406020108004201308
0406020108032201308
0406020116001201308
0406020116004201308
0406020116032201308
0406020124001201308
0406020124004201308
0406020159001201308
0406020167001201308
0406020167004201308
0406020167032201308
0406020191001201308
0406020191004201308
0406020191032201308
0406020205001201308
0406020213001201308
0406020213004201308
0406020213032201308
0406020221001201308
0406020221004201308
0406020221032201308
0406020230001201308
0406020230004201308
0406020230032201308
0406020248001201308
0406020248004201308
0406020248032201308
0406020256001201308
0406020256004201308
0406020256032201308
0406020264001201308
0406020264004201308
0406020264032201308
0406020272001201308
0406020272004201308
0406020272032201308
0406020280001201308
0406020280004201308
0406020280032201308
0406020302001201308
0406020302004201308
0406020302039201308
0406020310001201308
0406020310004201308
0406020329001201308
0406020329004201308
0406020337001201308
0406020337004201308
0406020345001201308
0406020345004201308
0406020353001201308
0406020353004201308
0406020361001201308
0406020361004201308
0406020370001201308
0406020370004201308
0406020388001201308
0406020388004201308
0406020396001201308
0406020396004201308
0406020400001201308
0406020400004201308
0406020418001201308
0406020418004201308
0406020426001201308
0406020426004201308
0406020434001201308
0406020434004201308
0406020442001201308
0406020442004201308
0406020450001201308
0406020450004201308
0406020469001201308
0406020469004201308
0406020477001201308
0406020477004201308
0406020485001201308
0406020485004201308
0406020493001201308
0406020493004201308
0406020493039201308
0406020507001201308
0406020507004201308
0406020515001201308
0406020515004201308
0406020523001201308
0406020523004201308
0406020531001201308
0406020531004201308
0406020540001201308
0406020540004201308
0406020558001201308
0406020558004201308
0406020566001201308
0406020566004201308
0406020566031201308
0406020574001201308
0406020574004201308
0406020574031201308
0406020582001201308
0406020582004201308
0406020582006201308
0406020590001201308
0406020590004201308
0406020590032201308
0406020604001201308
0406020604004201308
0406020612001201308
0406020612017201308
0406020620032201308
0406030014001201308
0406030014006201308
0406030022001201308
0406030022006201308
0406030030001201308
0406030030006201308
0406030049001201308
0406030049004201308
0406030049006201308
0406030057001201308
0406030057004201308
0406030057006201308
0406030065001201308
0406030065006201308
0406030073001201308
0406030073006201308
0406030081001201308
0406030081006201308
0406030090001201308
0406030090004201308
0406030090006201308
0406030103001201308
0406030103004201308
0406030103006201308
0406030111001201308
0406030111006201308
0406030120001201308
0406030120006201308
0406030138001201308
0406030138004201308
0406030138006201308
0406030146001201308
0406030146006201308
0406040010004201308
0406040028001201308
0406040028004201308
0406040028006201308
0406040044001201308
0406040044004201308
0406040044006201308
0406040052001201308
0406040052004201308
0406040052006201308
0406040060001201308
0406040060004201308
0406040060006201308
0406040079004201308
0406040087001201308
0406040087004201308
0406040087006201308
0406040095001201308
0406040095004201308
0406040095006201308
0406040109004201308
0406040109006201308
0406040117004201308
0406040125004201308
0406040125006201308
0406040133001201308
0406040133004201308
0406040133006201308
0406040141004201308
0406040141006201308
0406040150001201308
0406040150004201308
0406040150006201308
0406040168001201308
0406040168004201308
0406040168006201308
0406040176001201308
0406040176004201308
0406040176006201308
0406040184001201308
0406040184004201308
0406040192001201308
0406040192004201308
0406040206001201308
0406040206004201308
0406040214001201308
0406040214004201308
0406040222001201308
0406040222004201308
0406040230001201308
0406040230004201308
0406040249001201308
0406040249004201308
0406040257001201308
0406040257004201308
0406040265001201308
0406040265004201308
0406040265006201308
0406040273001201308
0406040273004201308
0406040281001201308
0406040281004201308
0406040290001201308
0406040290004201308
0406040303001201308
0406040303004201308
0406040311001201308
0406040311004201308
0406040320001201308
0406040320004201308
0406040338001201308
0406040338004201308
0406050015004201308
0406050015006201308
0406050023004201308
0406050023006201308
0406050031004201308
0406050031006201308
0406050040001201308
0406050040004201308
0406050040006201308
0406050058004201308
0406050058006201308
0406050066004201308
0406050066006201308
0406050074004201308
0406050074006201308
0406050082004201308
0406050082006201308
0406050090001201308
0406050090004201308
0406050104004201308
0406050104006201308
0406050112001201308
0406050112004201308
0406050112006201308
0406050120004201308
0406050120006201308
0406050139004201308
0406050139006201308
0407010017001201308
0407010017004201308
0407010033001201308
0407010033004201308
0407010033032201308
0407010041001201308
0407010041004201308
0407010041032201308
0407010050001201308
0407010050004201308
0407010050032201308
0407010068001201308
0407010068004201308
0407010068032201308
0407010076001201308
0407010076004201308
0407010076032201308
0407010084001201308
0407010084004201308
0407010084032201308
0407010092001201308
0407010092004201308
0407010106001201308
0407010106004201308
0407010114001201308
0407010114004201308
0407010114032201308
0407010122001201308
0407010122004201308
0407010122006201308
0407010122017201308
0407010130001201308
0407010130004201308
0407010130032201308
0407010149001201308
0407010149004201308
0407010149032201308
0407010157001201308
0407010157004201308
0407010157032201308
0407010165001201308
0407010165004201308
0407010165032201308
0407010173001201308
0407010173004201308
0407010173006201308
0407010173017201308
0407010181001201308
0407010181004201308
0407010181006201308
0407010181017201308
0407010190001201308
0407010190004201308
0407010203001201308
0407010203004201308
0407010211001201308
0407010211004201308
0407010211039201308
0407010220001201308
0407010220004201308
0407010220032201308
0407010238001201308
0407010238004201308
0407010238032201308
0407010270001201308
0407010270004201308
0407010289001201308
0407010289004201308
0407010289032201308
0407010297001201308
0407010297004201308
0407010297032201308
0407010300001201308
0407010300004201308
0407010300032201308
0407010319001201308
0407010335001201308
0407010335004201308
0407010335032201308
0407010343001201308
0407010343004201308
0407010343032201308
0407010351001201308
0407010351004201308
0407010351032201308
0407010360001201308
0407010360004201308
0407010360006201308
0407010360017201308
0407010378001201308
0407010378004201308
0407020012001201308
0407020012004201308
0407020012032201308
0407020020001201308
0407020020004201308
0407020020032201308
0407020039001201308
0407020039004201308
0407020039039201308
0407020047001201308
0407020047004201308
0407020055001201308
0407020063001201308
0407020063004201308
0407020071001201308
0407020071004201308
0407020071032201308
0407020080001201308
0407020080004201308
0407020098001201308
0407020098004201308
0407020101001201308
0407020101004201308
0407020101039201308
0407020110001201308
0407020110004201308
0407020110032201308
0407020136001201308
0407020136004201308
0407020136032201308
0407020144001201308
0407020144004201308
0407020144032201308
0407020152001201308
0407020152004201308
0407020152032201308
0407020179001201308
0407020179004201308
0407020187001201308
0407020187004201308
0407020195001201308
0407020195004201308
0407020195032201308
0407020209001201308
0407020209004201308
0407020217001201308
0407020217004201308
0407020217032201308
0407020225001201308
0407020225004201308
0407020225032201308
0407020233001201308
0407020233004201308
0407020233032201308
0407020241001201308
0407020241004201308
0407020241032201308
0407020250001201308
0407020250004201308
0407020250032201308
0407020268001201308
0407020268004201308
0407020268032201308
0407020276001201308
0407020276004201308
0407020276032201308
0407020284001201308
0407020284004201308
0407020284032201308
0407020292001201308
0407020292004201308
0407020306001201308
0407020306004201308
0407020306039201308
0407020322001201308
0407020322004201308
0407020322032201308
0407020330001201308
0407020330004201308
0407020349001201308
0407020349004201308
0407020349032201308
0407020357001201308
0407020357004201308
0407020357032201308
0407020365001201308
0407020365004201308
0407020381001201308
0407020381004201308
0407020403001201308
0407020403004201308
0407020403032201308
0407020411001201308
0407020411004201308
0407020420001201308
0407020420004201308
0407020420032201308
0407020438001201308
0407020438004201308
0407020438032201308
0407020446001201308
0407020446004201308
0407020446032201308
0407020454001201308
0407020454004201308
0407020454032201308
0407020462001201308
0407020462004201308
0407020462032201308
0407020470001201308
0407020470004201308
0407020470032201308
0407030018001201308
0407030018004201308
0407030018032201308
0407030026001201308
0407030026004201308
0407030026032201308
0407030026039201308
0407030034001201308
0407030034004201308
0407030034032201308
0407030042001201308
0407030042004201308
0407030042032201308
0407030050001201308
0407030050004201308
0407030050032201308
0407030069001201308
0407030069004201308
0407030069032201308
0407030077001201308
0407030077004201308
0407030077032201308
0407030123001201308
0407030123004201308
0407030123039201308
0407030131001201308
0407030131004201308
0407030140001201308
0407030140004201308
0407030158001201308
0407030158004201308
0407030166001201308
0407030166004201308
0407030166032201308
0407030174001201308
0407030174004201308
0407030174032201308
0407030182001201308
0407030182004201308
0407030182032201308
0407030190001201308
0407030190004201308
0407030190032201308
0407030204001201308
0407030204004201308
0407030204032201308
0407030212001201308
0407030212004201308
0407030212032201308
0407030220001201308
0407030220004201308
0407030220032201308
0407030247001201308
0407030247004201308
0407030247032201308
0407040013001201308
0407040013004201308
0407040013032201308
0407040021001201308
0407040021004201308
0407040021032201308
0407040030001201308
0407040030004201308
0407040030032201308
0407040048001201308
0407040048004201308
0407040048032201308
0407040056001201308
0407040056004201308
0407040056032201308
0407040064001201308
0407040064004201308
0407040064032201308
0407040072001201308
0407040072004201308
0407040072032201308
0407040080001201308
0407040080004201308
0407040080032201308
0407040099001201308
0407040099004201308
0407040099032201308
0407040102001201308
0407040102004201308
0407040102032201308
0407040110001201308
0407040110004201308
0407040110032201308
0407040129001201308
0407040129004201308
0407040129032201308
0407040137001201308
0407040137004201308
0407040137032201308
0407040145001201308
0407040145004201308
0407040153001201308
0407040153004201308
0407040153032201308
0407040161001201308
0407040161004201308
0407040161032201308
0407040170001201308
0407040170004201308
0407040170032201308
0407040188001201308
0407040188004201308
0407040188032201308
0407040200001201308
0407040200004201308
0407040200032201308
0407040226001201308
0407040226004201308
0407040226032201308
0407040234001201308
0407040234004201308
0407040234032201308
0407040242001201308
0407040242004201308
0407040250001201308
0407040250004201308
0407040269001201308
0407040269004201308
0407040269032201308
0408010010001201308
0408010010004201308
0408010010006201308
0408010029001201308
0408010029004201308
0408010037001201308
0408010037004201308
0408010037006201308
0408010045001201308
0408010045004201308
0408010053001201308
0408010053004201308
0408010053006201308
0408010061001201308
0408010061004201308
0408010070001201308
0408010070004201308
0408010088001201308
0408010088004201308
0408010088006201308
0408010096001201308
0408010096004201308
0408010100001201308
0408010100004201308
0408010118001201308
0408010118004201308
0408010118032201308
0408010134001201308
0408010134004201308
0408010142001201308
0408010142004201308
0408010142032201308
0408010150001201308
0408010150004201308
0408010169001201308
0408010169004201308
0408010177001201308
0408010177004201308
0408010185001201308
0408010185004201308
0408010193001201308
0408010193004201308
0408010207001201308
0408010207004201308
0408010215001201308
0408010215004201308
0408010215032201308
0408010223001201308
0408010223004201308
0408010223032201308
0408010231001201308
0408010231032201308
0408020016001201308
0408020016004201308
0408020024001201308
0408020024004201308
0408020032001201308
0408020032004201308
0408020032032201308
0408020040001201308
0408020040004201308
0408020040032201308
0408020059001201308
0408020059004201308
0408020067001201308
0408020067004201308
0408020067032201308
0408020075001201308
0408020075004201308
0408020083001201308
0408020083004201308
0408020083006201308
0408020091001201308
0408020091004201308
0408020105001201308
0408020105004201308
0408020105032201308
0408020121001201308
0408020121004201308
0408020130001201308
0408020130004201308
0408020148001201308
0408020148004201308
0408020156004201308
0408020164004201308
0408020164032201308
0408020172004201308
0408020172032201308
0408020180004201308
0408020180032201308
0408020199004201308
0408020199032201308
0408020202004201308
0408020210004201308
0408020210032201308
0408020229004201308
0408020229032201308
0408020237001201308
0408020237004201308
0408020237032201308
0408020245001201308
0408020245004201308
0408020245032201308
0408020253001201308
0408020253004201308
0408020261001201308
0408020261004201308
0408020270001201308
0408020270004201308
0408020288001201308
0408020288004201308
0408020288006201308
0408020296001201308
0408020296004201308
0408020296032201308
0408020300001201308
0408020300004201308
0408020300032201308
0408020318001201308
0408020318004201308
0408020318006201308
0408020326001201308
0408020326004201308
0408020326032201308
0408020334001201308
0408020334004201308
0408020342001201308
0408020342004201308
0408020350001201308
0408020350004201308
0408020369001201308
0408020369004201308
0408020377001201308
0408020377004201308
0408020385001201308
0408020385004201308
0408020393001201308
0408020393004201308
0408020407001201308
0408020407004201308
0408020415001201308
0408020415004201308
0408020423001201308
0408020423004201308
0408020431001201308
0408020431004201308
0408020440001201308
0408020440004201308
0408020458001201308
0408020458004201308
0408020466001201308
0408020466004201308
0408020474001201308
0408020474004201308
0408020482001201308
0408020482004201308
0408020490001201308
0408020490004201308
0408020504001201308
0408020504004201308
0408020512001201308
0408020512004201308
0408020520001201308
0408020520004201308
0408020539001201308
0408020539004201308
0408020539032201308
0408020547001201308
0408020547004201308
0408020555001201308
0408020555004201308
0408020555032201308
0408020563001201308
0408020563004201308
0408020563032201308
0408020571001201308
0408020571004201308
0408020571032201308
0408020580001201308
0408020580004201308
0408020580032201308
0408020598001201308
0408020598004201308
0408020598032201308
0408020601001201308
0408020601004201308
0408020601032201308
0408020610001201308
0408020610004201308
0408020610032201308
0408020628001201308
0408020628004201308
0408020628032201308
0408020636001201308
0408020636004201308
0408020636032201308
0408020644001201308
0408020644004201308
0408020644006201308
0408030011001201308
0408030011004201308
0408030011006201308
0408030020001201308
0408030020004201308
0408030020006201308
0408030038001201308
0408030038004201308
0408030038006201308
0408030046001201308
0408030046004201308
0408030046006201308
0408030054001201308
0408030054004201308
0408030054006201308
0408030062001201308
0408030062004201308
0408030062006201308
0408030070001201308
0408030070004201308
0408030070006201308
0408030089001201308
0408030089004201308
0408030089006201308
0408030097001201308
0408030097004201308
0408030097006201308
0408030100001201308
0408030100004201308
0408030100006201308
0408030119001201308
0408030119004201308
0408030119006201308
0408030127001201308
0408030127004201308
0408030127006201308
0408030135001201308
0408030135004201308
0408030135006201308
0408030143001201308
0408030143004201308
0408030143006201308
0408030151001201308
0408030151004201308
0408030151006201308
0408030160001201308
0408030160004201308
0408030160006201308
0408030178001201308
0408030178004201308
0408030178006201308
0408030186001201308
0408030186004201308
0408030186006201308
0408030194001201308
0408030194004201308
0408030194006201308
0408030208001201308
0408030208004201308
0408030208006201308
0408030216001201308
0408030216004201308
0408030216006201308
0408030224001201308
0408030224004201308
0408030224006201308
0408030232001201308
0408030232004201308
0408030232006201308
0408030240001201308
0408030240004201308
0408030240006201308
0408030259001201308
0408030259004201308
0408030259006201308
0408030267001201308
0408030267004201308
0408030267006201308
0408030275001201308
0408030275004201308
0408030275006201308
0408030283001201308
0408030283004201308
0408030283006201308
0408030291001201308
0408030291004201308
0408030291006201308
0408030305001201308
0408030305004201308
0408030305006201308
0408030313001201308
0408030313004201308
0408030313006201308
0408030321001201308
0408030321004201308
0408030321006201308
0408030330001201308
0408030330004201308
0408030330006201308
0408030348001201308
0408030348004201308
0408030348032201308
0408030356001201308
0408030356004201308
0408030356006201308
0408030364001201308
0408030364004201308
0408030364006201308
0408030372001201308
0408030372004201308
0408030372006201308
0408030380001201308
0408030380004201308
0408030380006201308
0408030399001201308
0408030399004201308
0408030399032201308
0408030402001201308
0408030402004201308
0408030402032201308
0408030410001201308
0408030410004201308
0408030410006201308
0408030429001201308
0408030429004201308
0408030429006201308
0408030437001201308
0408030437004201308
0408030437032201308
0408030445001201308
0408030445004201308
0408030445032201308
0408030453001201308
0408030453004201308
0408030453006201308
0408030461001201308
0408030461004201308
0408030461006201308
0408030470001201308
0408030470004201308
0408030470032201308
0408030500001201308
0408030500004201308
0408030500006201308
0408030518001201308
0408030518004201308
0408030518006201308
0408030526001201308
0408030526004201308
0408030526032201308
0408030534001201308
0408030534004201308
0408030542001201308
0408030542004201308
0408030550001201308
0408030550004201308
0408030550006201308
0408030569001201308
0408030569004201308
0408030569006201308
0408030577001201308
0408030577004201308
0408030577006201308
0408030585001201308
0408030585004201308
0408030585006201308
0408030593001201308
0408030593004201308
0408030593006201308
0408030607001201308
0408030607004201308
0408030615001201308
0408030615004201308
0408030615006201308
0408030623001201308
0408030623004201308
0408030623006201308
0408030631001201308
0408030631004201308
0408030631006201308
0408030640001201308
0408030640004201308
0408030640006201308
0408030658001201308
0408030658004201308
0408030658006201308
0408030666001201308
0408030666004201308
0408030666006201308
0408030674001201308
0408030674004201308
0408030674006201308
0408030682001201308
0408030682004201308
0408030682006201308
0408030690001201308
0408030690004201308
0408030690006201308
0408030704001201308
0408030704004201308
0408030704006201308
0408030712001201308
0408030712004201308
0408030712006201308
0408030720001201308
0408030720004201308
0408030720006201308
0408030739001201308
0408030739004201308
0408030739006201308
0408030747001201308
0408030747004201308
0408030747006201308
0408030755001201308
0408030755004201308
0408030755032201308
0408030763001201308
0408030763004201308
0408030763006201308
0408030771001201308
0408030771004201308
0408030771006201308
0408030780001201308
0408030780004201308
0408030780006201308
0408030798001201308
0408030798004201308
0408030798006201308
0408030801001201308
0408030801004201308
0408030801006201308
0408030810001201308
0408030810004201308
0408030810006201308
0408030828001201308
0408030828004201308
0408030828006201308
0408030836001201308
0408030836004201308
0408030836006201308
0408030844001201308
0408030844004201308
0408030844006201308
0408030852001201308
0408030852004201308
0408030852006201308
0408030860001201308
0408030860004201308
0408030860006201308
0408030879001201308
0408030879004201308
0408030879006201308
0408030887001201308
0408030887004201308
0408030887006201308
0408030895001201308
0408030895004201308
0408030895006201308
0408030909001201308
0408030909004201308
0408030909006201308
0408030917001201308
0408030917004201308
0408030917006201308
0408040017001201308
0408040025001201308
0408040025032201308
0408040033001201308
0408040033004201308
0408040041001201308
0408040041004201308
0408040041006201308
0408040050001201308
0408040050004201308
0408040050032201308
0408040068001201308
0408040068004201308
0408040068006201308
0408040076001201308
0408040076004201308
0408040076006201308
0408040076031201308
0408040084001201308
0408040084004201308
0408040084031201308
0408040092001201308
0408040092004201308
0408040092006201308
0408040092031201308
0408040106001201308
0408040106004201308
0408040114001201308
0408040114004201308
0408040114006201308
0408040122001201308
0408040122004201308
0408040122032201308
0408040130001201308
0408040130004201308
0408040130032201308
0408040149001201308
0408040149004201308
0408040149032201308
0408040157001201308
0408040157004201308
0408040157006201308
0408040165001201308
0408040165004201308
0408040165006201308
0408040173001201308
0408040173004201308
0408040173032201308
0408040181001201308
0408040181004201308
0408040181032201308
0408040190001201308
0408040190004201308
0408040203001201308
0408040203004201308
0408040203032201308
0408040211001201308
0408040220001201308
0408040220006201308
0408040238001201308
0408040238004201308
0408040238032201308
0408040246001201308
0408040246004201308
0408040254001201308
0408040254004201308
0408040254006201308
0408040262001201308
0408040262004201308
0408040270001201308
0408040270004201308
0408040289001201308
0408040289004201308
0408040289006201308
0408040297001201308
0408040297004201308
0408040300001201308
0408040300004201308
0408040319001201308
0408040319004201308
0408040319006201308
0408040327001201308
0408040327004201308
0408040335001201308
0408040335004201308
0408040343001201308
0408040343004201308
0408040343032201308
0408050012001201308
0408050012004201308
0408050020001201308
0408050020004201308
0408050039001201308
0408050039004201308
0408050039032201308
0408050047001201308
0408050047004201308
0408050047006201308
0408050055001201308
0408050055004201308
0408050055006201308
0408050055031201308
0408050063001201308
0408050063004201308
0408050063006201308
0408050063031201308
0408050071001201308
0408050071004201308
0408050071006201308
0408050080001201308
0408050080004201308
0408050101001201308
0408050101004201308
0408050110001201308
0408050110004201308
0408050110032201308
0408050128001201308
0408050128004201308
0408050128032201308
0408050136001201308
0408050136004201308
0408050144001201308
0408050144004201308
0408050152001201308
0408050152004201308
0408050152032201308
0408050160001201308
0408050160004201308
0408050160031201308
0408050179001201308
0408050179004201308
0408050179006201308
0408050179032201308
0408050187001201308
0408050187004201308
0408050187006201308
0408050195004201308
0408050195032201308
0408050209004201308
0408050209032201308
0408050217004201308
0408050217032201308
0408050225004201308
0408050225032201308
0408050233004201308
0408050241004201308
0408050241032201308
0408050250004201308
0408050250032201308
0408050268001201308
0408050268004201308
0408050268032201308
0408050276001201308
0408050276004201308
0408050276032201308
0408050284001201308
0408050284004201308
0408050284032201308
0408050292001201308
0408050292004201308
0408050292032201308
0408050306001201308
0408050306004201308
0408050314001201308
0408050314004201308
0408050322001201308
0408050322004201308
0408050330001201308
0408050330004201308
0408050330032201308
0408050349001201308
0408050349004201308
0408050349032201308
0408050357001201308
0408050357004201308
0408050357032201308
0408050365001201308
0408050365004201308
0408050365032201308
0408050373001201308
0408050373004201308
0408050373032201308
0408050381001201308
0408050381004201308
0408050381032201308
0408050390001201308
0408050390004201308
0408050390032201308
0408050403001201308
0408050403004201308
0408050411001201308
0408050411004201308
0408050420001201308
0408050420004201308
0408050438001201308
0408050438004201308
0408050446001201308
0408050446004201308
0408050446032201308
0408050454001201308
0408050454004201308
0408050462001201308
0408050462004201308
0408050470001201308
0408050470004201308
0408050489001201308
0408050489004201308
0408050497001201308
0408050497004201308
0408050500001201308
0408050500004201308
0408050519001201308
0408050519004201308
0408050527001201308
0408050527004201308
0408050535001201308
0408050535004201308
0408050543001201308
0408050543004201308
0408050551001201308
0408050551004201308
0408050560001201308
0408050560004201308
0408050578001201308
0408050578004201308
0408050586001201308
0408050586004201308
0408050594001201308
0408050594004201308
0408050608001201308
0408050608004201308
0408050616001201308
0408050616004201308
0408050624001201308
0408050624004201308
0408050632001201308
0408050632004201308
0408050640001201308
0408050640004201308
0408050659001201308
0408050659004201308
0408050659032201308
0408050667001201308
0408050667004201308
0408050675001201308
0408050675004201308
0408050675032201308
0408050683001201308
0408050683004201308
0408050691001201308
0408050691004201308
0408050705001201308
0408050705004201308
0408050713001201308
0408050713004201308
0408050721001201308
0408050721004201308
0408050721032201308
0408050730001201308
0408050730004201308
0408050730032201308
0408050748001201308
0408050748004201308
0408050748032201308
0408050756001201308
0408050756004201308
0408050756006201308
0408050764001201308
0408050764004201308
0408050764032201308
0408050772001201308
0408050772004201308
0408050772032201308
0408050780001201308
0408050780004201308
0408050780032201308
0408050799001201308
0408050799004201308
0408050799032201308
0408050802001201308
0408050802004201308
0408050802032201308
0408050810001201308
0408050810004201308
0408050810032201308
0408050829001201308
0408050829004201308
0408050829032201308
0408050837001201308
0408050837004201308
0408050837032201308
0408050845001201308
0408050845004201308
0408050845032201308
0408050853001201308
0408050853004201308
0408050853006201308
0408050861001201308
0408050861004201308
0408050861032201308
0408050870001201308
0408050870004201308
0408050870032201308
0408050888001201308
0408050888004201308
0408050888031201308
0408050896001201308
0408050896004201308
0408050896031201308
0408050900001201308
0408050900004201308
0408050900032201308
0408050918001201308
0408050918004201308
0408050918032201308
0408050926001201308
0408050926004201308
0408050926032201308
0408060018001201308
0408060018004201308
0408060018032201308
0408060026001201308
0408060026004201308
0408060026006201308
0408060034001201308
0408060034004201308
0408060034006201308
0408060042001201308
0408060042004201308
0408060050001201308
0408060050004201308
0408060050032201308
0408060069001201308
0408060069004201308
0408060069032201308
0408060077001201308
0408060077004201308
0408060077032201308
0408060085001201308
0408060085004201308
0408060085032201308
0408060093001201308
0408060093004201308
0408060093032201308
0408060107001201308
0408060107004201308
0408060107032201308
0408060115001201308
0408060115004201308
0408060115032201308
0408060123001201308
0408060123004201308
0408060123032201308
0408060131001201308
0408060131004201308
0408060131032201308
0408060140001201308
0408060140004201308
0408060140032201308
0408060158001201308
0408060158004201308
0408060158032201308
0408060166001201308
0408060166032201308
0408060174001201308
0408060174004201308
0408060182001201308
0408060182004201308
0408060182032201308
0408060190001201308
0408060190004201308
0408060190032201308
0408060204001201308
0408060204004201308
0408060204032201308
0408060212001201308
0408060212004201308
0408060212032201308
0408060239001201308
0408060239004201308
0408060239006201308
0408060247001201308
0408060247004201308
0408060255001201308
0408060255004201308
0408060255006201308
0408060263001201308
0408060263004201308
0408060263006201308
0408060271001201308
0408060271004201308
0408060280001201308
0408060280004201308
0408060298001201308
0408060298004201308
0408060298006201308
0408060301001201308
0408060301004201308
0408060301032201308
0408060310001201308
0408060310004201308
0408060310032201308
0408060328001201308
0408060328032201308
0408060336001201308
0408060336004201308
0408060336032201308
0408060344001201308
0408060344004201308
0408060344032201308
0408060352001201308
0408060352004201308
0408060352032201308
0408060360001201308
0408060360004201308
0408060360032201308
0408060379001201308
0408060379004201308
0408060379032201308
0408060387001201308
0408060387004201308
0408060387032201308
0408060395001201308
0408060395032201308
0408060409001201308
0408060409004201308
0408060409032201308
0408060417001201308
0408060417004201308
0408060417032201308
0408060425001201308
0408060425004201308
0408060425032201308
0408060433001201308
0408060433004201308
0408060433032201308
0408060441001201308
0408060441004201308
0408060441032201308
0408060450001201308
0408060450004201308
0408060468001201308
0408060468004201308
0408060468032201308
0408060476001201308
0408060476004201308
0408060484001201308
0408060484004201308
0408060492001201308
0408060492004201308
0408060492006201308
0408060506001201308
0408060506004201308
0408060506006201308
0408060514001201308
0408060514004201308
0408060514006201308
0408060522001201308
0408060522004201308
0408060522006201308
0408060530001201308
0408060530004201308
0408060530032201308
0408060549001201308
0408060549032201308
0408060557001201308
0408060557004201308
0408060557032201308
0408060565001201308
0408060565004201308
0408060565032201308
0408060573001201308
0408060573004201308
0408060573032201308
0408060581001201308
0408060581004201308
0408060581032201308
0408060590001201308
0408060590004201308
0408060590032201308
0408060603001201308
0408060603004201308
0408060603032201308
0408060611001201308
0408060611004201308
0408060611032201308
0408060620001201308
0408060620004201308
0408060620032201308
0408060638001201308
0408060638004201308
0408060646001201308
0408060646004201308
0408060646006201308
0408060662001201308
0408060662004201308
0408060670001201308
0408060670004201308
0408060670032201308
0408060697001201308
0408060697004201308
0408060700001201308
0408060700004201308
0408060700032201308
0409010014001201308
0409010014004201308
0409010014032201308
0409010022001201308
0409010022004201308
0409010030001201308
0409010030004201308
0409010049001201308
0409010049004201308
0409010049032201308
0409010057001201308
0409010057004201308
0409010065001201308
0409010065004201308
0409010073001201308
0409010073004201308
0409010073032201308
0409010081001201308
0409010081004201308
0409010090001201308
0409010090004201308
0409010103001201308
0409010111001201308
0409010120001201308
0409010120004201308
0409010120032201308
0409010138001201308
0409010138004201308
0409010138032201308
0409010146001201308
0409010146004201308
0409010146032201308
0409010154001201308
0409010162001201308
0409010170001201308
0409010170004201308
0409010170032201308
0409010189001201308
0409010189004201308
0409010189032201308
0409010197001201308
0409010197004201308
0409010197032201308
0409010200001201308
0409010200004201308
0409010219001201308
0409010219004201308
0409010227001201308
0409010227004201308
0409010227032201308
0409010235001201308
0409010235004201308
0409010235031201308
0409010243001201308
0409010243004201308
0409010243032201308
0409010251001201308
0409010251004201308
0409010260001201308
0409010260004201308
0409010278001201308
0409010286001201308
0409010286004201308
0409010286032201308
0409010294001201308
0409010294004201308
0409010294032201308
0409010308001201308
0409010308004201308
0409010308032201308
0409010316001201308
0409010316004201308
0409010316032201308
0409010324001201308
0409010324004201308
0409010324032201308
0409010332001201308
0409010332004201308
0409010340001201308
0409010340004201308
0409010340032201308
0409010367001201308
0409010367004201308
0409010367032201308
0409010375001201308
0409010375004201308
0409010375032201308
0409010383001201308
0409010383004201308
0409010383032201308
0409010391001201308
0409010391004201308
0409010391032201308
0409010405001201308
0409010405004201308
0409010405032201308
0409010413001201308
0409010413004201308
0409010413032201308
0409010421001201308
0409010430001201308
0409010430004201308
0409010430032201308
0409010448001201308
0409010456001201308
0409010456004201308
0409010456032201308
0409010464001201308
0409010464004201308
0409010464032201308
0409010472001201308
0409010472004201308
0409010472032201308
0409010480001201308
0409010480004201308
0409010480032201308
0409010499001201308
0409010499004201308
0409010499032201308
0409010502001201308
0409010502004201308
0409010502032201308
0409010510001201308
0409010510004201308
0409010510032201308
0409010529001201308
0409010529004201308
0409010529032201308
0409010537001201308
0409010537004201308
0409010537032201308
0409010545001201308
0409010545004201308
0409010545032201308
0409010553001201308
0409010553004201308
0409010553032201308
0409010561001201308
0409010561004201308
0409010561031201308
0409010570001201308
0409010570004201308
0409010570032201308
0409010588001201308
0409010588004201308
0409020010001201308
0409020010004201308
0409020010032201308
0409020028001201308
0409020028004201308
0409020044001201308
0409020044004201308
0409020044032201308
0409020052001201308
0409020052004201308
0409020052032201308
0409020060001201308
0409020079001201308
0409020079004201308
0409020079032201308
0409020087001201308
0409020087004201308
0409020087032201308
0409020095001201308
0409020095004201308
0409020095032201308
0409020109001201308
0409020109004201308
0409020109032201308
0409020117001201308
0409020125001201308
0409020125004201308
0409020125032201308
0409020133001201308
0409020133004201308
0409020133032201308
0409020141001201308
0409020141004201308
0409020141032201308
0409020150001201308
0409020150004201308
0409020168001201308
0409020168004201308
0409020168032201308
0409020168039201308
0409020176001201308
0409020176032201308
0409020184001201308
0409030015001201308
0409030015004201308
0409030015032201308
0409030023001201308
0409030023004201308
0409030023032201308
0409030031001201308
0409030031004201308
0409030031032201308
0409030040001201308
0409030040004201308
0409030040031201308
0409040010001201308
0409040010004201308
0409040010032201308
0409040037001201308
0409040037004201308
0409040037032201308
0409040045001201308
0409040045004201308
0409040045032201308
0409040053001201308
0409040053004201308
0409040053032201308
0409040070001201308
0409040070004201308
0409040070032201308
0409040088001201308
0409040088004201308
0409040088032201308
0409040096001201308
0409040096004201308
0409040100001201308
0409040118001201308
0409040118004201308
0409040118032201308
0409040126001201308
0409040126004201308
0409040126032201308
0409040134001201308
0409040134004201308
0409040134032201308
0409040142001201308
0409040142004201308
0409040142032201308
0409040142039201308
0409040150001201308
0409040150004201308
0409040150032201308
0409040169001201308
0409040169004201308
0409040177001201308
0409040177004201308
0409040177032201308
0409040185001201308
0409040185004201308
0409040193001201308
0409040193004201308
0409040207001201308
0409040207004201308
0409040215001201308
0409040215004201308
0409040215032201308
0409040223001201308
0409040223004201308
0409040231001201308
0409040231004201308
0409040231032201308
0409040240004201308
0409040240032201308
0409050016001201308
0409050016004201308
0409050024001201308
0409050024004201308
0409050024032201308
0409050032001201308
0409050032004201308
0409050032032201308
0409050040001201308
0409050040004201308
0409050040032201308
0409050059001201308
0409050067001201308
0409050075001201308
0409050075004201308
0409050083001201308
0409050083004201308
0409050083032201308
0409050091001201308
0409050091004201308
0409050091039201308
0409050105001201308
0409050105004201308
0409050113001201308
0409050113004201308
0409050113032201308
0409050121001201308
0409050121004201308
0409060011001201308
0409060011004201308
0409060011032201308
0409060020001201308
0409060020004201308
0409060020032201308
0409060038001201308
0409060038004201308
0409060038032201308
0409060046001201308
0409060046004201308
0409060046032201308
0409060054001201308
0409060054004201308
0409060062001201308
0409060070001201308
0409060089001201308
0409060097001201308
0409060100001201308
0409060100004201308
0409060100032201308
0409060119001201308
0409060119004201308
0409060119032201308
0409060127001201308
0409060127004201308
0409060127032201308
0409060135001201308
0409060135004201308
0409060135032201308
0409060143001201308
0409060143004201308
0409060143032201308
0409060151001201308
0409060151004201308
0409060151032201308
0409060160001201308
0409060160004201308
0409060178001201308
0409060178004201308
0409060178032201308
0409060186001201308
0409060186004201308
0409060186032201308
0409060194001201308
0409060194004201308
0409060194032201308
0409060208001201308
0409060208004201308
0409060208032201308
0409060216001201308
0409060216004201308
0409060216032201308
0409060216039201308
0409060224001201308
0409060224004201308
0409060224032201308
0409060232001201308
0409060232032201308
0409060240001201308
0409060240032201308
0409060259001201308
0409060259004201308
0409060259032201308
0409060267001201308
0409060267032201308
0409060275001201308
0409060275032201308
0409060283001201308
0409060283004201308
0409060283032201308
0409070017001201308
0409070017004201308
0409070017032201308
0409070025001201308
0409070025004201308
0409070033001201308
0409070033004201308
0409070041001201308
0409070041004201308
0409070050001201308
0409070050004201308
0409070050032201308
0409070068001201308
0409070068004201308
0409070068032201308
0409070076001201308
0409070076004201308
0409070084001201308
0409070084004201308
0409070084032201308
0409070092001201308
0409070106001201308
0409070106004201308
0409070114001201308
0409070114004201308
0409070130001201308
0409070149001201308
0409070149032201308
0409070157001201308
0409070157032201308
0409070173001201308
0409070190001201308
0409070190032201308
0409070203001201308
0409070203004201308
0409070211001201308
0409070211004201308
0409070220001201308
0409070238001201308
0409070238004201308
0409070238032201308
0409070246001201308
0409070246004201308
0409070246032201308
0409070254001201308
0409070254004201308
0409070254032201308
0409070262001201308
0409070262004201308
0409070262032201308
0409070270001201308
0409070270004201308
0409070270032201308
0409070289001201308
0409070289004201308
0409070297001201308
0409070297004201308
0409070297032201308
0409070300001201308
0409070300004201308
0410010014001201308
0410010014004201308
0410010014032201308
0410010057001201308
0410010057004201308
0410010065001201308
0410010065004201308
0410010065032201308
0410010073001201308
0410010073004201308
0410010073032201308
0410010073039201308
0410010081001201308
0410010081004201308
0410010090001201308
0410010090004201308
0410010090032201308
0410010090039201308
0410010111004201308
0410010111032201308
0410010120001201308
0410010120004201308
0410010120032201308
0410010138001201308
0410010138004201308
0410010138009201308
0410010146001201308
0410010146004201308
0410010146009201308
0410010154001201308
0410010154004201308
0410010154009201308
0410010162001201308
0410010162004201308
0410010162009201308
0410010170001201308
0410010170004201308
0410010170009201308
0410010189001201308
0410010189004201308
0411010018001201308
0411010026004201308
0411010026010201308
0411010034004201308
0411010034010201308
0411010042004201308
0411010042010201308
0411010050001201308
0411010050004201308
0411010077001201308
0411010077004201308
0411010085001201308
0411010085004201308
0411020013001201308
0411020013004201308
0411020021001201308
0411020021004201308
0411020030001201308
0411020030004201308
0411020030032201308
0411020048001201308
0411020048004201308
0411020056001201308
0411020056004201308
0412010011001201308
0412010011004201308
0412010020001201308
0412010020004201308
0412010038001201308
0412010038004201308
0412010046001201308
0412010046004201308
0412010070001201308
0412010070004201308
0412010089001201308
0412010089004201308
0412010097001201308
0412010097004201308
0412010100001201308
0412010100004201308
0412010119001201308
0412010119004201308
0412010119032201308
0412010127001201308
0412010127039201308
0412010135001201308
0412010135004201308
0412010143001201308
0412010143004201308
0412020017001201308
0412020017004201308
0412020025001201308
0412020025004201308
0412020033001201308
0412020033004201308
0412020050001201308
0412020050004201308
0412020068001201308
0412020068004201308
0412020068032201308
0412020076001201308
0412020076004201308
0412020084001201308
0412020084004201308
0412030012001201308
0412030012004201308
0412030012032201308
0412030047001201308
0412030047004201308
0412030047032201308
0412030080001201308
0412030080004201308
0412030098001201308
0412030098004201308
0412030098032201308
0412030101001201308
0412030101004201308
0412030101032201308
0412030110001201308
0412030110004201308
0412030110032201308
0412030110039201308
0412040018001201308
0412040018004201308
0412040018032201308
0412040026001201308
0412040026004201308
0412040034001201308
0412040034004201308
0412040042001201308
0412040042004201308
0412040050001201308
0412040050004201308
0412040069001201308
0412040069004201308
0412040069032201308
0412040085001201308
0412040085004201308
0412040107001201308
0412040107004201308
0412040115001201308
0412040115004201308
0412040123001201308
0412040123004201308
0412040131001201308
0412040131004201308
0412040158001201308
0412040158004201308
0412040166004201308
0412040174001201308
0412040174004201308
0412040174006201308
0412040182001201308
0412040182004201308
0412040190001201308
0412040190004201308
0412040190032201308
0412040204001201308
0412040204004201308
0412040212001201308
0412040212004201308
0412040212032201308
0412040220001201308
0412040220004201308
0412040220032201308
0412050013001201308
0412050013004201308
0412050013032201308
0412050030001201308
0412050030004201308
0412050030032201308
0412050048001201308
0412050048004201308
0412050064001201308
0412050064004201308
0412050072001201308
0412050072004201308
0412050080001201308
0412050080004201308
0412050102001201308
0412050102004201308
0412050102032201308
0412050110001201308
0412050110004201308
0412050110032201308
0412050137001201308
0412050137004201308
0412050145001201308
0412050145004201308
0412050153001201308
0412050153004201308
0412050161001201308
0412050161004201308
0413010066004201308
0413010082004201308
0413010090001201308
0413010090004201308
0413030016001201308
0413030016004201308
0413030024001201308
0413030024004201308
0413030032001201308
0413030032004201308
0413030040001201308
0413030040009201308
0413030059001201308
0413030059004201308
0413030067001201308
0413030067004201308
0413030075001201308
0413030075004201308
0413030083001201308
0413030083004201308
0413040020001201308
0413040020004201308
0413040038001201308
0413040038004201308
0413040046001201308
0413040046004201308
0413040054001201308
0413040054004201308
0413040054006201308
0413040062001201308
0413040062004201308
0413040062006201308
0413040070001201308
0413040070004201308
0413040070006201308
0413040089001201308
0413040089004201308
0413040089006201308
0413040097001201308
0413040097004201308
0413040100001201308
0413040100004201308
0413040119001201308
0413040119004201308
0413040127001201308
0413040127004201308
0413040135001201308
0413040135004201308
0413040143001201308
0413040143004201308
0413040143039201308
0413040151001201308
0413040151004201308
0413040160001201308
0413040160004201308
0413040178001201308
0413040178004201308
0413040186001201308
0413040186004201308
0413040194001201308
0413040194004201308
0413040208001201308
0413040208004201308
0413040208032201308
0413040216001201308
0413040216004201308
0413040224001201308
0413040224004201308
0413040232001201308
0413040232004201308
0413040240001201308
0413040240004201308
0413040259001201308
0413040259004201308
0413040259006201308
0414010027001201308
0414010027004201308
0414010027006201308
0414010035001201308
0414010035006201308
0414010256001201308
0414010256004201308
0414010256020201308
0414010256032201308
0414010272001201308
0414010272004201308
0414010272032201308
0414010329001201308
0414010329004201308
0414010329032201308
0414010345004201308
0414010345020201308
0414010345032201308
0414010361020201308
0414010388020201308
0414020022020201308
0414020030020201308
0414020049020201308
0414020057020201308
0414020065020201308
0414020073020201308
0414020081020201308
0414020090020201308
0414020120020201308
0414020138020201308
0414020146020201308
0414020154020201308
0414020162020201308
0414020170020201308
0414020200020201308
0414020219020201308
0414020243020201308
0414020278020201308
0414020294020201308
0414020359020201308
0414020367020201308
0414020375020201308
0414020383020201308
0414020405020201308
0414020413001201308
0414020413032201308
0415010012004201308
0415010012008201308
0415020018004201308
0415020018006201308
0415020018008201308
0415020018009201308
0415020026004201308
0415020026006201308
0415020026008201308
0415020034001201308
0415020034004201308
0415020034008201308
0415020042004201308
0415020042006201308
0415020042008201308
0415020050001201308
0415020050004201308
0415020050006201308
0415020050008201308
0415030013004201308
0415030013008201308
0415040027001201308
0415040027004201308
0415040035001201308
0415040035004201308
0416010016001201308
0416010016004201308
0416010016006201308
0416010024001201308
0416010024004201308
0416010024006201308
0416010032001201308
0416010032004201308
0416010032006201308
0416010040001201308
0416010040004201308
0416010040006201308
0416010075001201308
0416010075004201308
0416010075006201308
0416010091001201308
0416010091004201308
0416010091006201308
0416010113001201308
0416010113004201308
0416010113006201308
0416010121001201308
0416010121004201308
0416010121006201308
0416010130001201308
0416010130004201308
0416010130006201308
0416010164001201308
0416010164004201308
0416010164006201308
0416010172001201308
0416010172004201308
0416010180001201308
0416010180004201308
0416010180006201308
0416010199001201308
0416010199004201308
0416010199006201308
0416010202001201308
0416010202004201308
0416010202006201308
0416010210001201308
0416010210004201308
0416010210006201308
0416010229001201308
0416010229004201308
0416010229006201308
0416020020001201308
0416020020004201308
0416020020006201308
0416020151001201308
0416020151004201308
0416020151006201308
0416020160001201308
0416020160004201308
0416020160006201308
0416020178001201308
0416020178004201308
0416020178006201308
0416020186001201308
0416020186004201308
0416020186006201308
0416020194001201308
0416020194004201308
0416020194006201308
0416020208001201308
0416020208004201308
0416020208006201308
0416020216001201308
0416020216004201308
0416020216006201308
0416020224001201308
0416020224004201308
0416020224006201308
0416020232001201308
0416020232004201308
0416020232006201308
0416020240001201308
0416020240004201308
0416020240006201308
0416020259001201308
0416020259004201308
0416020259006201308
0416030017001201308
0416030017004201308
0416030025001201308
0416030025004201308
0416030025006201308
0416030033001201308
0416030033004201308
0416030033006201308
0416030041001201308
0416030041004201308
0416030041006201308
0416030068001201308
0416030068004201308
0416030068006201308
0416030076001201308
0416030076004201308
0416030076006201308
0416030084001201308
0416030084004201308
0416030084006201308
0416030092001201308
0416030092004201308
0416030092006201308
0416030149001201308
0416030149004201308
0416030149006201308
0416030157001201308
0416030157004201308
0416030157006201308
0416030165001201308
0416030165004201308
0416030165006201308
0416030173001201308
0416030173004201308
0416030173006201308
0416030181001201308
0416030181004201308
0416030181006201308
0416030190001201308
0416030190004201308
0416030190006201308
0416030203001201308
0416030203004201308
0416030203006201308
0416030211001201308
0416030211004201308
0416030211006201308
0416030220001201308
0416030220004201308
0416030220006201308
0416030238001201308
0416030238004201308
0416030238006201308
0416030246001201308
0416030246004201308
0416030246006201308
0416030254001201308
0416030254004201308
0416030254006201308
0416030262001201308
0416030262004201308
0416030262006201308
0416030270001201308
0416030270004201308
0416030270006201308
0416030289001201308
0416030289004201308
0416030289006201308
0416030297001201308
0416030297004201308
0416030297006201308
0416030300001201308
0416030300004201308
0416030300006201308
0416030319001201308
0416030319004201308
0416030319006201308
0416030327001201308
0416030327004201308
0416030327006201308
0416030335001201308
0416030335004201308
0416030335006201308
0416030343001201308
0416030343004201308
0416030343006201308
0416030351001201308
0416030351004201308
0416030351006201308
0416030360001201308
0416030360004201308
0416030360006201308
0416040012001201308
0416040012004201308
0416040012006201308
0416040020001201308
0416040020004201308
0416040020006201308
0416040039001201308
0416040039004201308
0416040039006201308
0416040047001201308
0416040047004201308
0416040047006201308
0416040055001201308
0416040055004201308
0416040055006201308
0416040071001201308
0416040071004201308
0416040071006201308
0416040101001201308
0416040101004201308
0416040101006201308
0416040110001201308
0416040110004201308
0416040110006201308
0416040128001201308
0416040128004201308
0416040128006201308
0416040144001201308
0416040144004201308
0416040144006201308
0416040179001201308
0416040179004201308
0416040187001201308
0416040187004201308
0416040195001201308
0416040195004201308
0416040209001201308
0416040209004201308
0416040209006201308
0416040217001201308
0416040217004201308
0416040217006201308
0416040225001201308
0416040225004201308
0416040225006201308
0416040233001201308
0416040233004201308
0416040233006201308
0416040241001201308
0416040241004201308
0416040241006201308
0416040250001201308
0416040250004201308
0416040250006201308
0416040268001201308
0416040268004201308
0416040268006201308
0416040276001201308
0416040276004201308
0416040276006201308
0416050018001201308
0416050018004201308
0416050018006201308
0416050026001201308
0416050026004201308
0416050026006201308
0416050034001201308
0416050034004201308
0416050034006201308
0416050050001201308
0416050050004201308
0416050050006201308
0416050077001201308
0416050077004201308
0416050077006201308
0416050093001201308
0416050093004201308
0416050093006201308
0416050107001201308
0416050107004201308
0416050107006201308
0416050115001201308
0416050115004201308
0416050115006201308
0416060013001201308
0416060013004201308
0416060013006201308
0416060021001201308
0416060021004201308
0416060021006201308
0416060030001201308
0416060030004201308
0416060030006201308
0416060056001201308
0416060056004201308
0416060056006201308
0416060064001201308
0416060064004201308
0416060064006201308
0416060080001201308
0416060080004201308
0416060080006201308
0416060099001201308
0416060099004201308
0416060099006201308
0416060102001201308
0416060102004201308
0416060102006201308
0416060110001201308
0416060110004201308
0416060110006201308
0416060129001201308
0416060129004201308
0416060129006201308
0416080014001201308
0416080014004201308
0416080030001201308
0416080030004201308
0416080030006201308
0416080081001201308
0416080081004201308
0416080081006201308
0416080090001201308
0416080090004201308
0416080090006201308
0416080111001201308
0416080111004201308
0416080111006201308
0416080120001201308
0416080120004201308
0416080120006201308
0416090010001201308
0416090010004201308
0416090010006201308
0416090028001201308
0416090028004201308
0416090028006201308
0416090036001201308
0416090036006201308
0416090079001201308
0416090079004201308
0416090079006201308
0416090109001201308
0416090109004201308
0416090109006201308
0416090117001201308
0416090117004201308
0416090117006201308
0416090125001201308
0416090125004201308
0416090125006201308
0416090133001201308
0416090133004201308
0416090133006201308
0416110010001201308
0416110010006201308
0416110029001201308
0416110029006201308
0416110037001201308
0416110037004201308
0416110037006201308
0416110045001201308
0416110045006201308
0416110053001201308
0416110053004201308
0416110053006201308
0416110061001201308
0416110061004201308
0416110061006201308
0416110070001201308
0416110070004201308
0416110070006201308
0416110088001201308
0416110088004201308
0416110088006201308
0416120024001201308
0416120024004201308
0416120024006201308
0416120032001201308
0416120032004201308
0416120032006201308
0416120040001201308
0416120040004201308
0416120040006201308
0416120059001201308
0416120059004201308
0417010044005201308
0417010052005201308
0417010060005201308
0418010013001201308
0418010013009201308
0418010013022201308
0418010021001201308
0418010021009201308
0418010021022201308
0418010030001201308
0418010030009201308
0418010030022201308
0418010048001201308
0418010048009201308
0418010048022201308
0418010064001201308
0418010080001201308
0418010080009201308
0418010080022201308
0418010099001201308
0418020019001201308
0418020019009201308
0418020019022201308
0418020027001201308
0418020027009201308
0418020035001201308
0501030069001201308
0501030069004201308
0501040021034201308
0501040064034201308
0501060057026201308
0503010014008201308
0503010014011201308
0503010014034201308
0503010022008201308
0503010022034201308
0503020010001201308
0503020010004201308
0503020028001201308
0503020028004201308
0503030058013201308
0504010026034201308
0504020013013201308
0504020021013201308
0504020030013201308
0504020048013201308
0504020056013201308
0504030019013201308
0504030027013201308
0504040014034201308
0504040022034201308
0505010011004201308
0505010011009201308
0505010020004201308
0505010020009201308
0505010038004201308
0505010038009201308
0505010046004201308
0505010046009201308
0505010054004201308
0505010054009201308
0505010062004201308
0505010062009201308
0505010070004201308
0505010070009201308
0505010089004201308
0505010089009201308
0505010097001201308
0505010100001201308
0505010119001201308
0505010127001201308
0505020041001201308
0505020041009201308
0505020050001201308
0505020050009201308
0505020068001201308
0505020068009201308
0505020076001201308
0505020076009201308
0505020084001201308
0505020084009201308
0505020092001201308
0505020106001201308
0505020114001201308
0505020114009201308
0505020122001201308
0505020122009201308
0506010015009201308
0506010015014201308
0506010023009201308
0506010023014201308
0506010031014201308
0506020010007201308
0506020029007201308
0506020037007201308
0506020045007201308
0506020053007201308
0506020061007201308
0506020070007201308
0506020088007201308
0506020096007201308
0506020100007201308
0506020118007201308
0604010010009201308
0604010010014201308
0604010010022201308
0604010028009201308
0604010028014201308
0604010028022201308
0604010036009201308
0604010036014201308
0604010036022201308
0604010044009201308
0604010044014201308
0604010044022201308
0604010052009201308
0604010052014201308
0604010052022201308
0604010060009201308
0604010060014201308
0604010060022201308
0604010079009201308
0604010079014201308
0604010079022201308
0604010087009201308
0604010087014201308
0604010087022201308
0604010095009201308
0604010095014201308
0604010095022201308
0604020015009201308
0604020015014201308
0604020015022201308
0604020023009201308
0604020023014201308
0604020023022201308
0604020031009201308
0604020031014201308
0604020031022201308
0604020040009201308
0604020040014201308
0604020040022201308
0604020058009201308
0604020058014201308
0604020058022201308
0604030010009201308
0604030010014201308
0604030010022201308
0604030029009201308
0604030029014201308
0604030029022201308
0604030037009201308
0604030037014201308
0604030037022201308
0604030045009201308
0604030045014201308
0604030045022201308
0604030053009201308
0604030053014201308
0604030053022201308
0604030061009201308
0604030061014201308
0604030061022201308
0604040016009201308
0604040016014201308
0604040016022201308
0604040024009201308
0604040024014201308
0604040024022201308
0604040032009201308
0604040032014201308
0604040032022201308
0604040040009201308
0604040040014201308
0604040040022201308
0604040059009201308
0604040059014201308
0604040059022201308
0604040067009201308
0604040067014201308
0604040067022201308
0604040075009201308
0604040075014201308
0604040075022201308
0604040083009201308
0604040083014201308
0604040083022201308
0604040091009201308
0604040091014201308
0604040091022201308
0604050011009201308
0604050011014201308
0604050011022201308
0604050020009201308
0604050020014201308
0604050020022201308
0604050038009201308
0604050038014201308
0604050038022201308
0604050046009201308
0604050046014201308
0604050046022201308
0604050054009201308
0604050054014201308
0604050054022201308
0604050062009201308
0604050062014201308
0604050062022201308
0604050070009201308
0604050070014201308
0604050070022201308
0604050089009201308
0604050089014201308
0604050089022201308
0604050097009201308
0604050097014201308
0604050097022201308
0604050100009201308
0604050100014201308
0604050100022201308
0604050119009201308
0604050119014201308
0604050119022201308
0604060017009201308
0604060017014201308
0604060017022201308
0604060025009201308
0604060025014201308
0604060025022201308
0604070012009201308
0604070012014201308
0604070012022201308
0604080018009201308
0604080018014201308
0604080018022201308
0604080026009201308
0604080026014201308
0604080026022201308
0604090013009201308
0604090013014201308
0604090013022201308
0604100019009201308
0604100019014201308
0604100019022201308
0604110014009201308
0604110014014201308
0604110014022201308
0604110022009201308
0604110022014201308
0604110022022201308
0604110030009201308
0604110030014201308
0604110030022201308
0604110049009201308
0604110049014201308
0604110049022201308
0604110057009201308
0604110057014201308
0604110057022201308
0604110065009201308
0604110065014201308
0604110065022201308
0604120010009201308
0604120010014201308
0604120010022201308
0604130015009201308
0604130015014201308
0604130015022201308
0604130023009201308
0604130023014201308
0604130023022201308
0604130031009201308
0604130031014201308
0604130031022201308
0604130040009201308
0604130040014201308
0604130040022201308
0604130058009201308
0604130058014201308
0604130058022201308
0604130066009201308
0604130066014201308
0604130066022201308
0604130074009201308
0604130074014201308
0604130074022201308
0604130082009201308
0604130082014201308
0604130082022201308
0604130090009201308
0604130090014201308
0604130090022201308
0604130104009201308
0604130104014201308
0604130104022201308
0604130112009201308
0604130112014201308
0604130112022201308
0604140010009201308
0604140010014201308
0604140010022201308
0604140029009201308
0604140029014201308
0604140029022201308
0604140037009201308
0604140037014201308
0604140037022201308
0604150016009201308
0604150016014201308
0604150016022201308
0604150024009201308
0604150024014201308
0604150024022201308
0604160011009201308
0604160011014201308
0604160011022201308
0604160020009201308
0604160020014201308
0604160020022201308
0604160038009201308
0604160038014201308
0604160038022201308
0604160046009201308
0604160046014201308
0604160046022201308
0604160054009201308
0604160054014201308
0604160054022201308
0604170017009201308
0604170017014201308
0604170017022201308
0604170025009201308
0604170025014201308
0604170025022201308
0604170033009201308
0604170033014201308
0604170033022201308
0604170041009201308
0604170041014201308
0604170041022201308
0604170050009201308
0604170050014201308
0604170050022201308
0604180012009201308
0604180012014201308
0604180012022201308
0604180020009201308
0604180020014201308
0604180020022201308
0604190018009201308
0604190018014201308
0604190018022201308
0604200013009201308
0604200013014201308
0604200013022201308
0604210019009201308
0604210019014201308
0604210019022201308
0604210027009201308
0604210027014201308
0604210027022201308
0604220014009201308
0604220014014201308
0604220014022201308
0604230010009201308
0604230010014201308
0604230010022201308
0604230028009201308
0604230028014201308
0604230028022201308
0604230036009201308
0604230036014201308
0604230036022201308
0604230044009201308
0604230044014201308
0604230044022201308
0604230052009201308
0604230052014201308
0604230052022201308
0604230060009201308
0604230060014201308
0604230060022201308
0604230079009201308
0604230079014201308
0604230079022201308
0604230087009201308
0604230087014201308
0604230087022201308
0604240015009201308
0604240015014201308
0604240015022201308
0604240023009201308
0604240023014201308
0604240023022201308
0604240031009201308
0604240031014201308
0604240031022201308
0604240040009201308
0604240040014201308
0604240040022201308
0604240058009201308
0604240058014201308
0604240058022201308
0604250010009201308
0604250010014201308
0604250010022201308
0604250029009201308
0604250029014201308
0604250029022201308
0604260016009201308
0604260016014201308
0604260016022201308
0604270011009201308
0604270011014201308
0604270011022201308
0604270020009201308
0604270020014201308
0604270020022201308
0604270038009201308
0604270038014201308
0604270038022201308
0604270046009201308
0604270046014201308
0604270046022201308
0604270054009201308
0604270054014201308
0604270054022201308
0604270062009201308
0604270062014201308
0604270062022201308
0604270070009201308
0604270070014201308
0604270070022201308
0604270089009201308
0604270089014201308
0604270089022201308
0604270097009201308
0604270097014201308
0604270097022201308
0604270100009201308
0604270100014201308
0604270100022201308
0604270119009201308
0604270119014201308
0604270119022201308
0604280017009201308
0604280017014201308
0604280017022201308
0604280025009201308
0604280025014201308
0604280025022201308
0604280033009201308
0604280033014201308
0604280033022201308
0604280041009201308
0604280041014201308
0604280041022201308
0604280050009201308
0604280050014201308
0604280050022201308
0604280068009201308
0604280068014201308
0604280068022201308
0604280076009201308
0604280076014201308
0604280076022201308
0604280084009201308
0604280084014201308
0604280084022201308
0604280092009201308
0604280092014201308
0604280092022201308
0604280106009201308
0604280106014201308
0604280106022201308
0604290012009201308
0604290012014201308
0604290012022201308
0604290020009201308
0604290020014201308
0604290020022201308
0604290039009201308
0604290039014201308
0604290039022201308
0604290047009201308
0604290047014201308
0604290047022201308
0604290055009201308
0604290055014201308
0604290055022201308
0604290063009201308
0604290063014201308
0604290063022201308
0604290071009201308
0604290071014201308
0604290071022201308
0604290080009201308
0604290080014201308
0604290080022201308
0604300018009201308
0604300018014201308
0604300018022201308
0604300026009201308
0604300026014201308
0604300026022201308
0604300034009201308
0604300034014201308
0604300034022201308
0604310013009201308
0604310013014201308
0604310013022201308
0604310021009201308
0604310021014201308
0604310021022201308
0604310030009201308
0604310030014201308
0604310030022201308
0604310048009201308
0604310048014201308
0604310048022201308
0604310056009201308
0604310056014201308
0604310056022201308
0604310064009201308
0604310064014201308
0604310064022201308
0604320019009201308
0604320019014201308
0604320019022201308
0604320027009201308
0604320027014201308
0604320027022201308
0604320035009201308
0604320035014201308
0604320035022201308
0604320043009201308
0604320043014201308
0604320043022201308
0604320051009201308
0604320051014201308
0604320051022201308
0604320060009201308
0604320060014201308
0604320060022201308
0604320078009201308
0604320078014201308
0604320078022201308
0604320086009201308
0604320086014201308
0604320086022201308
0604320094009201308
0604320094014201308
0604320094022201308
0604320108009201308
0604320108014201308
0604320108022201308
0604320116009201308
0604320116014201308
0604320116022201308
0604320124009201308
0604320124014201308
0604320124022201308
0604330014009201308
0604330014014201308
0604330014022201308
0604330022009201308
0604330022014201308
0604330022022201308
0604340010009201308
0604340010014201308
0604340010022201308
0604340028009201308
0604340028014201308
0604340028022201308
0604340036009201308
0604340036014201308
0604340036022201308
0604340044009201308
0604340044014201308
0604340044022201308
0604340052009201308
0604340052014201308
0604340052022201308
0604340060009201308
0604340060014201308
0604340060022201308
0604340079009201308
0604340079014201308
0604340079022201308
0604350015009201308
0604350015014201308
0604350015022201308
0604350023009201308
0604350023014201308
0604350023022201308
0604350031009201308
0604350031014201308
0604350031022201308
0604360010009201308
0604360010014201308
0604360010022201308
0604360029009201308
0604360029014201308
0604360029022201308
0604360037009201308
0604360037014201308
0604360037022201308
0604360045009201308
0604360045014201308
0604360045022201308
0604360053009201308
0604360053014201308
0604360053022201308
0604360061009201308
0604360061014201308
0604360061022201308
0604360070009201308
0604360070014201308
0604360070022201308
0604360088009201308
0604360088014201308
0604360088022201308
0604360096009201308
0604360096014201308
0604360096022201308
0604360100009201308
0604360100014201308
0604360100022201308
0604360118009201308
0604360118014201308
0604360118022201308
0604360126009201308
0604360126014201308
0604360126022201308
0604370016009201308
0604370016014201308
0604370016022201308
0604370024009201308
0604370024014201308
0604370024022201308
0604380011009201308
0604380011014201308
0604380011022201308
0604380020009201308
0604380020014201308
0604380020022201308
0604380038009201308
0604380038014201308
0604380038022201308
0604380046009201308
0604380046014201308
0604380046022201308
0604380054009201308
0604380054014201308
0604380054022201308
0604380062009201308
0604380062014201308
0604380062022201308
0604380070009201308
0604380070014201308
0604380070022201308
0604380089009201308
0604380089014201308
0604380089022201308
0604390017009201308
0604390017014201308
0604390017022201308
0604390025009201308
0604390025014201308
0604390025022201308
0604390033009201308
0604390033014201308
0604390033022201308
0604390041009201308
0604390041014201308
0604390041022201308
0604390050009201308
0604390050014201308
0604390050022201308
0604390068009201308
0604390068014201308
0604390068022201308
0604390076009201308
0604390076014201308
0604390076022201308
0604390084009201308
0604390084014201308
0604390084022201308
0604390092009201308
0604390092014201308
0604390092022201308
0604390106009201308
0604390106014201308
0604390106022201308
0604390114009201308
0604390114014201308
0604390114022201308
0604400012009201308
0604400012014201308
0604400012022201308
0604410018009201308
0604410018014201308
0604410018022201308
0604410026009201308
0604410026014201308
0604410026022201308
0604410034009201308
0604410034014201308
0604410034022201308
0604420013009201308
0604420013014201308
0604420013022201308
0604430019009201308
0604430019014201308
0604430019022201308
0604440014009201308
0604440014014201308
0604440014022201308
0604450010009201308
0604450010014201308
0604450010022201308
0604460015009201308
0604460015014201308
0604460015022201308
0604460023009201308
0604460023014201308
0604460023022201308
0604460031009201308
0604460031014201308
0604460031022201308
0604460040009201308
0604460040014201308
0604460040022201308
0604460058009201308
0604460058014201308
0604460058022201308
0604460066009201308
0604460066014201308
0604470010009201308
0604470010014201308
0604470010022201308
0604470029009201308
0604470029014201308
0604470029022201308
0604470037009201308
0604470037014201308
0604470037022201308
0604470045009201308
0604470045014201308
0604470045022201308
0604470053009201308
0604470053014201308
0604470053022201308
0604480016009201308
0604480016014201308
0604480016022201308
0604490011009201308
0604490011014201308
0604490011022201308
0604490020009201308
0604490020014201308
0604490020022201308
0604500017009201308
0604500017014201308
0604500017022201308
0604500025009201308
0604500025014201308
0604500025022201308
0604500033009201308
0604500033014201308
0604500033022201308
0604500041009201308
0604500041014201308
0604500041022201308
0604500050009201308
0604500050014201308
0604500050022201308
0604500068009201308
0604500068014201308
0604500068022201308
0604500076009201308
0604500076014201308
0604500076022201308
0604500084009201308
0604500084014201308
0604500084022201308
0604510012009201308
0604510012014201308
0604510012022201308
0604510020009201308
0604510020014201308
0604510020022201308
0604510039009201308
0604510039014201308
0604510039022201308
0604520018009201308
0604520018014201308
0604520018022201308
0604530013009201308
0604530013014201308
0604530013022201308
0604530021009201308
0604530021014201308
0604530021022201308
0604530030009201308
0604530030014201308
0604530030022201308
0604530048009201308
0604530048014201308
0604530048022201308
0604540019009201308
0604540019014201308
0604540019022201308
0604550014009201308
0604550014014201308
0604550014022201308
0604550022009201308
0604550022014201308
0604550022022201308
0604560010009201308
0604560010014201308
0604560010022201308
0604570015009201308
0604570015014201308
0604570015022201308
0604570023009201308
0604570023014201308
0604570023022201308
0604570031009201308
0604570031014201308
0604570031022201308
0604580010009201308
0604580010014201308
0604580010022201308
0604580029009201308
0604580029014201308
0604580029022201308
0604580037009201308
0604580037014201308
0604580037022201308
0604580045009201308
0604580045014201308
0604580045022201308
0604580053009201308
0604580053014201308
0604580053022201308
0604580061009201308
0604580061014201308
0604580061022201308
0604590016009201308
0604590016014201308
0604590016022201308
0604590024009201308
0604590024014201308
0604590024022201308
0604600011009201308
0604600011014201308
0604600011022201308
0604600020009201308
0604600020014201308
0604600020022201308
0604610017009201308
0604610017014201308
0604610017022201308
0604610025009201308
0604610025014201308
0604610025022201308
0604620012009201308
0604620012014201308
0604620012022201308
0604620020009201308
0604620020014201308
0604620020022201308
0604620039009201308
0604620039014201308
0604620039022201308
0604620047009201308
0604620047014201308
0604620047022201308
0604630018009201308
0604630018014201308
0604630018022201308
0604640013009201308
0604640013014201308
0604640013022201308
0604640021009201308
0604640021014201308
0604640021022201308
0604650019009201308
0604650019014201308
0604650019022201308
0604650027009201308
0604650027014201308
0604650027022201308
0604650035009201308
0604650035014201308
0604650035022201308
0604660014009201308
0604660014014201308
0604660014022201308
0604660022009201308
0604660022014201308
0604660022022201308
0604660030009201308
0604660030014201308
0604660030022201308
0604670010009201308
0604670010014201308
0604670010022201308
0604680023009201308
0604680023014201308
0604680023022201308
0604690010009201308
0604690010014201308
0604690010022201308
0604700016009201308
0604700016014201308
0604700016022201308
0604710011009201308
0604710011014201308
0604710011022201308
0604710020009201308
0604710020014201308
0604710020022201308
0604720017009201308
0604720017014201308
0604720017022201308
0604720025009201308
0604720025014201308
0604720025022201308
0604730012009201308
0604730012014201308
0604730012022201308
0604740018009201308
0604740018014201308
0604740018022201308
0701010185037201308
0701010193037201308
0701010207009201308
0701010215009201308
0701010223009201308
0701010231009201308
0701010240009201308
0701010258009201308
0701010266009201308
0701010274009201308
0701010282009201308
0701010290009201308
0701010304009201308
0701010312009201308
0701010320009201308
0701010339009201308
0701020571037201308
0701020580037201308
0701030305037201308
0701030321009201308
0701040076009201308
0701040076019201308
0701040084009201308
0701040084019201308
0701040149037201308
0701040157037201308
0801010012024201308
0801010020024201308
0801010047005201308
