0101010010223204201308
0101010010223208201308
0101010010223212201308
0101010010223216201308
0101010010223220201308
0101010010223224201308
0101010010223228201308
0101010010223232201308
0101010010223236201308
0101010010223240201308
0101010010223244201308
0101010010223248201308
0101010010223252201308
0101010010223256201308
0101010010223260201308
0101010010223264201308
0101010010223268201308
0101010010223272201308
0101010010223288201308
0101010010223293201308
0101010010223305201308
0101010010223405201308
0101010010223415201308
0101010010223505201308
0101010010223545201308
0101010010223555201308
0101010010223560201308
0101010010223565201308
0101010010223605201308
0101010010223650201308
0101010010223710201308
0101010010223810201308
01010100102241E1201308
0101010010225105201308
0101010010225124201308
0101010010225125201308
0101010010225139201308
0101010010225142201308
0101010010225195201308
0101010010225250201308
0101010010226305201308
0101010010234410201308
0101010010239415201308
0101010010251510201308
0101010010251555201308
0101010010251605201308
0101010010322205201308
0101010010322230201308
0101010010322245201308
0101010010322250201308
0101010010322405201308
0101010010322415201308
0101010010322425201308
0101010010322430201308
0101010010352210201308
0101010010515105201308
0101010010515120201308
0101010010515125201308
0101010010515130201308
01010100282231F9201308
0101010028223204201308
0101010028223208201308
0101010028223212201308
0101010028223216201308
0101010028223220201308
0101010028223224201308
0101010028223228201308
0101010028223232201308
0101010028223236201308
0101010028223240201308
0101010028223244201308
0101010028223248201308
0101010028223252201308
0101010028223256201308
0101010028223260201308
0101010028223264201308
0101010028223268201308
0101010028223272201308
0101010028223288201308
0101010028223293201308
0101010028223405201308
0101010028223505201308
0101010028223520201308
0101010028223530201308
0101010028223550201308
0101010028223605201308
0101010028223710201308
0101010028223810201308
0101010028223905201308
01010100282241E1201308
0101010028225103201308
0101010028225105201308
0101010028225109201308
0101010028225110201308
0101010028225112201308
0101010028225115201308
0101010028225118201308
0101010028225120201308
0101010028225121201308
0101010028225124201308
0101010028225125201308
0101010028225127201308
0101010028225133201308
0101010028225135201308
0101010028225136201308
0101010028225139201308
0101010028225140201308
0101010028225155201308
0101010028225160201308
0101010028225165201308
0101010028225170201308
0101010028225175201308
0101010028225180201308
0101010028225185201308
0101010028225195201308
0101010028225210201308
0101010028225215201308
0101010028225220201308
0101010028225225201308
0101010028225230201308
0101010028225235201308
0101010028225240201308
0101010028225250201308
0101010028225255201308
0101010028225260201308
0101010028225265201308
0101010028225270201308
0101010028225275201308
0101010028225280201308
0101010028225285201308
0101010028225330201308
0101010028225335201308
0101010028225340201308
0101010028225350201308
0101010028226305201308
0101010028232120201308
0101010028234410201308
0101010028239415201308
0101010028251505201308
0101010028251510201308
0101010028251605201308
0101010036223505201308
0101010036223560201308
0101010036223565201308
0101010036223605201308
0101010036223650201308
0101010036223810201308
0101010036223905201308
0101010036224105201308
0101010036224125201308
01010100362241E1201308
0101010036225105201308
0101010036225124201308
0101010036225125201308
0101010036225139201308
0101010036225142201308
0101010036225160201308
0101010036225170201308
0101010036225180201308
0101010036225195201308
0101010036225275201308
0101010036226305201308
0101010036234410201308
0101010036251515201308
0101010036251555201308
0101010036322205201308
0101010036322230201308
0101010036322245201308
0101010036322250201308
0101010044221205201308
01010100442231F8201308
0101010044223505201308
0101010044223525201308
0101010044223555201308
0101010044223565201308
0101010044223605201308
0101010044223625201308
0101010044223630201308
0101010044223635201308
0101010044223640201308
0101010044223645201308
0101010044223650201308
0101010044223655201308
0101010044223660201308
01010100442236I1201308
0101010044223710201308
0101010044223810201308
0101010044223905201308
0101010044224105201308
0101010044224125201308
01010100442241E1201308
0101010044225105201308
0101010044225124201308
0101010044225125201308
0101010044225130201308
0101010044225139201308
0101010044225140201308
0101010044225142201308
0101010044225160201308
0101010044225170201308
0101010044225180201308
0101010044225185201308
0101010044225195201308
0101010044225250201308
0101010044225340201308
0101010044234410201308
0101010044251505201308
0101010044251510201308
0101010044251515201308
0101010044251530201308
0101010044251540201308
0101010044251555201308
0101010044251605201308
0101010044322205201308
0101010044322210201308
0101010044322230201308
0101010044322245201308
0101010044322250201308
0101010044352210201308
0101010044515105201308
0101010044515110201308
0101010044515120201308
0101010044516220201308
0101020015223204201308
0101020015223208201308
0101020015223212201308
0101020015223216201308
0101020015223220201308
0101020015223224201308
0101020015223228201308
0101020015223232201308
0101020015223236201308
0101020015223240201308
0101020015223244201308
0101020015223248201308
0101020015223252201308
0101020015223256201308
0101020015223260201308
0101020015223264201308
0101020015223268201308
0101020015223272201308
0101020015223288201308
0101020015223293201308
0101020015322405201308
0101020015322415201308
0101020015322425201308
0101020015322430201308
0101020023223204201308
0101020023223208201308
0101020023223212201308
0101020023223216201308
0101020023223220201308
0101020023223224201308
0101020023223228201308
0101020023223232201308
0101020023223236201308
0101020023223240201308
0101020023223244201308
0101020023223248201308
0101020023223252201308
0101020023223256201308
0101020023223260201308
0101020023223264201308
0101020023223268201308
0101020023223272201308
0101020023223288201308
0101020023223293201308
0101020023322405201308
0101020023322415201308
0101020023322425201308
0101020023322430201308
0101020031223204201308
0101020031223208201308
0101020031223212201308
0101020031223216201308
0101020031223220201308
0101020031223224201308
0101020031223228201308
0101020031223232201308
0101020031223236201308
0101020031223240201308
0101020031223244201308
0101020031223248201308
0101020031223252201308
0101020031223256201308
0101020031223260201308
0101020031223264201308
0101020031223268201308
0101020031223272201308
0101020031223288201308
0101020031223293201308
0101020031322405201308
0101020031322415201308
0101020031322425201308
0101020031322430201308
0101020031515105201308
0101020040223204201308
0101020040223208201308
0101020040223212201308
0101020040223216201308
0101020040223220201308
0101020040223224201308
0101020040223228201308
0101020040223232201308
0101020040223236201308
0101020040223240201308
0101020040223244201308
0101020040223248201308
0101020040223252201308
0101020040223256201308
0101020040223260201308
0101020040223264201308
0101020040223268201308
0101020040223272201308
0101020040223288201308
0101020040223293201308
0101020058223204201308
0101020058223208201308
0101020058223212201308
0101020058223216201308
0101020058223220201308
0101020058223224201308
0101020058223228201308
0101020058223232201308
0101020058223236201308
0101020058223240201308
0101020058223244201308
0101020058223248201308
0101020058223252201308
0101020058223256201308
0101020058223260201308
0101020058223264201308
0101020058223268201308
0101020058223272201308
0101020058223288201308
0101020058223293201308
0101020058322405201308
0101020058322425201308
0101020066223204201308
0101020066223208201308
0101020066223212201308
0101020066223216201308
0101020066223220201308
0101020066223224201308
0101020066223228201308
0101020066223232201308
0101020066223236201308
0101020066223240201308
0101020066223244201308
0101020066223248201308
0101020066223252201308
0101020066223256201308
0101020066223260201308
0101020066223264201308
0101020066223268201308
0101020066223272201308
0101020066223276201308
0101020066223280201308
0101020066223284201308
0101020066223288201308
0101020066223293201308
0101020066322405201308
0101020066322425201308
0101020074223204201308
0101020074223208201308
0101020074223212201308
0101020074223216201308
0101020074223220201308
0101020074223224201308
0101020074223228201308
0101020074223232201308
0101020074223236201308
0101020074223240201308
0101020074223244201308
0101020074223248201308
0101020074223252201308
0101020074223256201308
0101020074223260201308
0101020074223264201308
0101020074223268201308
0101020074223272201308
0101020074223276201308
0101020074223280201308
0101020074223284201308
0101020074223288201308
0101020074223293201308
0101020074322405201308
0101020074322425201308
0101020082223204201308
0101020082223208201308
0101020082223212201308
0101020082223216201308
0101020082223220201308
0101020082223224201308
0101020082223228201308
0101020082223232201308
0101020082223236201308
0101020082223240201308
0101020082223244201308
0101020082223248201308
0101020082223252201308
0101020082223256201308
0101020082223260201308
0101020082223264201308
0101020082223268201308
0101020082223272201308
0101020082223288201308
0101020082223293201308
0101020082322405201308
0101020082322425201308
0101020090223204201308
0101020090223208201308
0101020090223212201308
0101020090223216201308
0101020090223220201308
0101020090223224201308
0101020090223228201308
0101020090223232201308
0101020090223236201308
0101020090223240201308
0101020090223244201308
0101020090223248201308
0101020090223252201308
0101020090223256201308
0101020090223260201308
0101020090223264201308
0101020090223268201308
0101020090223272201308
0101020090223276201308
0101020090223280201308
0101020090223284201308
0101020090223288201308
0101020090223293201308
0101030010226305201308
0101030010322205201308
0101030010322230201308
0101030010322245201308
0101030010322250201308
0101030010322405201308
0101030010322415201308
0101030010322425201308
0101030010322430201308
0101030010352210201308
0101030010515105201308
0101030010515125201308
0101030029223208201308
0101030029223228201308
0101030029223236201308
0101030029223240201308
0101030029223264201308
0101030029223268201308
0101030029223272201308
0101030029223288201308
0101030029223293201308
0101030029223505201308
0101030029223530201308
0101030029223550201308
0101030029223560201308
0101030029223565201308
0101030029223605201308
0101030029223710201308
0101030029223810201308
0101030029223905201308
01010300292241E1201308
0101030029225120201308
0101030029225124201308
0101030029225125201308
0101030029225140201308
0101030029225142201308
0101030029225160201308
0101030029225170201308
0101030029225180201308
0101030029225275201308
0101030029226305201308
0101030029234410201308
0101030029239415201308
0101030029251510201308
0101030029251520201308
0101030029251540201308
0101030029251545201308
0101030029251605201308
0101040016223505201308
0101040016223545201308
0101040016223555201308
0101040016223560201308
0101040016223565201308
0101040016223710201308
0101040016225124201308
0101040016225125201308
0101040016225142201308
0101040016225250201308
0101040016322205201308
0101040016322230201308
01010400242231F8201308
0101040024223505201308
0101040024223555201308
0101040024223560201308
0101040024223565201308
0101040024223605201308
0101040024223650201308
0101040024223710201308
0101040024225105201308
0101040024225124201308
0101040024225125201308
0101040024225130201308
0101040024225139201308
0101040024225142201308
0101040024225170201308
0101040024225195201308
0101040024322205201308
0101040024322230201308
0101040024322235201308
0101040024322245201308
0101040024322250201308
0101040032222205201308
0101040032223505201308
0101040032223565201308
0101040032322205201308
0101040032322230201308
0101040032515110201308
0101040040221105201308
0101040040221205201308
0101040040222205201308
0101040040223415201308
0101040040223505201308
0101040040223710201308
0101040040225335201308
0101040040322205201308
0101040040322230201308
0101040040324210201308
0201010011225250201308
0201010020225124201308
0201010020225125201308
0201010020225135201308
0201010020225215201308
0201010020225225201308
0201010020225230201308
0201010020225235201308
0201010020225250201308
0201010038225155201308
0201010038225225201308
0201010038225230201308
0201010046225220201308
0201010046225225201308
0201010046225230201308
0201010046225280201308
0201010054225220201308
0201010054225225201308
0201010054225230201308
0201010062225225201308
0201010062225230201308
0201010062225285201308
0201010070225225201308
0201010070225230201308
0201010070225285201308
0201010089225215201308
0201010089225225201308
0201010089225230201308
0201010089225275201308
0201010097225122201308
0201010097225148201308
0201010097225230201308
0201010097225260201308
0201010097225265201308
0201010097225290201308
0201010097225335201308
0201010100225225201308
0201010100225230201308
0201010100225285201308
0201010119225122201308
0201010119225148201308
0201010119225230201308
0201010119225260201308
0201010119225265201308
0201010119225290201308
0201010119225335201308
0201010127225225201308
0201010127225230201308
0201010127225260201308
0201010127225270201308
0201010135225225201308
0201010135225230201308
0201010135225270201308
0201010143225120201308
0201010143225210201308
0201010143225225201308
0201010143225230201308
0201010151225250201308
0201010160225250201308
0201010178225225201308
0201010178225230201308
0201010178225285201308
0201010186225122201308
0201010186225148201308
0201010186225230201308
0201010186225260201308
0201010186225265201308
0201010186225290201308
0201010186225335201308
0201010194225127201308
0201010194225215201308
0201010194225220201308
0201010194225225201308
0201010194225230201308
0201010194225275201308
0201010208225165201308
0201010208225220201308
0201010208225225201308
0201010208225230201308
0201010216225165201308
0201010216225185201308
0201010216225220201308
0201010216225225201308
0201010216225230201308
0201010216225310201308
0201010216225320201308
0201010224225210201308
0201010224225225201308
0201010224225230201308
0201010224225250201308
0201010232223208201308
0201010232223212201308
0201010232223216201308
0201010232223220201308
0201010232223224201308
0201010232223228201308
0201010232223232201308
0201010232223236201308
0201010232223240201308
0201010232223244201308
0201010232223248201308
0201010232223252201308
0201010232223256201308
0201010232223260201308
0201010232223264201308
0201010232223268201308
0201010232223272201308
0201010232223288201308
0201010232223293201308
0201010232225165201308
0201010232225220201308
0201010232225225201308
0201010232225230201308
0201010232225235201308
0201010232225275201308
0201010240225122201308
0201010240225148201308
0201010240225230201308
0201010240225260201308
0201010240225265201308
0201010240225290201308
0201010240225335201308
0201010259225225201308
0201010259225230201308
0201010259225270201308
0201010267225225201308
0201010267225230201308
0201010267225270201308
0201010275225121201308
0201010275225122201308
0201010275225124201308
0201010275225125201308
0201010275225185201308
0201010275225225201308
0201010275225230201308
0201010275225290201308
0201010283225112201308
0201010283225136201308
0201010283225160201308
0201010283225225201308
0201010283225230201308
0201010283225270201308
0201010291225112201308
0201010291225260201308
0201010305225225201308
0201010305225270201308
0201010313225109201308
0201010313225225201308
0201010313225270201308
0201010321225225201308
0201010321225270201308
0201010330225225201308
0201010330225270201308
0201010348223208201308
0201010348223212201308
0201010348223216201308
0201010348223220201308
0201010348223224201308
0201010348223228201308
0201010348223232201308
0201010348223236201308
0201010348223240201308
0201010348223244201308
0201010348223248201308
0201010348223252201308
0201010348223256201308
0201010348223260201308
0201010348223264201308
0201010348223268201308
0201010348223272201308
0201010348223293201308
0201010348225225201308
0201010348225270201308
0201010356225122201308
0201010356225135201308
0201010356225148201308
0201010356225215201308
0201010356225225201308
0201010356225230201308
0201010356225235201308
0201010356225260201308
0201010356225265201308
0201010356225290201308
0201010356225335201308
0201010364225135201308
0201010364225215201308
0201010364225225201308
0201010364225230201308
0201010364225235201308
0201010364225275201308
0201010372225124201308
0201010372225125201308
0201010372225135201308
0201010372225215201308
0201010372225220201308
0201010372225225201308
0201010372225230201308
0201010372225235201308
0201010372225265201308
0201010372225310201308
0201010380225225201308
0201010380225230201308
0201010380225285201308
0201010399225215201308
0201010399225225201308
0201010399225230201308
0201010399225275201308
02010104022231A1201308
0201010402225103201308
0201010402225121201308
0201010402225124201308
0201010402225125201308
0201010402225127201308
0201010402225225201308
0201010402225230201308
0201010402225240201308
0201010410225121201308
0201010410225225201308
0201010410225230201308
0201010410225285201308
0201010410225320201308
0201010429225121201308
0201010429225127201308
0201010429225225201308
0201010429225230201308
0201010437225109201308
0201010437225225201308
0201010437225230201308
0201010437225285201308
0201010437225320201308
0201010445225215201308
0201010445225225201308
0201010445225230201308
0201010445225275201308
0201010453225136201308
0201010453225225201308
0201010453225230201308
0201010453225270201308
0201010461225225201308
0201010461225230201308
0201010461225285201308
0201010470225121201308
0201010470225155201308
0201010470225215201308
0201010470225225201308
0201010470225230201308
0201010470225320201308
0201010488225225201308
0201010488225230201308
0201010488225285201308
0201010496225225201308
0201010496225230201308
0201010496225285201308
0201010500225121201308
0201010500225225201308
0201010500225230201308
0201010500225250201308
0201010518225121201308
0201010518225225201308
0201010518225230201308
0201010518225250201308
0201010526223208201308
0201010526223212201308
0201010526223216201308
0201010526223220201308
0201010526223224201308
0201010526223228201308
0201010526223232201308
0201010526223236201308
0201010526223240201308
0201010526223244201308
0201010526223248201308
0201010526223252201308
0201010526223256201308
0201010526223260201308
0201010526223264201308
0201010526223268201308
0201010526223272201308
0201010526223288201308
0201010526223293201308
0201010526225124201308
0201010526225125201308
0201010526225135201308
0201010526225165201308
0201010526225215201308
0201010526225220201308
0201010526225225201308
0201010526225230201308
0201010526225235201308
0201010526225275201308
0201010534225260201308
0201010542225109201308
0201010542225120201308
0201010542225165201308
0201010542225250201308
0201010542225265201308
0201010542225270201308
0201010542225285201308
0201010542225320201308
0201010550225121201308
0201010550225225201308
0201010550225230201308
0201010550225290201308
0201010569225225201308
0201010569225250201308
0201010569225255201308
0201010569225320201308
0201010585225125201308
0201010585225225201308
0201010585225250201308
0201010585225255201308
0201010585225320201308
0201010593225112201308
0201010593225121201308
0201010593225225201308
0201010593225260201308
0201010607225225201308
0201010607225250201308
0201010607225255201308
0201010607225320201308
0201010615225225201308
0201010615225230201308
0201010615225250201308
0201010623225225201308
0201010623225230201308
0201010623225285201308
0201010631225112201308
0201010631225124201308
0201010631225125201308
0201010631225185201308
0201010631225220201308
0201010631225225201308
0201010631225230201308
0201010631225260201308
0201010640225124201308
0201010640225125201308
0201010640225136201308
0201010640225142201308
0201010640225250201308
0201010640225270201308
0201010658225112201308
0201010666225250201308
02010200172231A1201308
0201020017225127201308
0201020025223505201308
0201020025223560201308
0201020025223565201308
0201020025322205201308
02010200332231F8201308
0201020033223505201308
0201020033223545201308
0201020033223560201308
0201020033223565201308
0201020033225125201308
0201020033225130201308
0201020033225139201308
0201020033225142201308
0201020033225170201308
0201020033225250201308
0201020033322205201308
0201020033322230201308
0201020033322245201308
0201020033322250201308
02010200412231F8201308
0201020041223415201308
0201020041223505201308
0201020041223520201308
0201020041223525201308
0201020041223530201308
0201020041223545201308
0201020041223550201308
0201020041223555201308
0201020041223560201308
0201020041223565201308
0201020041225124201308
0201020041225125201308
0201020041225130201308
0201020041225139201308
0201020041225142201308
0201020041225170201308
0201020041322205201308
0201020041322210201308
0201020041322215201308
0201020041322220201308
0201020041322230201308
0201020041322245201308
0201020041322250201308
0201020041324205201308
0201020041324210201308
0201020050221105201308
0201020050221205201308
0201020050223415201308
0201020050223505201308
0201020050223520201308
0201020050223545201308
0201020050223560201308
0201020050223565201308
0201020050225124201308
0201020050225125201308
0201020050225142201308
0201020050225250201308
0201020050322205201308
0201020050322230201308
0201020050322245201308
0201020050322250201308
0201020050324205201308
0201020050324210201308
0202010015221105201308
0202010015221205201308
0202010015223415201308
0202010015225335201308
0202010023221105201308
0202010023221205201308
0202010023223415201308
0202010023225335201308
0202010031221105201308
0202010031221205201308
0202010031223415201308
0202010031225335201308
0202010040221105201308
0202010040221205201308
0202010040223415201308
0202010040225335201308
0202010058221105201308
0202010058221205201308
0202010058223415201308
0202010058225335201308
0202010066221105201308
0202010066221205201308
0202010066223415201308
0202010066225335201308
0202010074221105201308
0202010074221205201308
0202010074223415201308
0202010074225335201308
0202010082221105201308
0202010082221205201308
0202010082223415201308
0202010082225335201308
0202010090221105201308
0202010090221205201308
0202010090223415201308
0202010090225335201308
0202010104221105201308
0202010104221205201308
0202010104223415201308
0202010104225335201308
0202010112221105201308
0202010112221205201308
0202010112223415201308
0202010112225335201308
0202010120221105201308
0202010120221205201308
0202010120223415201308
0202010120225335201308
0202010139221105201308
0202010139221205201308
0202010139223415201308
0202010139225335201308
0202010147221105201308
0202010147221205201308
0202010147223415201308
0202010147225335201308
0202010155221105201308
0202010155221205201308
0202010155223415201308
0202010155225335201308
0202010163221105201308
0202010163221205201308
0202010163223415201308
0202010163225335201308
0202010171221105201308
0202010171221205201308
0202010171223415201308
0202010171225335201308
0202010180221105201308
0202010180221205201308
0202010180223415201308
0202010180225335201308
0202010198221105201308
0202010198221205201308
0202010198223415201308
0202010198225335201308
0202010201221105201308
0202010201221205201308
0202010201223415201308
0202010201225335201308
0202010210221105201308
0202010210221205201308
0202010210223415201308
0202010210225335201308
0202010228221105201308
0202010228221205201308
0202010228223415201308
0202010228225335201308
0202010236221105201308
0202010236221205201308
0202010236223415201308
0202010236225335201308
0202010244221105201308
0202010244221205201308
0202010244223415201308
0202010244225335201308
0202010252221105201308
0202010252221205201308
0202010252223415201308
0202010252225335201308
0202010260221105201308
0202010260221205201308
0202010260223415201308
0202010260225335201308
0202010279221105201308
0202010279221205201308
0202010279223415201308
0202010279225335201308
0202010287221105201308
0202010287221205201308
0202010287223415201308
0202010287225335201308
0202010295221105201308
0202010295221205201308
0202010295223415201308
0202010295225335201308
0202010309221105201308
0202010309221205201308
0202010309223415201308
0202010309225335201308
0202010317221105201308
0202010317221205201308
0202010317223415201308
0202010317225335201308
0202010325221105201308
0202010325221205201308
0202010325223415201308
0202010325225335201308
0202010333221105201308
0202010333221205201308
0202010333223415201308
0202010333225335201308
0202010341221105201308
0202010341221205201308
0202010341223415201308
0202010341225335201308
0202010350221105201308
0202010350221205201308
0202010350223415201308
0202010350225335201308
0202010368221105201308
0202010368221205201308
0202010368223415201308
0202010368225335201308
0202010376221105201308
0202010376221205201308
0202010376223415201308
0202010376225335201308
0202010384221105201308
0202010384221205201308
0202010384223415201308
0202010384225315201308
0202010384225335201308
0202010392221105201308
0202010392221205201308
0202010392223415201308
0202010392225335201308
0202010406221105201308
0202010406221205201308
0202010406223415201308
0202010406225335201308
0202010414221105201308
0202010414221205201308
0202010414223415201308
0202010414225335201308
0202010422221105201308
0202010422221205201308
0202010422223415201308
0202010422225335201308
0202010430221105201308
0202010430221205201308
0202010430223415201308
0202010430225335201308
0202010449221105201308
0202010449221205201308
0202010449223415201308
0202010449225335201308
0202010457221105201308
0202010457221205201308
0202010457223415201308
0202010457225335201308
0202010465221105201308
0202010465221205201308
0202010465223415201308
0202010465225335201308
0202010473221105201308
0202010473221205201308
0202010473223415201308
0202010473225335201308
0202010481221105201308
0202010481221205201308
0202010481223415201308
0202010481225335201308
0202010490221105201308
0202010490221205201308
0202010490223415201308
0202010490225335201308
0202010503221105201308
0202010503221205201308
0202010503223415201308
0202010503225335201308
0202010511221105201308
0202010511221205201308
0202010511223415201308
0202010511225335201308
0202010520221105201308
0202010520221205201308
0202010520223415201308
0202010520225335201308
0202010538221105201308
0202010538221205201308
0202010538223415201308
0202010538225335201308
0202010546221105201308
0202010546221205201308
0202010546223415201308
0202010546225335201308
0202010554221105201308
0202010554221205201308
0202010554223415201308
0202010554225335201308
0202010562221105201308
0202010562221205201308
0202010562223415201308
0202010562225335201308
0202010570221105201308
0202010570221205201308
0202010570223415201308
0202010570225335201308
0202010589221105201308
0202010589221205201308
0202010589223415201308
0202010589225335201308
0202010597221105201308
0202010597221205201308
0202010597223415201308
0202010597225335201308
0202010600221105201308
0202010600221205201308
0202010600223415201308
0202010600225335201308
0202010619221105201308
0202010619221205201308
0202010619223415201308
0202010619225335201308
0202010627221105201308
0202010627221205201308
0202010627223415201308
0202010627225335201308
0202010635221105201308
0202010635221205201308
0202010635223415201308
0202010635225335201308
0202010643221105201308
0202010643221205201308
0202010643223415201308
0202010643225335201308
0202010651221105201308
0202010651221205201308
0202010651223415201308
0202010651225335201308
0202010660221105201308
0202010660221205201308
0202010660223415201308
0202010660225335201308
0202010678221105201308
0202010678221205201308
0202010678223415201308
0202010678225335201308
0202010686221105201308
0202010686221205201308
0202010686223415201308
0202010686225335201308
0202010694221105201308
0202010694221205201308
0202010694223415201308
0202010694225335201308
0202010708221105201308
0202010708221205201308
0202010708223415201308
0202010708225315201308
0202010708225335201308
0202010716221105201308
0202010716221205201308
0202010716223415201308
0202010716225335201308
0202010724221105201308
0202010724221205201308
0202010724223415201308
0202010724225335201308
0202010732221105201308
0202010732221205201308
0202010732223415201308
0202010732225335201308
0202010740221105201308
0202010740221205201308
0202010740223415201308
0202010740225335201308
0202010759221105201308
0202010759221205201308
0202010759223415201308
0202010759225335201308
0202010767221105201308
0202010767221205201308
0202010767223415201308
0202010767225335201308
0202010775221105201308
0202010775221205201308
0202010775222205201308
0202010775223415201308
0202010775223505201308
0202010775223710201308
0202010775225335201308
0202010775322205201308
0202010775322230201308
0202010783221105201308
0202010783221205201308
0202010783222205201308
0202010783223415201308
0202010783223505201308
0202010783223710201308
0202010783225335201308
0202010783322205201308
0202010783322230201308
0202020010221105201308
0202020010221205201308
0202020010223415201308
0202020010225185201308
0202020010225335201308
0202020029221105201308
0202020029221205201308
0202020029223415201308
0202020029225185201308
0202020029225335201308
0202020037221105201308
0202020037221205201308
0202020037223415201308
0202020037225185201308
0202020037225335201308
0202020045221105201308
0202020045221205201308
0202020045223415201308
0202020045225185201308
0202020045225335201308
0202020053221105201308
0202020053221205201308
0202020053223415201308
0202020053225185201308
0202020053225335201308
0202020061221105201308
0202020061221205201308
0202020061223415201308
0202020061225185201308
0202020061225335201308
0202020070221105201308
0202020070221205201308
0202020070223415201308
0202020070225185201308
0202020070225335201308
0202020088221105201308
0202020088221205201308
0202020088223415201308
0202020088225185201308
0202020088225335201308
0202020096221105201308
0202020096221205201308
0202020096223415201308
0202020096225185201308
0202020096225335201308
0202020100221105201308
0202020100221205201308
0202020100223415201308
0202020100225185201308
0202020100225335201308
0202020118221105201308
0202020118221205201308
0202020118223415201308
0202020118225185201308
0202020118225335201308
0202020126221105201308
0202020126221205201308
0202020126223415201308
0202020126225185201308
0202020126225335201308
0202020134221105201308
0202020134221205201308
0202020134223415201308
0202020134225185201308
0202020134225335201308
0202020142221105201308
0202020142221205201308
0202020142223415201308
0202020142225185201308
0202020142225335201308
0202020150221105201308
0202020150221205201308
0202020150223415201308
0202020150225185201308
0202020150225335201308
0202020169221105201308
0202020169221205201308
0202020169223415201308
0202020169225185201308
0202020169225335201308
0202020177221105201308
0202020177221205201308
0202020177223415201308
0202020177225185201308
0202020177225335201308
0202020185221105201308
0202020185221205201308
0202020185223415201308
0202020185225185201308
0202020185225335201308
0202020193221105201308
0202020193221205201308
0202020193223415201308
0202020193225185201308
0202020193225335201308
0202020207221105201308
0202020207221205201308
0202020207223415201308
0202020207225185201308
0202020207225335201308
0202020215221105201308
0202020215221205201308
0202020215223415201308
0202020215225185201308
0202020215225335201308
0202020223221105201308
0202020223221205201308
0202020223223415201308
0202020223225185201308
0202020223225335201308
0202020231221105201308
0202020231221205201308
0202020231223415201308
0202020231225185201308
0202020231225335201308
0202020240221105201308
0202020240221205201308
0202020240223415201308
0202020240225185201308
0202020240225335201308
0202020258221105201308
0202020258221205201308
0202020258223415201308
0202020258225185201308
0202020258225335201308
0202020266221105201308
0202020266221205201308
0202020266223415201308
0202020266225185201308
0202020266225335201308
0202020274221105201308
0202020274221205201308
0202020274223415201308
0202020274225185201308
0202020274225335201308
0202020282221105201308
0202020282221205201308
0202020282223415201308
0202020282225185201308
0202020282225335201308
0202020290221105201308
0202020290221205201308
0202020290223415201308
0202020290225185201308
0202020290225335201308
0202020304221105201308
0202020304221205201308
0202020304223415201308
0202020304225185201308
0202020304225335201308
0202020312221105201308
0202020312221205201308
0202020312223415201308
0202020312225185201308
0202020312225335201308
0202020320221105201308
0202020320221205201308
0202020320223415201308
0202020320225185201308
0202020320225335201308
0202020339221105201308
0202020339221205201308
0202020339223415201308
0202020339225185201308
0202020339225335201308
0202020347221105201308
0202020347221205201308
0202020347223415201308
0202020347225185201308
0202020347225335201308
0202020355221105201308
0202020355221205201308
0202020355223415201308
0202020355225185201308
0202020355225335201308
0202020363221105201308
0202020363221205201308
0202020363223415201308
0202020363225185201308
0202020363225335201308
0202020371221105201308
0202020371221205201308
0202020371223415201308
0202020371225185201308
0202020371225335201308
0202020380221105201308
0202020380221205201308
0202020380223415201308
0202020380225185201308
0202020380225335201308
0202020398221105201308
0202020398221205201308
0202020398223415201308
0202020398225185201308
0202020398225335201308
0202020401221105201308
0202020401221205201308
0202020401223415201308
0202020401225185201308
0202020401225335201308
0202020410221105201308
0202020410221205201308
0202020410223415201308
0202020410225185201308
0202020410225335201308
0202020428221105201308
0202020428221205201308
0202020428223415201308
0202020428225185201308
0202020428225335201308
0202020436221105201308
0202020436221205201308
0202020436223415201308
0202020436225185201308
0202020436225335201308
0202020444221105201308
0202020444221205201308
0202020444223415201308
0202020444225185201308
0202020444225335201308
0202020452221105201308
0202020452221205201308
0202020452223415201308
0202020452223505201308
0202020452223555201308
0202020452223560201308
0202020452225335201308
0202020452324205201308
0202020452324210201308
0202020452352210201308
0202020452515110201308
0202020452515120201308
02020204525152A1201308
0202020460221105201308
0202020460221205201308
0202020460223415201308
0202020460225185201308
0202020460225335201308
0202020479223505201308
0202020479225125201308
0202020479225185201308
0202020479225340201308
0202020479322205201308
0202020487221105201308
0202020487221205201308
0202020487223415201308
0202020487225185201308
0202020487225335201308
0202020495221105201308
0202020495221205201308
0202020495223415201308
0202020495225185201308
0202020495225335201308
0202020509221105201308
0202020509221205201308
0202020509223415201308
0202020509225185201308
0202020509225335201308
0202020517221105201308
0202020517221205201308
0202020517223415201308
0202020517225185201308
0202020517225335201308
0202020525221105201308
0202020525221205201308
0202020525223415201308
0202020525225185201308
0202020525225335201308
0202020533221105201308
0202020533221205201308
0202020533223415201308
0202020533225185201308
0202020533225335201308
0202020541221105201308
0202020541221205201308
0202020541223415201308
0202020541225185201308
0202020541225335201308
0202030016221105201308
0202030016221205201308
0202030016223415201308
0202030016225185201308
0202030016225335201308
0202030024221105201308
0202030024221205201308
0202030024223415201308
0202030024225185201308
0202030024225335201308
0202030032221105201308
0202030032221205201308
0202030032223415201308
0202030032225185201308
0202030032225335201308
0202030040221105201308
0202030040221205201308
0202030040223415201308
0202030040225335201308
0202030059221105201308
0202030059221205201308
0202030059223415201308
0202030059225335201308
0202030067221105201308
0202030067221205201308
0202030067223415201308
0202030067225335201308
0202030075221105201308
0202030075221205201308
0202030075223415201308
0202030075225335201308
0202030083221105201308
0202030083221205201308
0202030083223415201308
0202030083225335201308
0202030091221105201308
0202030091221205201308
0202030091223415201308
0202030091225315201308
0202030091225335201308
0202030105221105201308
0202030105221205201308
0202030105223415201308
0202030105225335201308
0202030113221105201308
0202030113221205201308
0202030113223415201308
0202030113225335201308
0202030121221105201308
0202030121221205201308
0202030121223415201308
0202030121225335201308
0202030130221105201308
0202030130221205201308
0202030130223415201308
0202030130225335201308
0202030148221105201308
0202030148221205201308
0202030148223415201308
0202030148225335201308
0202030156221105201308
0202030156221205201308
0202030156223415201308
0202030156225335201308
0202030164221105201308
0202030164221205201308
0202030164223415201308
0202030164225335201308
0202030172221105201308
0202030172221205201308
0202030172223415201308
0202030172225185201308
0202030172225335201308
0202030180221105201308
0202030180221205201308
0202030180223415201308
0202030180225335201308
0202030199221105201308
0202030199221205201308
0202030199223415201308
0202030199225335201308
0202030202221105201308
0202030202221205201308
0202030202223415201308
0202030202225335201308
0202030210221105201308
0202030210221205201308
0202030210223415201308
0202030210225335201308
0202030229221105201308
0202030229221205201308
0202030229223415201308
0202030229225335201308
0202030237221105201308
0202030237221205201308
0202030237223415201308
0202030237225185201308
0202030237225335201308
0202030245223505201308
0202030245223520201308
0202030245223525201308
0202030245223530201308
0202030245223550201308
0202030245223555201308
0202030245223560201308
0202030245223565201308
0202030245322205201308
0202030245322210201308
0202030245322215201308
0202030245322220201308
0202030245322230201308
0202030245352210201308
0202030245515120201308
0202030253221105201308
0202030253221205201308
0202030253223415201308
0202030253225335201308
0202030261221105201308
0202030261221205201308
0202030261223415201308
0202030261225335201308
0202030270221105201308
0202030270221205201308
0202030270223415201308
0202030270225335201308
0202030288221105201308
0202030288221205201308
0202030288223415201308
0202030288225335201308
0202030296221105201308
0202030296221205201308
0202030296223415201308
0202030296225335201308
0202030300221105201308
0202030300221205201308
0202030300223415201308
0202030300225335201308
0202030318221105201308
0202030318221205201308
0202030318223415201308
0202030318225335201308
0202030326221105201308
0202030326221205201308
0202030326223415201308
0202030326225335201308
0202030334221105201308
0202030334221205201308
0202030334223415201308
0202030334225335201308
0202030342221105201308
0202030342221205201308
0202030342223415201308
0202030342225335201308
0202030350221105201308
0202030350221205201308
0202030350223415201308
0202030350225335201308
0202030369221105201308
0202030369221205201308
0202030369223415201308
0202030369225335201308
0202030377221105201308
0202030377221205201308
0202030377223415201308
0202030377225335201308
0202030385221105201308
0202030385221205201308
0202030385223415201308
0202030385225335201308
0202030393221105201308
0202030393221205201308
0202030393223415201308
0202030393225335201308
0202030407221105201308
0202030407221205201308
0202030407223415201308
0202030407225335201308
0202030415221105201308
0202030415221205201308
0202030415223415201308
0202030415225335201308
0202030423221105201308
0202030423221205201308
0202030423223415201308
0202030423225335201308
0202030431221105201308
0202030431221205201308
0202030431223415201308
0202030431225335201308
0202030440221105201308
0202030440221205201308
0202030440223415201308
0202030440225335201308
0202030458221105201308
0202030458221205201308
0202030458223415201308
0202030458225335201308
0202030466221105201308
0202030466221205201308
0202030466223415201308
0202030466225335201308
0202030474221105201308
0202030474221205201308
0202030474223415201308
0202030474225335201308
0202030482221105201308
0202030482221205201308
0202030482223415201308
0202030482225335201308
0202030504221105201308
0202030504221205201308
0202030504223415201308
0202030504225335201308
0202030512221105201308
0202030512221205201308
0202030512223415201308
0202030512225335201308
0202030520221105201308
0202030520221205201308
0202030520223415201308
0202030520225335201308
0202030539221105201308
0202030539221205201308
0202030539223415201308
0202030539225335201308
0202030547221105201308
0202030547221205201308
0202030547223415201308
0202030547225335201308
0202030555221105201308
0202030555221205201308
0202030555223415201308
0202030555225335201308
0202030563221105201308
0202030563221205201308
0202030563223415201308
0202030563225335201308
0202030571221105201308
0202030571221205201308
0202030571223415201308
0202030571225335201308
0202030580221105201308
0202030580221205201308
0202030580223415201308
0202030580225335201308
0202030598221105201308
0202030598221205201308
0202030598223415201308
0202030598225335201308
0202030601221105201308
0202030601221205201308
0202030601223415201308
0202030601225335201308
0202030610221105201308
0202030610221205201308
0202030610223415201308
0202030610225335201308
0202030628221105201308
0202030628221205201308
0202030628223415201308
0202030628225335201308
0202030636221105201308
0202030636221205201308
0202030636223415201308
0202030636225335201308
0202030644221105201308
0202030644221205201308
0202030644223415201308
0202030644225335201308
0202030652221105201308
0202030652221205201308
0202030652223415201308
0202030652225335201308
0202030660221105201308
0202030660221205201308
0202030660223415201308
0202030660225335201308
0202030679221105201308
0202030679221205201308
0202030679223415201308
0202030679225335201308
0202030687221105201308
0202030687221205201308
0202030687223415201308
0202030687225335201308
0202030695221105201308
0202030695221205201308
0202030695223415201308
0202030695225335201308
0202030709221105201308
0202030709221205201308
0202030709223415201308
0202030709225335201308
0202030717221105201308
0202030717221205201308
0202030717223415201308
0202030717225335201308
0202030725221105201308
0202030725221205201308
0202030725223415201308
0202030725225335201308
0202030733221105201308
0202030733221205201308
0202030733223415201308
0202030733225335201308
0202030741221105201308
0202030741221205201308
0202030741223415201308
0202030741225335201308
0202030750221105201308
0202030750221205201308
0202030750223415201308
0202030750225335201308
0202030768221105201308
0202030768221205201308
0202030768223415201308
0202030768225335201308
0202030776221105201308
0202030776221205201308
0202030776223415201308
0202030776225335201308
0202030784221105201308
0202030784221205201308
0202030784223415201308
0202030784225335201308
0202030792221105201308
0202030792221205201308
0202030792223415201308
0202030792225335201308
0202030806221105201308
0202030806221205201308
0202030806223415201308
0202030806225335201308
0202030814221105201308
0202030814221205201308
0202030814223415201308
0202030814225335201308
0202030822221105201308
0202030822221205201308
0202030822223415201308
0202030822225335201308
0202030830221105201308
0202030830221205201308
0202030830223415201308
0202030830225335201308
0202030849221105201308
0202030849221205201308
0202030849223415201308
0202030849225335201308
0202030857221105201308
0202030857221205201308
0202030857223415201308
0202030857225335201308
0202030865221105201308
0202030865221205201308
0202030865223415201308
0202030865225335201308
0202030873221105201308
0202030873221205201308
0202030873223415201308
0202030873225335201308
0202030881221105201308
0202030881221205201308
0202030881223415201308
0202030881225335201308
0202030890221105201308
0202030890221205201308
0202030890223415201308
0202030890225335201308
0202030903221105201308
0202030903221205201308
0202030903223415201308
0202030903225335201308
0202030911221105201308
0202030911221205201308
0202030911223415201308
0202030911225335201308
0202030920221105201308
0202030920221205201308
0202030920223415201308
0202030920225335201308
0202030938221105201308
0202030938221205201308
0202030938223415201308
0202030938225335201308
0202030946221105201308
0202030946221205201308
0202030946223415201308
0202030946225335201308
0202030954221105201308
0202030954221205201308
0202030954223415201308
0202030954225335201308
0202030962221105201308
0202030962221205201308
0202030962223415201308
0202030962225335201308
0202030970221105201308
0202030970221205201308
0202030970223415201308
0202030970225335201308
0202030989221105201308
0202030989221205201308
0202030989223415201308
0202030989225335201308
0202030997221105201308
0202030997221205201308
0202030997223415201308
0202030997225335201308
0202031004221105201308
0202031004221205201308
0202031004223415201308
0202031004225335201308
0202031012221105201308
0202031012221205201308
0202031012223415201308
0202031012225335201308
0202031020221105201308
0202031020221205201308
0202031020223415201308
0202031020225335201308
0202031039221105201308
0202031039221205201308
0202031039223415201308
0202031039225335201308
0202031047221105201308
0202031047221205201308
0202031047223415201308
0202031047225335201308
0202031055221105201308
0202031055221205201308
0202031055223415201308
0202031055225335201308
0202031063221105201308
0202031063221205201308
0202031063223415201308
0202031063225335201308
0202031071221105201308
0202031071221205201308
0202031071223415201308
0202031071225335201308
0202031080221105201308
0202031080221205201308
0202031080223415201308
0202031080225335201308
0202031098221105201308
0202031098221205201308
0202031098223415201308
0202031098225335201308
0202031101221105201308
0202031101221205201308
0202031101223415201308
0202031101225335201308
0202031110221105201308
0202031110221205201308
0202031110223415201308
0202031110225335201308
0202031128221105201308
0202031128221205201308
0202031128223415201308
0202031128225335201308
0202031136221105201308
0202031136221205201308
0202031136223415201308
0202031136225335201308
0202031144225110201308
0202031144225135201308
0202031152225110201308
0202031152225127201308
0202031152225135201308
0202031179221105201308
0202031179221205201308
0202031179223415201308
0202031179225335201308
0202031187221105201308
0202031187221205201308
0202031187223415201308
0202031187225335201308
0202031195221105201308
0202031195221205201308
0202031195223415201308
0202031195225335201308
0202031209221105201308
0202031209221205201308
0202031209223415201308
0202031209225335201308
0202031217221105201308
0202031217221205201308
0202031217223415201308
0202031217225335201308
0202040011221105201308
0202040011221205201308
0202040011223415201308
0202040011225335201308
0202040020221105201308
0202040020221205201308
0202040020223415201308
0202040020225335201308
0202040038221105201308
0202040038221205201308
0202040038223415201308
0202040038225335201308
0202040046221105201308
0202040046221205201308
0202040046223415201308
0202040046225335201308
0202040054221105201308
0202040054221205201308
0202040054223415201308
0202040054225335201308
0202040062221105201308
0202040062221205201308
0202040062223415201308
0202040062225335201308
0202040070221105201308
0202040070221205201308
0202040070223415201308
0202040070225335201308
0202040089221105201308
0202040089221205201308
0202040089223415201308
0202040089225335201308
0202040097221105201308
0202040097221205201308
0202040097223415201308
0202040097225335201308
0202040100221105201308
0202040100221205201308
0202040100223415201308
0202040100225335201308
0202040119221105201308
0202040119221205201308
0202040119223415201308
0202040119225335201308
0202040127221105201308
0202040127221205201308
0202040127223415201308
0202040127225335201308
0202040135221105201308
0202040135221205201308
0202040135223415201308
0202040135225335201308
0202040143221105201308
0202040143221205201308
0202040143223415201308
0202040143225335201308
0202040151221105201308
0202040151221205201308
0202040151223415201308
0202040151225335201308
0202040160221105201308
0202040160221205201308
0202040160223415201308
0202040160225335201308
0202040178221105201308
0202040178221205201308
0202040178223415201308
0202040178225335201308
0202050017221105201308
0202050017221205201308
0202050017223415201308
0202050017225335201308
0202050025221105201308
0202050025221205201308
0202050025223415201308
0202050025225335201308
0202050033221105201308
0202050033221205201308
0202050033223415201308
0202050033225335201308
0202050041221105201308
0202050041221205201308
0202050041223415201308
0202050041225335201308
0202050050221105201308
0202050050221205201308
0202050050223415201308
0202050050225335201308
0202050068221105201308
0202050068221205201308
0202050068223415201308
0202050068225335201308
0202050076221105201308
0202050076221205201308
0202050076223415201308
0202050076225335201308
0202050084221105201308
0202050084221205201308
0202050084223415201308
0202050084225335201308
0202050092221105201308
0202050092221205201308
0202050092223415201308
0202050092225335201308
0202050106221105201308
0202050106221205201308
0202050106223415201308
0202050106225335201308
0202050114221105201308
0202050114221205201308
0202050114223415201308
0202050114225335201308
0202050122221105201308
0202050122221205201308
0202050122223415201308
0202050122225335201308
0202050130221105201308
0202050130221205201308
0202050130223415201308
0202050130225335201308
0202050149221105201308
0202050149221205201308
0202050149223415201308
0202050149225335201308
0202050157221105201308
0202050157221205201308
0202050157223415201308
0202050157225335201308
0202050165221105201308
0202050165221205201308
0202050165223415201308
0202050165225335201308
0202050173221105201308
0202050173221205201308
0202050173223415201308
0202050173225335201308
0202050181221105201308
0202050181221205201308
0202050181223415201308
0202050181225335201308
0202050190221105201308
0202050190221205201308
0202050190223415201308
0202050190225335201308
0202050203221105201308
0202050203221205201308
0202050203223415201308
0202050203225335201308
0202050211221105201308
0202050211221205201308
0202050211223415201308
0202050211225335201308
0202050220221105201308
0202050220221205201308
0202050220223415201308
0202050220225335201308
0202050238221105201308
0202050238221205201308
0202050238223415201308
0202050238225335201308
0202050246221105201308
0202050246221205201308
0202050246223415201308
0202050246225335201308
0202050254221105201308
0202050254221205201308
0202050254223415201308
0202050254225335201308
0202050262221105201308
0202050262221205201308
0202050262223415201308
0202050262225335201308
0202050270221105201308
0202050270221205201308
0202050270223415201308
0202050270225335201308
0202050289221105201308
0202050289221205201308
0202050289223415201308
0202050289225335201308
0202050297221105201308
0202050297221205201308
0202050297223415201308
0202050297225335201308
0202050300221105201308
0202050300221205201308
0202050300223415201308
0202050300225335201308
0202050319221105201308
0202050319221205201308
0202050319223415201308
0202050319225335201308
0202050327221105201308
0202050327221205201308
0202050327223415201308
0202050327225335201308
0202060012221105201308
0202060012221205201308
0202060012223415201308
0202060012225315201308
0202060012225335201308
0202060020221105201308
0202060020221205201308
0202060020223415201308
0202060020225315201308
0202060020225335201308
0202060039221105201308
0202060039221205201308
0202060039223415201308
0202060039225315201308
0202060039225335201308
0202060047221105201308
0202060047221205201308
0202060047223415201308
0202060047225315201308
0202060047225335201308
0202060055221105201308
0202060055221205201308
0202060055223415201308
0202060055225315201308
0202060055225335201308
0202060063221105201308
0202060063221205201308
0202060063223415201308
0202060063225315201308
0202060063225335201308
0202060071221105201308
0202060071221205201308
0202060071223415201308
0202060071225315201308
0202060071225335201308
0202060080221105201308
0202060080221205201308
0202060080223415201308
0202060080225315201308
0202060080225335201308
0202060098221105201308
0202060098221205201308
0202060098223415201308
0202060098225315201308
0202060098225335201308
0202060101221105201308
0202060101221205201308
0202060101223415201308
0202060101225315201308
0202060101225335201308
0202060110221105201308
0202060110221205201308
0202060110223415201308
0202060110225315201308
0202060110225335201308
0202060128221105201308
0202060128221205201308
0202060128223415201308
0202060128225315201308
0202060128225335201308
0202060136221105201308
0202060136221205201308
0202060136223415201308
0202060136225315201308
0202060136225335201308
0202060144221105201308
0202060144221205201308
0202060144223415201308
0202060144225315201308
0202060144225335201308
0202060152221105201308
0202060152221205201308
0202060152223415201308
0202060152225315201308
0202060152225335201308
0202060160221105201308
0202060160221205201308
0202060160223415201308
0202060160225315201308
0202060160225335201308
0202060179221105201308
0202060179221205201308
0202060179223415201308
0202060179225315201308
0202060179225335201308
0202060187221105201308
0202060187221205201308
0202060187223415201308
0202060187225315201308
0202060187225335201308
0202060195221105201308
0202060195221205201308
0202060195223415201308
0202060195225315201308
0202060195225335201308
0202060209221105201308
0202060209221205201308
0202060209223415201308
0202060209225315201308
0202060209225335201308
0202060217221105201308
0202060217221205201308
0202060217223415201308
0202060217225315201308
0202060217225335201308
0202060225221105201308
0202060225221205201308
0202060225223415201308
0202060225225315201308
0202060225225335201308
0202060233221105201308
0202060233221205201308
0202060233223415201308
0202060233225315201308
0202060233225335201308
0202060241221105201308
0202060241221205201308
0202060241223415201308
0202060241225315201308
0202060241225335201308
0202060250221105201308
0202060250221205201308
0202060250223415201308
0202060250225315201308
0202060250225335201308
0202060268221105201308
0202060268221205201308
0202060268223415201308
0202060268225315201308
0202060268225335201308
0202060276221105201308
0202060276221205201308
0202060276223415201308
0202060276225315201308
0202060276225335201308
0202060284221105201308
0202060284221205201308
0202060284223415201308
0202060284225315201308
0202060284225335201308
0202060292221105201308
0202060292221205201308
0202060292223415201308
0202060292225315201308
0202060292225335201308
0202060306221105201308
0202060306221205201308
0202060306223415201308
0202060306225315201308
0202060306225335201308
0202060314221105201308
0202060314221205201308
0202060314223415201308
0202060314225315201308
0202060314225335201308
0202060322221105201308
0202060322221205201308
0202060322223415201308
0202060322225315201308
0202060322225335201308
0202060330221105201308
0202060330221205201308
0202060330223415201308
0202060330225315201308
0202060330225335201308
0202060349221105201308
0202060349221205201308
0202060349223415201308
0202060349225315201308
0202060349225335201308
0202060357221105201308
0202060357221205201308
0202060357223415201308
0202060357225315201308
0202060357225335201308
0202060365221105201308
0202060365221205201308
0202060365223415201308
0202060365225315201308
0202060365225335201308
0202060373221105201308
0202060373221205201308
0202060373223415201308
0202060373225315201308
0202060373225335201308
0202060381221105201308
0202060381221205201308
0202060381223415201308
0202060381225315201308
0202060381225335201308
0202060390221105201308
0202060390221205201308
0202060390223415201308
0202060390225315201308
0202060390225335201308
0202060403221105201308
0202060403221205201308
0202060403223415201308
0202060403225315201308
0202060403225335201308
0202060411221105201308
0202060411221205201308
0202060411223415201308
0202060411225315201308
0202060411225335201308
0202060420221105201308
0202060420221205201308
0202060420223415201308
0202060420225315201308
0202060420225335201308
0202060438221105201308
0202060438221205201308
0202060438223415201308
0202060438225315201308
0202060438225335201308
0202060446221105201308
0202060446221205201308
0202060446223415201308
0202060446225315201308
0202060446225335201308
0202060454221105201308
0202060454221205201308
0202060454223415201308
0202060454225315201308
0202060454225335201308
0202060462221105201308
0202060462221205201308
0202060462223415201308
0202060462225315201308
0202060462225335201308
0202060470221105201308
0202060470221205201308
0202060470223415201308
0202060470225335201308
0202070018221105201308
0202070018221205201308
0202070018223415201308
0202070018225335201308
0202070026221105201308
0202070026221205201308
0202070026223415201308
0202070026225335201308
0202070034221105201308
0202070034221205201308
0202070034223415201308
0202070034225335201308
0202070042221105201308
0202070042221205201308
0202070042223415201308
0202070042225335201308
0202070050221105201308
0202070050221205201308
0202070050223415201308
0202070050225335201308
0202070069221105201308
0202070069221205201308
0202070069223415201308
0202070069225335201308
0202070077221105201308
0202070077221205201308
0202070077223415201308
0202070077225335201308
0202070085221105201308
0202070085221205201308
0202070085223415201308
0202070085225335201308
0202070093221105201308
0202070093221205201308
0202070093223415201308
0202070093225335201308
0202070107221105201308
0202070107221205201308
0202070107223415201308
0202070107225335201308
0202070115221105201308
0202070115221205201308
0202070115223415201308
0202070115225335201308
0202070123221105201308
0202070123221205201308
0202070123223415201308
0202070123225335201308
0202070131221105201308
0202070131221205201308
0202070131223415201308
0202070131225335201308
0202070140221105201308
0202070140221205201308
0202070140223415201308
0202070140225335201308
0202070158221105201308
0202070158221205201308
0202070158223415201308
0202070158225335201308
0202070166221105201308
0202070166221205201308
0202070166223415201308
0202070166225185201308
0202070166225335201308
0202070174221105201308
0202070174221205201308
0202070174223415201308
0202070174225335201308
0202070182221105201308
0202070182221205201308
0202070182223415201308
0202070182225335201308
0202070190221105201308
0202070190221205201308
0202070190223415201308
0202070190225335201308
0202070204221105201308
0202070204221205201308
0202070204223415201308
0202070204225315201308
0202070204225335201308
0202070212221105201308
0202070212221205201308
0202070212223415201308
0202070212225335201308
0202070220221105201308
0202070220221205201308
0202070220223415201308
0202070220225335201308
0202070239221105201308
0202070239221205201308
0202070239223415201308
0202070239225335201308
0202070247221105201308
0202070247221205201308
0202070247223415201308
0202070247225335201308
0202070255221105201308
0202070255221205201308
0202070255223415201308
0202070255225335201308
0202070263221105201308
0202070263221205201308
0202070263223415201308
0202070263225335201308
0202070271221105201308
0202070271221205201308
0202070271223415201308
0202070271225185201308
0202070271225335201308
0202070280221105201308
0202070280221205201308
0202070280223415201308
0202070280225335201308
0202070298221105201308
0202070298221205201308
0202070298223415201308
0202070298225335201308
0202070301221105201308
0202070301221205201308
0202070301223415201308
0202070301225335201308
0202070310221105201308
0202070310221205201308
0202070310223415201308
0202070310225335201308
0202070328221105201308
0202070328221205201308
0202070328223415201308
0202070328225335201308
0202070336221105201308
0202070336221205201308
0202070336223415201308
0202070336225335201308
0202070344221105201308
0202070344221205201308
0202070344223415201308
0202070344225335201308
0202070352221105201308
0202070352221205201308
0202070352223415201308
0202070352225335201308
0202080013221105201308
0202080013221205201308
0202080013223415201308
0202080013225335201308
0202080021221105201308
0202080021221205201308
0202080021223415201308
0202080021225335201308
0202080030221105201308
0202080030221205201308
0202080030223415201308
0202080030225335201308
0202080048221105201308
0202080048221205201308
0202080048223415201308
0202080048225335201308
0202080056203015201308
0202080056221105201308
0202080056221205201308
0202080056223415201308
0202080056225335201308
0202080064203015201308
0202080064221105201308
0202080064221205201308
0202080064223415201308
0202080064225335201308
0202080072221105201308
0202080072221205201308
0202080072223415201308
0202080072225335201308
0202080080221105201308
0202080080221205201308
0202080080223415201308
0202080080225335201308
0202080099221105201308
0202080099221205201308
0202080099222205201308
0202080099223415201308
0202080099223505201308
0202080099223710201308
0202080099225335201308
0202080099322205201308
0202080099322230201308
0202080102221105201308
0202080102221205201308
0202080102223415201308
0202080102225335201308
0202080110221105201308
0202080110221205201308
0202080110223415201308
0202080110225335201308
0202080129221105201308
0202080129221205201308
0202080129223415201308
0202080129225335201308
0202080137221105201308
0202080137221205201308
0202080137223415201308
0202080137225335201308
0202080145221105201308
0202080145221205201308
0202080145223415201308
0202080145225335201308
0202080153221105201308
0202080153221205201308
0202080153223415201308
0202080153225335201308
0202080161221105201308
0202080161221205201308
0202080161223415201308
0202080161225335201308
0202080170221105201308
0202080170221205201308
0202080170223415201308
0202080170225335201308
0202080188221105201308
0202080188221205201308
0202080188223415201308
0202080188225335201308
0202080196221105201308
0202080196221205201308
0202080196223415201308
0202080196225335201308
0202080200221105201308
0202080200221205201308
0202080200223415201308
0202080200225335201308
0202080218221105201308
0202080218221205201308
0202080218223415201308
0202080218225335201308
0202080226221105201308
0202080226221205201308
0202080226223415201308
0202080226225335201308
0202080234221105201308
0202080234221205201308
0202080234223415201308
0202080234225335201308
0202080242221105201308
0202080242221205201308
0202080242222205201308
0202080242223415201308
0202080242223505201308
0202080242223710201308
0202080242225335201308
0202080242322205201308
0202080242322230201308
0202090019221105201308
0202090019221205201308
0202090019223415201308
0202090019225335201308
0202090027221105201308
0202090027221205201308
0202090027223415201308
0202090027225185201308
0202090027225335201308
0202090035221105201308
0202090035221205201308
0202090035223415201308
0202090035225335201308
0202090043221105201308
0202090043221205201308
0202090043223415201308
0202090043225335201308
0202090051221105201308
0202090051221205201308
0202090051223415201308
0202090051225335201308
0202090060221105201308
0202090060221205201308
0202090060223415201308
0202090060225335201308
0202090078221105201308
0202090078221205201308
0202090078223415201308
0202090078225335201308
0202090086221105201308
0202090086221205201308
0202090086223415201308
0202090086225335201308
0202090094221105201308
0202090094221205201308
0202090094223415201308
0202090094225335201308
0202090108221105201308
0202090108221205201308
0202090108223415201308
0202090108225335201308
0202090116221105201308
0202090116221205201308
0202090116223415201308
0202090116225335201308
0202090124221105201308
0202090124221205201308
0202090124223415201308
0202090124225335201308
0202090132221105201308
0202090132221205201308
0202090132223415201308
0202090132225335201308
0202090140221105201308
0202090140221205201308
0202090140223415201308
0202090140225335201308
0202090159221105201308
0202090159221205201308
0202090159223415201308
0202090159225335201308
0202090167221105201308
0202090167221205201308
0202090167223415201308
0202090167225335201308
0202090175221105201308
0202090175221205201308
0202090175223415201308
0202090175225185201308
0202090175225335201308
0202090183221105201308
0202090183221205201308
0202090183223415201308
0202090183225335201308
0202090191221105201308
0202090191221205201308
0202090191223415201308
0202090191225185201308
0202090191225335201308
0202090213221105201308
0202090213221205201308
0202090213223415201308
0202090213225335201308
0202090221221105201308
0202090221221205201308
0202090221223415201308
0202090221225315201308
0202090221225335201308
0202090230221105201308
0202090230221205201308
0202090230223415201308
0202090230225335201308
0202090248221105201308
0202090248221205201308
0202090248223415201308
0202090248225335201308
0202090256221105201308
0202090256221205201308
0202090256223415201308
0202090256225335201308
0202090264221105201308
0202090264221205201308
0202090264223415201308
0202090264225335201308
0202090272221105201308
0202090272221205201308
0202090272223415201308
0202090272225335201308
0202090280221105201308
0202090280221205201308
0202090280223415201308
0202090280225335201308
0202090299221105201308
0202090299221205201308
0202090299223415201308
0202090299225335201308
0202090302221105201308
0202090302221205201308
0202090302223415201308
0202090302225335201308
0202090310221105201308
0202090310221205201308
0202090310223415201308
0202090310225335201308
0202090329221105201308
0202090329221205201308
0202090329223415201308
0202090329225335201308
0202090337221105201308
0202090337221205201308
0202090337223415201308
0202090337225335201308
0202090345221105201308
0202090345221205201308
0202090345223415201308
0202090345225335201308
0202090353221105201308
0202090353221205201308
0202090353223415201308
0202090353225335201308
0202100014221105201308
0202100014221205201308
0202100014223415201308
0202100014225335201308
0202100022221105201308
0202100022221205201308
0202100022223415201308
0202100022225335201308
0202100030221105201308
0202100030221205201308
0202100030223415201308
0202100030225335201308
0202100049221105201308
0202100049221205201308
0202100049223244201308
0202100049223415201308
0202100049225148201308
0202100049225305201308
0202100049225335201308
0202110010221105201308
0202110010221205201308
0202110010223415201308
0202110010225335201308
0202110028221105201308
0202110028221205201308
0202110028223415201308
0202110028225335201308
0202110036221105201308
0202110036221205201308
0202110036223415201308
0202110036225335201308
0202110044221105201308
0202110044221205201308
0202110044223415201308
0202110044225335201308
0202110052221105201308
0202110052221205201308
0202110052223415201308
0202110052225335201308
0202110060221105201308
0202110060221205201308
0202110060223415201308
0202110060225335201308
0202110079221105201308
0202110079221205201308
0202110079223415201308
0202110079225335201308
0202110087221105201308
0202110087221205201308
0202110087223415201308
0202110087225335201308
0202110095221105201308
0202110095221205201308
0202110095223415201308
0202110095225335201308
0202110109221105201308
0202110109221205201308
0202110109223415201308
0202110109225335201308
0202110117221105201308
0202110117221205201308
0202110117223415201308
0202110117225335201308
0202110125221105201308
0202110125221205201308
0202110125223415201308
0202110125225335201308
0202110133221105201308
0202110133221205201308
0202110133223415201308
0202110133225335201308
0202110141221105201308
0202110141221205201308
0202110141223415201308
0202110141225335201308
0202120015221105201308
0202120015221205201308
0202120015223415201308
0202120015225185201308
0202120015225335201308
0202120023221105201308
0202120023221205201308
0202120023223415201308
0202120023225185201308
0202120023225335201308
0202120031221105201308
0202120031221205201308
0202120031223415201308
0202120031225185201308
0202120031225335201308
0202120040221105201308
0202120040221205201308
0202120040223415201308
0202120040225185201308
0202120040225335201308
0202120058221105201308
0202120058221205201308
0202120058223415201308
0202120058225185201308
0202120058225335201308
0202120066221105201308
0202120066221205201308
0202120066223415201308
0202120066225185201308
0202120066225335201308
0202120074221105201308
0202120074221205201308
0202120074223415201308
0202120074225185201308
0202120074225335201308
0202120082221105201308
0202120082221205201308
0202120082223415201308
0202120082225185201308
0202120082225335201308
0202120090221105201308
0202120090221205201308
0202120090223415201308
0202120090225185201308
0202120090225335201308
0202120104221105201308
0202120104221205201308
0202120104223415201308
0202120104225185201308
0202120104225335201308
0203010019221105201308
0203010019221205201308
0203010019223415201308
0203010019225148201308
0203010019225305201308
0203010019225335201308
0203010027221105201308
0203010027221205201308
0203010027223415201308
0203010027225148201308
0203010027225305201308
0203010027225335201308
0203010035221105201308
0203010035221205201308
0203010035223415201308
0203010035225148201308
0203010035225305201308
0203010035225335201308
0203010043225148201308
0203010043225305201308
0203020014225148201308
0203020014225305201308
0203020022225148201308
0203020030223244201308
0203020030225148201308
0203020030225335201308
0203020049221205201308
0203020049223415201308
0203020049225148201308
0203020049225335201308
0203020057225148201308
0203020057225335201308
0203020065225148201308
0203020065225305201308
0203020073225148201308
0203020073225305201308
0203020081225148201308
02040100122231F9201308
0204010012225124201308
0204010012225125201308
0204010012225170201308
0204010012225225201308
0204010012225230201308
0204010012225320201308
02040100202231F9201308
0204010020225124201308
0204010020225125201308
0204010020225170201308
0204010020225225201308
0204010020225230201308
0204010020225275201308
0204010020225320201308
02040100392231F9201308
0204010039223260201308
0204010039225124201308
0204010039225125201308
0204010039225170201308
0204010039225225201308
0204010039225230201308
0204010039225265201308
0204010039225270201308
0204010039225320201308
02040100472231F9201308
0204010047223260201308
0204010047225124201308
0204010047225125201308
0204010047225170201308
0204010047225225201308
0204010047225230201308
0204010047225270201308
0204010047225320201308
02040100552231F9201308
0204010055223260201308
0204010055225124201308
0204010055225125201308
0204010055225170201308
0204010055225225201308
0204010055225230201308
0204010055225270201308
0204010055225320201308
02040100632231F9201308
0204010063225124201308
0204010063225125201308
0204010063225170201308
0204010063225225201308
0204010063225230201308
0204010063225270201308
0204010063225320201308
02040100712231F9201308
0204010071223260201308
0204010071225124201308
0204010071225125201308
0204010071225170201308
0204010071225225201308
0204010071225230201308
0204010071225270201308
0204010071225320201308
02040100802231F9201308
0204010080223260201308
0204010080225124201308
0204010080225125201308
0204010080225170201308
0204010080225225201308
0204010080225230201308
0204010080225270201308
0204010080225320201308
02040100982231F9201308
0204010098225124201308
0204010098225125201308
0204010098225170201308
0204010098225225201308
0204010098225230201308
0204010098225275201308
0204010098225320201308
02040101012231F9201308
0204010101225124201308
0204010101225125201308
0204010101225170201308
0204010101225225201308
0204010101225230201308
0204010101225270201308
0204010101225320201308
02040101102231F9201308
0204010110223208201308
0204010110223260201308
0204010110225124201308
0204010110225125201308
0204010110225170201308
0204010110225225201308
0204010110225230201308
0204010110225270201308
0204010110225320201308
02040101282231F9201308
0204010128223208201308
0204010128223260201308
0204010128225124201308
0204010128225125201308
0204010128225170201308
0204010128225225201308
0204010128225230201308
0204010128225270201308
0204010128225275201308
0204010128225320201308
02040101362231F9201308
0204010136225124201308
0204010136225125201308
0204010136225170201308
0204010136225225201308
0204010136225230201308
0204010136225265201308
0204010136225320201308
02040101442231F9201308
0204010144223208201308
0204010144223260201308
0204010144225124201308
0204010144225125201308
0204010144225170201308
0204010144225225201308
0204010144225230201308
0204010144225270201308
0204010144225320201308
02040101522231F9201308
0204010152223260201308
0204010152225124201308
0204010152225125201308
0204010152225170201308
0204010152225225201308
0204010152225230201308
0204010152225270201308
0204010152225320201308
0204010160223208201308
0204010160223212201308
0204010160223216201308
0204010160223220201308
0204010160223224201308
0204010160223228201308
0204010160223232201308
0204010160223236201308
0204010160223240201308
0204010160223244201308
0204010160223248201308
0204010160223252201308
0204010160223256201308
0204010160223260201308
0204010160223264201308
0204010160223268201308
0204010160223272201308
0204010160223288201308
0204010160223293201308
0204010179223208201308
0204010179223236201308
0204010179223260201308
0204010179223272201308
0204010179223293201308
0204010179225124201308
0204010179225125201308
0204010179225170201308
0204010179225225201308
0204010179225230201308
0204010179225270201308
0204010179225320201308
0204010187223208201308
0204010187223212201308
0204010187223216201308
0204010187223220201308
0204010187223224201308
0204010187223228201308
0204010187223232201308
0204010187223236201308
0204010187223240201308
0204010187223244201308
0204010187223248201308
0204010187223252201308
0204010187223256201308
0204010187223260201308
0204010187223264201308
0204010187223268201308
0204010187223272201308
0204010187223288201308
0204010187223293201308
0204010187225320201308
02040101952231F9201308
0204010195225124201308
0204010195225125201308
0204010195225170201308
0204010195225225201308
0204010195225230201308
0204010195225320201308
02040102092231F9201308
0204010209223208201308
0204010209223236201308
0204010209223260201308
0204010209223272201308
0204010209223293201308
0204010209225124201308
0204010209225125201308
0204010209225170201308
0204010209225225201308
0204010209225230201308
0204020018225320201308
0204020026225320201308
02040200342231F9201308
0204020034225124201308
0204020034225125201308
0204020034225170201308
0204020034225225201308
0204020034225230201308
0204020034225270201308
0204020034225320201308
02040200422231F9201308
0204020042225124201308
0204020042225125201308
0204020042225170201308
0204020042225225201308
0204020042225230201308
0204020042225270201308
0204020042225320201308
02040200502231F9201308
0204020050225124201308
0204020050225125201308
0204020050225170201308
0204020050225225201308
0204020050225230201308
0204020050225270201308
0204020050225320201308
02040200692231F9201308
0204020069225124201308
0204020069225125201308
0204020069225170201308
0204020069225225201308
0204020069225230201308
0204020069225270201308
0204020069225320201308
02040200772231F9201308
0204020077225124201308
0204020077225125201308
0204020077225170201308
0204020077225225201308
0204020077225230201308
0204020077225270201308
0204020077225320201308
02040200852231F9201308
0204020085225124201308
0204020085225170201308
0204020085225225201308
0204020085225230201308
0204020085225270201308
0204020085225320201308
02040200932231F9201308
0204020093225124201308
0204020093225125201308
0204020093225170201308
0204020093225225201308
0204020093225230201308
0204020093225270201308
0204020093225320201308
02040201072231F9201308
0204020107225124201308
0204020107225125201308
0204020107225170201308
0204020107225225201308
0204020107225230201308
0204020107225270201308
0204020107225320201308
02040201152231F9201308
0204020115225124201308
0204020115225125201308
0204020115225170201308
0204020115225225201308
0204020115225230201308
0204020115225270201308
0204020115225320201308
02040201232231F9201308
0204020123225124201308
0204020123225125201308
0204020123225170201308
0204020123225225201308
0204020123225230201308
0204020123225270201308
0204020123225320201308
0204020131225320201308
02040300132231F9201308
0204030013225124201308
0204030013225125201308
0204030013225127201308
0204030013225170201308
0204030013225225201308
0204030013225230201308
0204030013225320201308
0204030021225320201308
02040300302231F9201308
0204030030225250201308
0204030030225255201308
0204030030225320201308
0204030048225250201308
0204030048225255201308
0204030048225320201308
0204030056225120201308
0204030056225320201308
0204030064225120201308
0204030064225320201308
02040300722231F9201308
0204030072225124201308
0204030072225125201308
0204030072225170201308
0204030072225225201308
0204030072225230201308
0204030072225270201308
0204030072225320201308
02040300802231F9201308
0204030080225124201308
0204030080225125201308
0204030080225165201308
0204030080225170201308
0204030080225220201308
0204030080225225201308
0204030080225230201308
0204030080225310201308
0204030080225320201308
02040300992231F9201308
0204030099225120201308
0204030099225124201308
0204030099225125201308
0204030099225170201308
0204030099225225201308
0204030099225230201308
0204030099225240201308
0204030099225270201308
0204030099225320201308
02040301022231F9201308
0204030102225120201308
0204030102225124201308
0204030102225125201308
0204030102225127201308
0204030102225170201308
0204030102225225201308
0204030102225230201308
0204030102225240201308
0204030102225270201308
0204030102225320201308
02040301102231F9201308
0204030110225120201308
0204030110225124201308
0204030110225125201308
0204030110225127201308
0204030110225170201308
0204030110225225201308
0204030110225230201308
0204030110225320201308
02040301292231F9201308
0204030129225120201308
0204030129225124201308
0204030129225125201308
0204030129225127201308
0204030129225170201308
0204030129225225201308
0204030129225230201308
0204030129225270201308
0204030129225320201308
02040301372231F9201308
0204030137225120201308
0204030137225124201308
0204030137225125201308
0204030137225127201308
0204030137225170201308
0204030137225225201308
0204030137225230201308
0204030137225270201308
0204030137225320201308
02040301452231F9201308
0204030145225120201308
0204030145225124201308
0204030145225125201308
0204030145225127201308
0204030145225170201308
0204030145225225201308
0204030145225230201308
0204030145225270201308
0204030145225320201308
02040301532231F9201308
0204030153225120201308
0204030153225124201308
0204030153225125201308
0204030153225127201308
0204030153225170201308
0204030153225225201308
0204030153225230201308
0204030153225270201308
0204030153225320201308
02040301612231F9201308
0204030161225120201308
0204030161225124201308
0204030161225125201308
0204030161225127201308
0204030161225140201308
0204030161225170201308
0204030161225225201308
0204030161225230201308
0204030161225270201308
0204030161225320201308
02040301702231F9201308
0204030170225120201308
0204030170225124201308
0204030170225125201308
0204030170225127201308
0204030170225170201308
0204030170225225201308
0204030170225230201308
0204030170225270201308
0204030170225320201308
02040301882231F9201308
0204030188225250201308
0204030188225255201308
0204030188225320201308
02040400192231F9201308
0204040019225124201308
0204040019225125201308
0204040019225170201308
0204040019225225201308
0204040019225230201308
0204040019225270201308
0204040019225320201308
02040400272231F9201308
0204040027225124201308
0204040027225125201308
0204040027225170201308
0204040027225225201308
0204040027225230201308
0204040027225270201308
0204040027225320201308
02040400352231F9201308
0204040035225124201308
0204040035225125201308
0204040035225170201308
0204040035225225201308
0204040035225230201308
0204040035225270201308
0204040035225320201308
02040400432231F9201308
0204040043225124201308
0204040043225125201308
0204040043225170201308
0204040043225225201308
0204040043225230201308
0204040043225270201308
0204040043225320201308
02040400512231F9201308
0204040051225124201308
0204040051225125201308
0204040051225170201308
0204040051225225201308
0204040051225230201308
0204040051225270201308
0204040051225320201308
02040400602231F9201308
0204040060225124201308
0204040060225125201308
0204040060225170201308
0204040060225225201308
0204040060225230201308
0204040060225270201308
0204040060225320201308
02040400782231F9201308
0204040078225124201308
0204040078225125201308
0204040078225170201308
0204040078225225201308
0204040078225230201308
0204040078225270201308
0204040078225320201308
02040400862231F9201308
0204040086225124201308
0204040086225125201308
0204040086225170201308
0204040086225225201308
0204040086225230201308
0204040086225270201308
0204040086225320201308
02040400942231F9201308
0204040094225124201308
0204040094225125201308
0204040094225170201308
0204040094225225201308
0204040094225230201308
0204040094225270201308
0204040094225320201308
02040401082231F9201308
0204040108225124201308
0204040108225125201308
0204040108225170201308
0204040108225225201308
0204040108225230201308
0204040108225270201308
0204040108225320201308
02040401162231F9201308
0204040116225124201308
0204040116225125201308
0204040116225170201308
0204040116225225201308
0204040116225230201308
0204040116225270201308
0204040116225320201308
02040401242231F9201308
0204040124225124201308
0204040124225125201308
0204040124225170201308
0204040124225225201308
0204040124225230201308
0204040124225270201308
0204040124225320201308
0204050014225320201308
0204050022225320201308
0204050030225320201308
0204050049225320201308
0204050057225320201308
0204050065225320201308
0204050073225285201308
0204050073225320201308
0204050081225285201308
0204050081225320201308
0204050090225285201308
0204050090225320201308
0204050103225320201308
02040501112231F9201308
0204050111225109201308
0204050111225124201308
0204050111225125201308
0204050111225170201308
0204050111225225201308
0204050111225230201308
0204050111225285201308
0204050111225320201308
02040501202231F9201308
0204050120225124201308
0204050120225125201308
0204050120225170201308
0204050120225225201308
0204050120225230201308
0204050120225320201308
02040501382231F9201308
0204050138225124201308
0204050138225125201308
0204050138225170201308
0204050138225225201308
0204050138225230201308
0204050138225320201308
02040501462231F9201308
0204050146225124201308
0204050146225125201308
0204050146225165201308
0204050146225170201308
0204050146225220201308
0204050146225225201308
0204050146225230201308
0204050146225310201308
0204050146225320201308
02040501542231F9201308
0204050154225124201308
0204050154225125201308
0204050154225165201308
0204050154225170201308
0204050154225225201308
0204050154225230201308
0204050154225280201308
0204050154225310201308
0204050154225320201308
0204050162225320201308
0204050170225285201308
0204050170225320201308
0204050189225285201308
0204050189225320201308
0204060010225320201308
0204060028225315201308
0204060028225320201308
0204060036225270201308
0204060036225320201308
0204060044223260201308
0204060044225270201308
0204060044225320201308
0204060052223260201308
0204060052225270201308
0204060052225320201308
02040600602231F9201308
0204060060225124201308
0204060060225125201308
0204060060225170201308
0204060060225225201308
0204060060225230201308
0204060060225270201308
0204060060225320201308
02040600792231F9201308
0204060079225124201308
0204060079225125201308
0204060079225170201308
0204060079225225201308
0204060079225230201308
0204060079225270201308
0204060079225320201308
02040600872231F9201308
0204060087225124201308
0204060087225125201308
0204060087225170201308
0204060087225225201308
0204060087225230201308
0204060087225270201308
0204060087225320201308
02040600952231F9201308
0204060095225124201308
0204060095225125201308
0204060095225170201308
0204060095225225201308
0204060095225230201308
0204060095225270201308
0204060095225320201308
02040601092231F9201308
0204060109225124201308
0204060109225125201308
0204060109225170201308
0204060109225225201308
0204060109225230201308
0204060109225270201308
0204060109225320201308
02040601172231F9201308
0204060117225124201308
0204060117225125201308
0204060117225170201308
0204060117225225201308
0204060117225230201308
0204060117225270201308
0204060117225320201308
02040601252231F9201308
0204060125225124201308
0204060125225125201308
0204060125225170201308
0204060125225225201308
0204060125225230201308
0204060125225270201308
0204060125225320201308
02040601332231F9201308
0204060133225124201308
0204060133225125201308
0204060133225170201308
0204060133225225201308
0204060133225230201308
0204060133225270201308
0204060133225320201308
02040601412231F9201308
0204060141225124201308
0204060141225125201308
0204060141225170201308
0204060141225225201308
0204060141225230201308
0204060141225270201308
0204060141225320201308
02040601502231F9201308
0204060150225124201308
0204060150225125201308
0204060150225170201308
0204060150225225201308
0204060150225230201308
0204060150225270201308
0204060150225320201308
02040601682231F9201308
0204060168225124201308
0204060168225125201308
0204060168225170201308
0204060168225225201308
0204060168225230201308
0204060168225270201308
0204060168225320201308
02040601762231F9201308
0204060176225124201308
0204060176225125201308
0204060176225170201308
0204060176225225201308
0204060176225230201308
0204060176225270201308
0204060176225320201308
0205010016225120201308
0205010016225320201308
0205010024225120201308
0205010024225320201308
0205010032225120201308
0205010032225320201308
0205010040225115201308
0205010040225120201308
0205010040225203201308
0205010040225250201308
0205010040225320201308
0205010059225250201308
0205010059225320201308
0205020011225112201308
0205020011225260201308
0205020011225320201308
0205020020225265201308
0205020038225320201308
0205020046225250201308
0205020046225285201308
0205020046225320201308
0205020054225285201308
0205020054225320201308
0205020062225320201308
0205020070225285201308
0205020070225320201308
0205020089225265201308
0205020089225320201308
0205020097225250201308
0205020097225255201308
0205020097225320201308
0205020100225285201308
0205020100225320201308
0205020119225285201308
0205020119225320201308
0205020127225155201308
0205020127225320201308
0205020135225120201308
0205020135225127201308
0205020135225320201308
0205020143225125201308
0205020143225142201308
0205020143225250201308
0205020143225320201308
0205020151225250201308
0205020151225320201308
0205020160225125201308
0205020160225142201308
0205020160225250201308
0205020160225320201308
0205020178225320201308
0205020186225125201308
0205020186225142201308
0205020186225250201308
0205020186225320201308
0205020194225250201308
0205020194225255201308
0205020194225320201308
0205020208225250201308
0205020208225255201308
0205020208225320201308
0205020216225250201308
0205020216225255201308
0205020216225320201308
0206010010225320201308
0206010028225320201308
0206010036225320201308
0206010044223260201308
0206010044225320201308
0206010052225320201308
0206010060225320201308
0206010079223260201308
0206010079225320201308
0206010087225320201308
0206020015225320201308
0206020023225320201308
0206020031225320201308
0206020040225320201308
0206030010225320201308
0206030029225320201308
0206030037225320201308
0207010013225320201308
0207010021223260201308
0207010021225320201308
0207010030225320201308
0207010048225320201308
0207010056225320201308
0207010064225320201308
0207010072225320201308
0207020019225320201308
0207020027225320201308
0207020035225320201308
0207020043225320201308
0207020051225320201308
0207030014225320201308
0207030022225320201308
0207030030225320201308
0207030049225320201308
0208010017225315201308
0208010025225315201308
0208010033225315201308
0208010041225315201308
0208010050225315201308
0208010068225315201308
0208010076225315201308
0208010084225315201308
0208010092225315201308
0208020012225315201308
0208020020225315201308
0208020039225315201308
0208020047225315201308
0208020055225315201308
0208020063225315201308
0208020071225315201308
0208020080225315201308
0208020098225315201308
0208020101225315201308
0208020110225315201308
0208020128225315201308
0208030018225315201308
0208030026225315201308
0208030034225315201308
0208030042225315201308
0208030050225315201308
0208040013225315201308
0208040021225315201308
0208040030225315201308
0208040048225315201308
0208040056225315201308
0208040064225315201308
0208040072225315201308
0208040080225315201308
0208040099225315201308
0208040102225315201308
0208050019225315201308
0208050027225315201308
0208050035225315201308
0208050043225315201308
0208060014225315201308
0208060022225315201308
0208060030225315201308
0208070010225315201308
0208070028225315201308
0208070036225315201308
0208070044225315201308
0208080015225315201308
0208080023225315201308
0208080031225315201308
0208080040225315201308
0208090010225315201308
0208090029225315201308
0208090037225315201308
0209010010225310201308
0209010010225320201308
0209010029225165201308
0209010029225280201308
0209010029225310201308
0209010029225320201308
0209010037225165201308
0209010037225220201308
0209010037225310201308
0209010037225320201308
0209010045225165201308
0209010045225310201308
0209010045225320201308
0209010053225165201308
0209010053225280201308
0209010053225310201308
0209010053225320201308
0209010061225165201308
0209010061225225201308
0209010061225230201308
0209010061225250201308
0209010061225280201308
0209010061225285201308
0209010061225290201308
0209010061225310201308
0209010061225320201308
0209020016225285201308
0209020016225320201308
0209030011225250201308
0209030011225320201308
02090400172231A1201308
0209040017225127201308
0209040017225240201308
0209040017225290201308
0209040017225310201308
0209040017225320201308
02090400252231A1201308
0209040025225127201308
0209040025225215201308
0209040025225275201308
0209040025225310201308
0209040025225320201308
02090400332231A1201308
0209040033225127201308
0209040033225225201308
0209040033225320201308
0209040041225275201308
0209040041225320201308
0209040050225127201308
0209040050225240201308
0209040050225290201308
0209040050225320201308
02100100102231G1201308
0210010010225203201308
0210010010225320201308
02100100292231G1201308
0210010029225320201308
02100100372231G1201308
0210010037225203201308
0210010037225320201308
02100100452231G1201308
0210010045225320201308
02100100532231G1201308
0210010053225320201308
02100100612231G1201308
0210010061225120201308
0210010061225203201308
0210010061225210201308
0210010061225320201308
02100100702231G1201308
0210010070225120201308
0210010070225203201308
0210010070225210201308
0210010070225320201308
02100100882231G1201308
0210010088225320201308
02100100962231G1201308
0210010096225120201308
0210010096225203201308
0210010096225210201308
0210010096225320201308
02100101002231G1201308
0210010100225203201308
0210010100225260201308
0210010100225320201308
02100101182231G1201308
0210010118225320201308
02100101262231G1201308
0210010126225203201308
0210010126225320201308
02100101342231G1201308
0210010134225203201308
0210010134225320201308
02100101422231G1201308
0210010142225203201308
0210010142225320201308
02100101502231G1201308
0210010150225320201308
02100101692231G1201308
0210010169225320201308
02100101772231G1201308
0210010177225203201308
0210010177225320201308
02100101852231G1201308
0210010185225203201308
0210010185225320201308
02100101932231G1201308
0210010193225320201308
02100102072231G1201308
0210010207225320201308
02100200162231G1201308
0210020016225320201308
0211010014225115201308
0211010014225136201308
0211010022225115201308
0211010022225203201308
0211010022225320201308
0211010030225115201308
0211010030225210201308
0211010049225115201308
0211010049225210201308
0211020010225120201308
0211020028225120201308
0211020036225120201308
0211020036225124201308
0211020036225125201308
0211020036225142201308
0211020036225150201308
0211020044225120201308
0211020052225120201308
0211020060225120201308
0211030015223605201308
0211030023223605201308
0211030031223605201308
0211030040223605201308
0211030058223605201308
0211030066223605201308
0211030074223605201308
0211030082223605201308
0211030090223605201308
0211040010225250201308
0211040029225250201308
0211040037203015201308
0211040037221105201308
0211040037221205201308
0211040037223415201308
0211040037225185201308
0211040037225335201308
0211040045225250201308
0211040053225250201308
0211040061225250201308
0211050016225112201308
0211050024225112201308
0211050032225112201308
0211050040225112201308
0211050059225112201308
0211050067225112201308
0211050067225160201308
0211050075225112201308
0211050075225160201308
0211050083225112201308
0211050083225160201308
0211050091225112201308
0211050091225260201308
0211050105223240201308
0211050105225112201308
0211050105225127201308
0211050105225133201308
0211050105225260201308
0211050113223810201308
0211050113225112201308
0211050113225160201308
0211050113225275201308
0211050121225112201308
0211050121225160201308
0211050130225112201308
0211050130225160201308
0211050148225112201308
0211050148225260201308
0211050156225112201308
0211060011225265201308
0211060020225265201308
0211060038225265201308
0211060054225265201308
0211060062225265201308
0211060070225265201308
0211060089225265201308
0211060097225265201308
02110601002231F8201308
0211060100225125201308
0211060100225130201308
0211060100225139201308
0211060100225142201308
0211060100225170201308
0211060100225265201308
0211060119225265201308
0211060127225265201308
0211060135225265201308
0211060143225265201308
0211060151225265201308
0211060160225265201308
0211060178225265201308
0211060186225265201308
0211060208225265201308
0211060216225265201308
0211060224225265201308
0211060232225265201308
0211060240225265201308
0211060259225265201308
0211060267225265201308
0211070017223810201308
0211070017225275201308
0211070025223810201308
0211070025225275201308
0211070033223810201308
0211070033225275201308
0211070041223810201308
0211070041225275201308
0211070050223810201308
0211070050225275201308
0211070068223810201308
0211070076223810201308
0211070076225275201308
0211070084223810201308
0211070084225275201308
0211070092223810201308
0211070092225275201308
0211070106223810201308
0211070106225275201308
0211070114223810201308
0211070114225275201308
0211070122223810201308
0211070122225275201308
0211070130225275201308
0211070149223810201308
0211070149225275201308
0211070157223810201308
0211070157225275201308
0211070165225275201308
0211070173223810201308
0211070173225275201308
0211070181223810201308
0211070181225275201308
0211070190225275201308
0211070203223810201308
0211070203225275201308
0211070211223810201308
0211070211225275201308
0211070220225275201308
0211070238223810201308
0211070238225275201308
0211070246223810201308
0211070246225275201308
0211070254225275201308
0211070262223810201308
0211070262225275201308
0211070270223810201308
0211070270225275201308
0211070289223810201308
0211070289225275201308
0211070297223810201308
0211070297225275201308
0211070300223810201308
0211070300225275201308
0211070319223810201308
0211070327223810201308
0211070327225275201308
0211070335223810201308
0211070335225275201308
0211070343223810201308
0211070343225275201308
0211070351223810201308
0211070351225275201308
0211070360223810201308
0211070360225275201308
0211080012225127201308
0211080020221105201308
0211080020225127201308
0211080039225127201308
0211080047225127201308
0211080055225127201308
0211080063225127201308
0211080071225127201308
02110800802231F9201308
0211080080225120201308
0211080080225124201308
0211080080225125201308
0211080080225127201308
0211080080225170201308
0211090018225285201308
0211090026225285201308
0211090034225285201308
0211090042225285201308
0211090050225285201308
0211090069225285201308
0211090077225285201308
0211100013251510201308
0212010018221105201308
0212010018221205201308
0212010018223415201308
0212010018225185201308
0212010018225335201308
0212010018225340201308
0212010026221105201308
0212010026221205201308
0212010026223415201308
0212010026225185201308
0212010026225335201308
0212010026225340201308
0212010034221105201308
0212010034221205201308
0212010034223415201308
0212010034225185201308
0212010034225335201308
0212010034225340201308
0212010042225340201308
0212010050221105201308
0212010050221205201308
0212010050223415201308
0212010050225185201308
0212010050225335201308
0212010050225340201308
0212020013221105201308
0212020013221205201308
0212020013223415201308
0212020013225185201308
0212020013225335201308
0212020013225340201308
0212020021221105201308
0212020021221205201308
0212020021223415201308
0212020021225185201308
0212020021225335201308
0212020021225340201308
0212020030225340201308
0212020048221105201308
0212020048221205201308
0212020048223415201308
0212020048225185201308
0212020048225335201308
0212020048225340201308
0212020056221105201308
0212020056221205201308
0212020056223415201308
0212020056225185201308
0212020056225335201308
0212020056225340201308
0212020064221105201308
0212020064221205201308
0212020064223415201308
0212020064225185201308
0212020064225335201308
0212020064225340201308
0213010011221105201308
0213010011221205201308
0213010011223415201308
0213010011225335201308
0213010020221105201308
0213010020221205201308
0213010020223415201308
0213010020225335201308
0213010038221105201308
0213010038221205201308
0213010038223415201308
0213010038225335201308
0213010046221105201308
0213010046221205201308
0213010046223415201308
0213010046225335201308
0213010054221105201308
0213010054221205201308
0213010054223415201308
0213010054225335201308
0213010062221105201308
0213010062221205201308
0213010062223415201308
0213010062225335201308
0213010070221105201308
0213010070221205201308
0213010070223415201308
0213010070225335201308
0213010089221105201308
0213010089221205201308
0213010089223415201308
0213010089225335201308
0213010097221105201308
0213010097221205201308
0213010097223415201308
0213010097225335201308
0213010100221105201308
0213010100221205201308
0213010100223415201308
0213010100225335201308
0213010119221105201308
0213010119221205201308
0213010119223415201308
0213010119225335201308
0213010127221105201308
0213010127221205201308
0213010127223415201308
0213010127225335201308
0213010135221105201308
0213010135221205201308
0213010135223415201308
0213010135225335201308
0213010143221105201308
0213010143221205201308
0213010143223415201308
0213010143225335201308
0213010151221105201308
0213010151221205201308
0213010151223415201308
0213010151225335201308
0213010160221105201308
0213010160221205201308
0213010160223415201308
0213010160225335201308
0213010178221105201308
0213010178221205201308
0213010178223415201308
0213010178225335201308
0213010186221105201308
0213010186221205201308
0213010186223415201308
0213010186225335201308
0213010194221105201308
0213010194223415201308
0213010194225335201308
0213010208221105201308
0213010208221205201308
0213010208223415201308
0213010208225335201308
0213010216221105201308
0213010216221205201308
0213010216223415201308
0213010216225335201308
0213010224221105201308
0213010224221205201308
0213010224223415201308
0213010224225335201308
0213010232221105201308
0213010232221205201308
0213010232223415201308
0213010232225335201308
0213010240221105201308
0213010240221205201308
0213010240223415201308
0213010240225335201308
0213010259221105201308
0213010259221205201308
0213010259223415201308
0213010259225335201308
0213010267221105201308
0213010267221205201308
0213010267223415201308
0213010267225335201308
0213010275221105201308
0213010275221205201308
0213010275223415201308
0213010275225335201308
0213010283221105201308
0213010283221205201308
0213010283223415201308
0213010283225335201308
0213010291221105201308
0213010291221205201308
0213010291223415201308
0213010291225335201308
0213010305221105201308
0213010305221205201308
0213010305223415201308
0213010305225335201308
0213010313221105201308
0213010313221205201308
0213010313223415201308
0213010313225335201308
0213010321221105201308
0213010321221205201308
0213010321223415201308
0213010321225335201308
0213010330221105201308
0213010330221205201308
0213010330223415201308
0213010330225335201308
0213010348221105201308
0213010348221205201308
0213010348223415201308
0213010348225335201308
0213010356221105201308
0213010356221205201308
0213010356223415201308
0213010356225335201308
0213010364221105201308
0213010364221205201308
0213010364223415201308
0213010364225335201308
0213010372221105201308
0213010372221205201308
0213010372223415201308
0213010372225335201308
0213010380221105201308
0213010380221205201308
0213010380223415201308
0213010380225335201308
0213010399221105201308
0213010399221205201308
0213010399223415201308
0213010399225335201308
0213010402221105201308
0213010402221205201308
0213010402223415201308
0213010402225335201308
0213010410221105201308
0213010410221205201308
0213010410223415201308
0213010410225335201308
0213010429221105201308
0213010429221205201308
0213010429223415201308
0213010429225335201308
0213010437221105201308
0213010437221205201308
0213010437223415201308
0213010437225335201308
0213010445221105201308
0213010445221205201308
0213010445223415201308
0213010445225335201308
0213010453221105201308
0213010453221205201308
0213010453223415201308
0213010453225335201308
0213010461221105201308
0213010461221205201308
0213010461223415201308
0213010461225335201308
0213010470221105201308
0213010470223415201308
0213010470225335201308
0213010488221105201308
0213010488221205201308
0213010488223415201308
0213010488225335201308
0213010496221105201308
0213010496221205201308
0213010496223415201308
0213010496225335201308
0213010500221105201308
0213010500221205201308
0213010500223415201308
0213010500225335201308
0213010518221105201308
0213010518221205201308
0213010518223415201308
0213010518225335201308
0213010526221105201308
0213010526221205201308
0213010526223415201308
0213010526225335201308
0213010534221105201308
0213010534221205201308
0213010534223415201308
0213010534225335201308
0213010542221105201308
0213010542221205201308
0213010542223415201308
0213010542225335201308
0213010550221105201308
0213010550221205201308
0213010550223415201308
0213010550225335201308
0213010569221105201308
0213010569221205201308
0213010569223415201308
0213010569225335201308
0213010577221105201308
0213010577221205201308
0213010577223415201308
0213010577225335201308
0213010585221105201308
0213010585221205201308
0213010585223415201308
0213010585225335201308
0213010593221105201308
0213010593221205201308
0213010593223415201308
0213010593225335201308
0213010607221105201308
0213010607221205201308
0213010607223415201308
0213010607225335201308
0213010615221105201308
0213010615221205201308
0213010615223415201308
0213010615225335201308
0213010623221105201308
0213010623221205201308
0213010623223415201308
0213010623225335201308
0213010631221105201308
0213010631221205201308
0213010631223415201308
0213010631225335201308
0213010640221105201308
0213010640221205201308
0213010640223415201308
0213010640225335201308
0213010658221105201308
0213010658221205201308
0213010658223415201308
0213010658225335201308
0213010666221105201308
0213010666221205201308
0213010666223415201308
0213010666225335201308
0213010674221105201308
0213010674221205201308
0213010674223415201308
0213010674225335201308
0213010682221105201308
0213010682221205201308
0213010682223415201308
0213010682225335201308
0213010690221105201308
0213010690221205201308
0213010690223415201308
0213010690225335201308
0213010704221105201308
0213010704221205201308
0213010704223415201308
0213010704225335201308
0213010712221105201308
0213010712221205201308
0213010712223415201308
0213010712225335201308
0213020017221105201308
0213020017221205201308
0213020017223415201308
0213020017225335201308
0213020025221105201308
0213020025221205201308
0213020025223415201308
0213020025225335201308
0213020033221105201308
0213020033221205201308
0213020033223415201308
0213020033225335201308
0213020041221105201308
0213020041221205201308
0213020041223415201308
0213020041225335201308
0213020050221105201308
0213020050221205201308
0213020050223415201308
0213020050225335201308
0213020068221105201308
0213020068221205201308
0213020068223415201308
0213020068225335201308
0213020076221105201308
0213020076221205201308
0213020076223415201308
0213020076225335201308
0213020084221105201308
0213020084221205201308
0213020084223415201308
0213020084225148201308
02140100152231F8201308
0214010015223505201308
0214010015223515201308
0214010015223520201308
0214010015223525201308
0214010015223530201308
0214010015223535201308
0214010015223540201308
0214010015223545201308
0214010015223550201308
0214010015223555201308
0214010015223560201308
0214010015223565201308
0214010015225124201308
0214010015225125201308
0214010015225130201308
0214010015225139201308
0214010015225142201308
0214010015225170201308
0214010015322205201308
0214010015322210201308
0214010015322215201308
0214010015322220201308
0214010015322230201308
0214010015322235201308
0214010015322245201308
0214010015322250201308
0214010015324205201308
0214010015324210201308
0214010015515110201308
0214010023223505201308
0214010023223520201308
0214010023223525201308
0214010023223530201308
0214010023223550201308
0214010023223555201308
0214010023223560201308
0214010023223565201308
0214010023322205201308
0214010023322210201308
0214010023322215201308
0214010023322220201308
0214010023322230201308
0214010023322245201308
0214010023324205201308
0214010023324210201308
0214010023352210201308
0214010023515110201308
0214010023515120201308
0214010031223505201308
0214010031223520201308
0214010031223525201308
0214010031223530201308
0214010031223550201308
0214010031223555201308
0214010031223560201308
0214010031223565201308
0214010031322205201308
0214010031322210201308
0214010031322215201308
0214010031322220201308
0214010031322230201308
0214010031322245201308
0214010031324205201308
0214010031324210201308
0214010031352210201308
0214010031515110201308
0214010031515120201308
02140100402231F8201308
0214010040223208201308
0214010040223228201308
0214010040223236201308
0214010040223288201308
0214010040223293201308
0214010040223505201308
0214010040223545201308
0214010040223555201308
0214010040223560201308
0214010040223565201308
0214010040225103201308
0214010040225124201308
0214010040225125201308
0214010040225130201308
0214010040225139201308
0214010040225142201308
0214010040225170201308
0214010040225250201308
0214010040322205201308
0214010040322230201308
0214010058221105201308
0214010058221205201308
02140100582231F8201308
0214010058223208201308
0214010058223228201308
0214010058223236201308
0214010058223288201308
0214010058223293201308
0214010058223415201308
0214010058223505201308
0214010058223545201308
0214010058223555201308
0214010058223560201308
0214010058223565201308
0214010058225103201308
0214010058225124201308
0214010058225125201308
0214010058225130201308
0214010058225139201308
0214010058225142201308
0214010058225170201308
0214010058225250201308
0214010058322205201308
0214010058322230201308
0214010066223505201308
0214010066223545201308
0214010066223555201308
0214010066223560201308
0214010066223565201308
0214010066225124201308
0214010066225125201308
0214010066225142201308
0214010066225250201308
0214010066322205201308
0214010066322230201308
0214010066322245201308
0214010066322250201308
0214010074221105201308
0214010074221205201308
0214010074223204201308
0214010074223208201308
0214010074223212201308
0214010074223216201308
0214010074223220201308
0214010074223224201308
0214010074223228201308
0214010074223232201308
0214010074223236201308
0214010074223240201308
0214010074223244201308
0214010074223248201308
0214010074223252201308
0214010074223256201308
0214010074223260201308
0214010074223264201308
0214010074223268201308
0214010074223272201308
0214010074223276201308
0214010074223280201308
0214010074223284201308
0214010074223288201308
0214010074223293201308
0214010074223305201308
0214010074223405201308
0214010074223415201308
0214010074223505201308
0214010074223510201308
0214010074223515201308
0214010074223520201308
0214010074223525201308
0214010074223530201308
0214010074223535201308
0214010074223540201308
0214010074223545201308
0214010074223550201308
0214010074223555201308
0214010074223560201308
0214010074223565201308
0214010074223570201308
02140100742235C3201308
0214010074223605201308
0214010074223625201308
0214010074223630201308
0214010074223635201308
0214010074223640201308
0214010074223645201308
0214010074223650201308
0214010074223655201308
0214010074223660201308
02140100742236I1201308
0214010074223710201308
0214010074223810201308
0214010074223905201308
0214010074224105201308
0214010074224110201308
0214010074224115201308
0214010074224120201308
0214010074224125201308
0214010074224130201308
0214010074224135201308
02140100742241E1201308
0214010074225103201308
0214010074225105201308
0214010074225106201308
0214010074225109201308
0214010074225110201308
0214010074225112201308
0214010074225115201308
0214010074225118201308
0214010074225120201308
0214010074225121201308
0214010074225122201308
0214010074225124201308
0214010074225125201308
0214010074225127201308
0214010074225130201308
0214010074225133201308
0214010074225135201308
0214010074225136201308
0214010074225139201308
0214010074225140201308
0214010074225142201308
0214010074225145201308
0214010074225148201308
0214010074225150201308
0214010074225151201308
0214010074225155201308
0214010074225160201308
0214010074225165201308
0214010074225170201308
0214010074225175201308
0214010074225180201308
0214010074225185201308
0214010074225195201308
0214010074225203201308
0214010074225210201308
0214010074225215201308
0214010074225220201308
0214010074225225201308
0214010074225230201308
0214010074225235201308
0214010074225240201308
0214010074225250201308
0214010074225255201308
0214010074225260201308
0214010074225265201308
0214010074225270201308
0214010074225275201308
0214010074225280201308
0214010074225285201308
0214010074225290201308
0214010074225295201308
0214010074225305201308
0214010074225310201308
0214010074225315201308
0214010074225320201308
0214010074225325201308
0214010074225330201308
0214010074225335201308
0214010074225340201308
0214010074225345201308
0214010074225350201308
0214010074251505201308
0214010074251510201308
0214010074251515201308
0214010074251520201308
0214010074251525201308
0214010074251530201308
0214010074251535201308
0214010074251540201308
0214010074251545201308
0214010074251550201308
0214010074251555201308
0214010074251605201308
0214010082221105201308
0214010082221205201308
0214010082223204201308
0214010082223208201308
0214010082223212201308
0214010082223216201308
0214010082223220201308
0214010082223224201308
0214010082223228201308
0214010082223232201308
0214010082223236201308
0214010082223240201308
0214010082223244201308
0214010082223248201308
0214010082223252201308
0214010082223256201308
0214010082223260201308
0214010082223264201308
0214010082223268201308
0214010082223272201308
0214010082223276201308
0214010082223280201308
0214010082223284201308
0214010082223288201308
0214010082223293201308
0214010082223305201308
0214010082223405201308
0214010082223415201308
0214010082223505201308
0214010082223510201308
0214010082223515201308
0214010082223520201308
0214010082223525201308
0214010082223530201308
0214010082223535201308
0214010082223540201308
0214010082223545201308
0214010082223550201308
0214010082223555201308
0214010082223560201308
0214010082223565201308
0214010082223570201308
02140100822235C3201308
0214010082223605201308
0214010082223625201308
0214010082223630201308
0214010082223635201308
0214010082223640201308
0214010082223645201308
0214010082223650201308
0214010082223655201308
0214010082223660201308
02140100822236I1201308
0214010082223710201308
0214010082223810201308
0214010082223905201308
0214010082224105201308
0214010082224110201308
0214010082224115201308
0214010082224120201308
0214010082224125201308
0214010082224130201308
0214010082224135201308
02140100822241E1201308
0214010082225103201308
0214010082225105201308
0214010082225106201308
0214010082225109201308
0214010082225110201308
0214010082225112201308
0214010082225115201308
0214010082225118201308
0214010082225120201308
0214010082225121201308
0214010082225122201308
0214010082225124201308
0214010082225125201308
0214010082225127201308
0214010082225130201308
0214010082225133201308
0214010082225135201308
0214010082225136201308
0214010082225139201308
0214010082225140201308
0214010082225142201308
0214010082225145201308
0214010082225148201308
0214010082225150201308
0214010082225151201308
0214010082225155201308
0214010082225160201308
0214010082225165201308
0214010082225170201308
0214010082225175201308
0214010082225180201308
0214010082225185201308
0214010082225195201308
0214010082225203201308
0214010082225210201308
0214010082225215201308
0214010082225220201308
0214010082225225201308
0214010082225230201308
0214010082225235201308
0214010082225240201308
0214010082225250201308
0214010082225255201308
0214010082225260201308
0214010082225265201308
0214010082225270201308
0214010082225275201308
0214010082225280201308
0214010082225285201308
0214010082225290201308
0214010082225295201308
0214010082225305201308
0214010082225310201308
0214010082225315201308
0214010082225320201308
0214010082225325201308
0214010082225330201308
0214010082225335201308
0214010082225340201308
0214010082225345201308
0214010082225350201308
0214010082251505201308
0214010082251510201308
0214010082251515201308
0214010082251520201308
0214010082251525201308
0214010082251530201308
0214010082251535201308
0214010082251540201308
0214010082251545201308
0214010082251550201308
0214010082251555201308
0214010082251605201308
02140100902231F8201308
0214010090223505201308
0214010090223545201308
0214010090223555201308
0214010090223560201308
0214010090223565201308
0214010090225103201308
0214010090225124201308
0214010090225125201308
0214010090225130201308
0214010090225139201308
0214010090225150201308
0214010090225170201308
0214010090225250201308
0214010090322205201308
0214010090322230201308
0214010090322245201308
03010100132231F9201308
0301010013223505201308
0301010013223555201308
0301010013223560201308
0301010013223565201308
0301010013225103201308
0301010013225124201308
0301010013225125201308
0301010013225127201308
0301010013225142201308
0301010013225170201308
03010100212231F9201308
0301010021223505201308
0301010021223555201308
0301010021223560201308
0301010021223565201308
0301010021225103201308
0301010021225105201308
0301010021225124201308
0301010021225125201308
0301010021225127201308
0301010021225142201308
0301010021225170201308
0301010021225195201308
0301010030223204201308
0301010030223208201308
0301010030223212201308
0301010030223216201308
0301010030223220201308
0301010030223224201308
0301010030223228201308
0301010030223232201308
0301010030223236201308
0301010030223240201308
0301010030223244201308
0301010030223248201308
0301010030223252201308
0301010030223256201308
0301010030223260201308
0301010030223264201308
0301010030223268201308
0301010030223272201308
0301010030223288201308
0301010030223293201308
0301010030223405201308
0301010030223505201308
0301010030223545201308
0301010030223555201308
0301010030223560201308
0301010030223565201308
0301010030223605201308
0301010030223650201308
0301010030223710201308
0301010030223810201308
03010100302241E1201308
0301010030226305201308
0301010030234410201308
0301010030239415201308
0301010030239425201308
0301010030251510201308
0301010030251555201308
0301010030251605201308
0301010048223208201308
0301010048223212201308
0301010048223220201308
0301010048223224201308
0301010048223228201308
0301010048223232201308
0301010048223236201308
0301010048223240201308
0301010048223244201308
0301010048223248201308
0301010048223252201308
0301010048223256201308
0301010048223264201308
0301010048223268201308
0301010048223288201308
0301010048223405201308
0301010048223415201308
0301010048223505201308
0301010048223520201308
0301010048223525201308
0301010048223535201308
0301010048223540201308
0301010048223545201308
0301010048223550201308
0301010048223605201308
0301010048223710201308
0301010048223810201308
0301010048223905201308
0301010048226305201308
0301010048232120201308
0301010048239425201308
0301010048251510201308
0301010048251520201308
0301010048251545201308
0301010048251550201308
0301010048251605201308
03010100562231F9201308
0301010056225124201308
0301010056225125201308
0301010056225133201308
0301010056225140201308
0301010056225142201308
0301010056225170201308
0301010056225270201308
03010100642231F8201308
03010100642231F9201308
0301010064225105201308
0301010064225124201308
0301010064225125201308
0301010064225130201308
0301010064225139201308
0301010064225142201308
0301010064225170201308
0301010064225195201308
0301010064225250201308
03010100722231A1201308
03010100722231F9201308
0301010072225103201308
0301010072225105201308
0301010072225109201308
0301010072225110201308
0301010072225112201308
0301010072225115201308
0301010072225118201308
0301010072225120201308
0301010072225121201308
0301010072225122201308
0301010072225124201308
0301010072225125201308
0301010072225127201308
0301010072225133201308
0301010072225135201308
0301010072225136201308
0301010072225151201308
0301010072225155201308
0301010072225160201308
0301010072225165201308
0301010072225170201308
0301010072225175201308
0301010072225180201308
0301010072225185201308
0301010072225195201308
0301010072225203201308
0301010072225210201308
0301010072225215201308
0301010072225220201308
0301010072225225201308
0301010072225230201308
0301010072225235201308
0301010072225240201308
0301010072225250201308
0301010072225255201308
0301010072225260201308
0301010072225265201308
0301010072225270201308
0301010072225275201308
0301010072225280201308
0301010072225285201308
0301010072225290201308
0301010072225315201308
0301010072225330201308
0301010072225340201308
0301010072225350201308
03010100802231F9201308
0301010080223505201308
0301010080223555201308
0301010080223565201308
0301010080225105201308
0301010080225124201308
0301010080225125201308
0301010080225142201308
0301010080225170201308
0301010080225195201308
03010100992231F9201308
0301010099223505201308
0301010099223530201308
0301010099223550201308
0301010099223560201308
0301010099223565201308
0301010099225103201308
0301010099225105201308
0301010099225118201308
0301010099225120201308
0301010099225124201308
0301010099225125201308
0301010099225127201308
0301010099225133201308
0301010099225139201308
0301010099225142201308
0301010099225170201308
0301010099225180201308
0301010099225195201308
0301010099251510201308
0301010102225265201308
03010101102231F9201308
0301010110223505201308
0301010110223545201308
0301010110223565201308
0301010110225105201308
0301010110225125201308
0301010110225142201308
0301010110225170201308
0301010110225195201308
0301010110225250201308
03010101292231F9201308
0301010129223505201308
0301010129223545201308
0301010129223565201308
0301010129225105201308
0301010129225125201308
0301010129225142201308
0301010129225170201308
0301010129225195201308
0301010129225250201308
03010101372231F9201308
0301010137223208201308
0301010137223236201308
0301010137223272201308
0301010137223293201308
0301010137223505201308
0301010137223555201308
0301010137223560201308
0301010137223565201308
0301010137223605201308
0301010137223710201308
0301010137223810201308
03010101372241E1201308
0301010137225124201308
0301010137225125201308
0301010137225142201308
0301010137225170201308
0301010137225250201308
0301010137234410201308
0301010137251510201308
0301010137251530201308
0301010137251605201308
0301010145225124201308
0301010153223208201308
0301010153223212201308
0301010153223216201308
0301010153223220201308
0301010153223224201308
0301010153223228201308
0301010153223232201308
0301010153223236201308
0301010153223240201308
0301010153223244201308
0301010153223248201308
0301010153223252201308
0301010153223256201308
0301010153223260201308
0301010153223264201308
0301010153223268201308
0301010153223272201308
0301010153223288201308
0301010153223293201308
03010101612231A1201308
03010101612231F9201308
0301010161223535201308
0301010161223550201308
0301010161223710201308
0301010161225103201308
0301010161225105201308
0301010161225109201308
0301010161225110201308
0301010161225112201308
0301010161225115201308
0301010161225118201308
0301010161225120201308
0301010161225121201308
0301010161225124201308
0301010161225125201308
0301010161225127201308
0301010161225133201308
0301010161225135201308
0301010161225136201308
0301010161225155201308
0301010161225160201308
0301010161225165201308
0301010161225170201308
0301010161225180201308
0301010161225185201308
0301010161225195201308
0301010161225255201308
0301010161225260201308
0301010161225265201308
0301010161225270201308
0301010161225275201308
0301010161225280201308
0301010161225285201308
0301010161225340201308
0301010161225350201308
0301010161251510201308
0301010161251545201308
03010101702231A1201308
03010101702231F9201308
0301010170223208201308
0301010170223212201308
0301010170223220201308
0301010170223228201308
0301010170223236201308
0301010170223240201308
0301010170223248201308
0301010170223268201308
0301010170223288201308
0301010170225103201308
0301010170225105201308
0301010170225109201308
0301010170225110201308
0301010170225112201308
0301010170225115201308
0301010170225118201308
0301010170225120201308
0301010170225121201308
0301010170225122201308
0301010170225124201308
0301010170225125201308
0301010170225127201308
0301010170225133201308
0301010170225135201308
0301010170225136201308
0301010170225142201308
0301010170225151201308
0301010170225155201308
0301010170225160201308
0301010170225165201308
0301010170225170201308
0301010170225175201308
0301010170225180201308
0301010170225185201308
0301010170225195201308
0301010170225203201308
0301010170225210201308
0301010170225215201308
0301010170225220201308
0301010170225225201308
0301010170225230201308
0301010170225235201308
0301010170225240201308
0301010170225250201308
0301010170225255201308
0301010170225260201308
0301010170225265201308
0301010170225270201308
0301010170225275201308
0301010170225280201308
0301010170225285201308
0301010170225290201308
0301010170225310201308
0301010170225315201308
0301010170225330201308
0301010170225340201308
0301010170225350201308
0301010188225265201308
0301020019223530201308
0301020019223550201308
0301020019223810201308
0301020019223905201308
0301020019225125201308
0301020019225127201308
0301020019225133201308
0301020019225135201308
0301020019225140201308
0301020019225170201308
0301020019225270201308
0301020019225275201308
0301020019226305201308
0301020019251540201308
0301020019251605201308
0301020027223530201308
0301020027223810201308
0301020027223905201308
0301020027225125201308
0301020027225127201308
0301020027225133201308
0301020027225135201308
0301020027225140201308
0301020027225170201308
0301020027225270201308
0301020027225275201308
0301020027251540201308
0301020027251605201308
0301020035223530201308
0301020035225125201308
0301020035225133201308
0301020035225140201308
0301020035225170201308
0301020035225270201308
0301020035251540201308
0301030014422205201308
0301030014422210201308
0301030014422220201308
0301030022225120201308
0301030022225124201308
0301030022225125201308
0301030022225170201308
0301030022225270201308
0301030049223505201308
0301030049225120201308
0301030049225124201308
0301030049225125201308
0301030049225170201308
0301030049225225201308
0301030049225270201308
0301030057322205201308
0301030057322230201308
0301030065223505201308
0301030065225120201308
0301030065225124201308
0301030065225125201308
0301030065225170201308
0301030065322205201308
0301030065322230201308
0301030065515135201308
0301030073223505201308
0301030073225120201308
0301030073225124201308
0301030073225125201308
0301030073225170201308
0301030073322205201308
0301030073322230201308
0301030081223505201308
0301030081225124201308
0301030081225125201308
0301030081322205201308
0301030081322230201308
0301030090223505201308
0301030090225120201308
0301030090225124201308
0301030090225125201308
0301030090225225201308
0301030090225270201308
0301030103322205201308
0301030103322230201308
0301030111225124201308
0301030111225125201308
0301030111225270201308
0301030120225124201308
0301030120225125201308
0301030120225270201308
0301030138225124201308
0301030138225125201308
0301030138225270201308
0301030146225124201308
0301030146225125201308
0301030146225270201308
0301030154322205201308
0301030154322230201308
0301030162223505201308
0301030162225120201308
0301030162225124201308
0301030162225125201308
0301030162225170201308
0301030162225225201308
0301030162225270201308
0301030170223505201308
0301030170225120201308
0301030170225124201308
0301030170225125201308
0301030170225270201308
0301030189223505201308
0301030189225124201308
0301030189225125201308
0301030189322205201308
0301030189322230201308
0301030197322205201308
0301030197322230201308
03010400102231F9201308
0301040010225105201308
0301040010225125201308
0301040010225142201308
0301040010225170201308
0301040010225195201308
0301040010225250201308
03010400282231F9201308
0301040028225125201308
0301040028225142201308
0301040028225170201308
0301040028225250201308
0301040036223810201308
0301040036223905201308
0301040036225133201308
0301040036226305201308
0301040036251510201308
0301040036251520201308
0301040036251530201308
0301040036251535201308
0301040036251540201308
0301040036251605201308
0301040044223810201308
0301040044223905201308
0301040044225133201308
0301040044226305201308
0301040044251510201308
0301040044251605201308
0301050015223505201308
0301050015223565201308
0301050015223605201308
0301050015225112201308
0301050015225124201308
0301050015225125201308
0301050015225127201308
0301050015225142201308
0301050015251510201308
0301050023223505201308
0301050023223565201308
0301050023223605201308
0301050023223710201308
0301050023223810201308
0301050023225124201308
0301050023225125201308
0301050023225142201308
0301050023225170201308
0301050023226305201308
0301050023251510201308
0301050023251605201308
0301050023322205201308
0301050023322230201308
0301050023322245201308
0301050023322250201308
0301050031223505201308
0301050031223605201308
0301050031223710201308
0301050031223810201308
0301050031223905201308
0301050031225103201308
0301050031225112201308
0301050031225120201308
0301050031225121201308
0301050031225124201308
0301050031225127201308
0301050031225180201308
0301050031225280201308
0301050031226305201308
0301050031251510201308
0301050031251605201308
0301050031322205201308
0301050031322230201308
0301050040223505201308
0301050040223710201308
0301050040225103201308
0301050040225110201308
0301050040225120201308
0301050040225124201308
0301050040225125201308
0301050040225170201308
0301050040226305201308
0301050040251510201308
0301050040251605201308
0301050040322205201308
0301050040322230201308
0301050058322205201308
0301050058322230201308
0301050058322245201308
0301050058322250201308
0301050058322405201308
0301050058322425201308
0301050058322430201308
0301050058515110201308
0301050066223505201308
0301050066223520201308
0301050066223525201308
0301050066223565201308
0301050066223605201308
0301050066225112201308
0301050066225124201308
0301050066225125201308
0301050066225127201308
0301050066225142201308
0301050074225120201308
0301050074225124201308
0301050074225125201308
0301050074225135201308
0301050074225136201308
0301050074225160201308
0301050074225170201308
0301050074225180201308
0301050074225210201308
0301050074225230201308
0301050082223505201308
0301050082223565201308
0301050082225125201308
0301050082225142201308
0301050082322205201308
0301050082322230201308
0301050082322245201308
0301050082322250201308
0301050090225125201308
0301050090225142201308
0301050104223505201308
0301050104223565201308
0301050104223605201308
0301050104223710201308
0301050104223905201308
0301050104225125201308
0301050104225142201308
0301050104251510201308
0301050104251605201308
0301050104322205201308
0301050104322230201308
0301050104322245201308
0301050104322250201308
0301050112223565201308
0301050112322205201308
0301050112322230201308
0301050112322245201308
0301050112322250201308
0301050120223505201308
0301050120223565201308
0301050120225125201308
0301050120225142201308
0301050120322205201308
0301050120322230201308
0301050120322245201308
0301050120322250201308
0301050139223208201308
0301050139223405201308
0301050139223505201308
0301050139223710201308
0301050139223810201308
0301050139223905201308
0301050139225170201308
0301050139251510201308
0301050139251605201308
0301050139322205201308
0301050139322230201308
0301050147223208201308
0301050147223405201308
0301050147223505201308
0301050147223605201308
0301050147223710201308
0301050147223810201308
0301050147223905201308
0301050147225170201308
0301050147226305201308
0301050147251510201308
0301050147251605201308
0301050147322205201308
0301050147322230201308
03010600102231F9201308
0301060010225124201308
0301060010225125201308
0301060010225170201308
0301060010225230201308
0301060010225270201308
03010600292231F9201308
0301060029223212201308
0301060029223220201308
0301060029223224201308
0301060029223228201308
0301060029223232201308
0301060029223236201308
0301060029223240201308
0301060029223244201308
0301060029223248201308
0301060029223268201308
0301060029225103201308
0301060029225105201308
0301060029225109201308
0301060029225110201308
0301060029225112201308
0301060029225115201308
0301060029225120201308
0301060029225121201308
0301060029225124201308
0301060029225125201308
0301060029225127201308
0301060029225133201308
0301060029225135201308
0301060029225136201308
0301060029225140201308
0301060029225151201308
0301060029225155201308
0301060029225160201308
0301060029225165201308
0301060029225175201308
0301060029225180201308
0301060029225185201308
0301060029225195201308
0301060029225210201308
0301060029225215201308
0301060029225220201308
0301060029225225201308
0301060029225230201308
0301060029225235201308
0301060029225240201308
0301060029225250201308
0301060029225260201308
0301060029225265201308
0301060029225270201308
0301060029225275201308
0301060029225280201308
0301060029225285201308
0301060029225350201308
0301060037223208201308
0301060037223236201308
0301060037223293201308
0301060037225105201308
0301060037225124201308
0301060037225125201308
0301060037225142201308
0301060037225195201308
0301060037225250201308
0301060045225105201308
0301060045225124201308
0301060045225125201308
0301060045225139201308
0301060045225142201308
0301060045225195201308
0301060045225250201308
0301060045225270201308
0301060053225105201308
0301060053225124201308
0301060053225125201308
0301060053225139201308
0301060053225142201308
0301060053225195201308
0301060053225250201308
03010600612231F9201308
0301060061223208201308
0301060061223212201308
0301060061223220201308
0301060061223224201308
0301060061223228201308
0301060061223232201308
0301060061223236201308
0301060061223240201308
0301060061223248201308
0301060061223268201308
0301060061223288201308
0301060061225103201308
0301060061225105201308
0301060061225109201308
0301060061225112201308
0301060061225115201308
0301060061225120201308
0301060061225124201308
0301060061225125201308
0301060061225127201308
0301060061225133201308
0301060061225135201308
0301060061225136201308
0301060061225142201308
0301060061225150201308
0301060061225151201308
0301060061225155201308
0301060061225160201308
0301060061225165201308
0301060061225180201308
0301060061225185201308
0301060061225195201308
0301060061225203201308
0301060061225225201308
0301060061225230201308
0301060061225235201308
0301060061225250201308
0301060061225255201308
0301060061225265201308
0301060061225270201308
0301060061225275201308
0301060061225280201308
0301060061225285201308
0301060061225340201308
0301060070225109201308
0301060070225115201308
0301060070225120201308
0301060070225121201308
0301060070225122201308
0301060070225155201308
0301060070225165201308
0301060070225203201308
0301060070225210201308
0301060070225215201308
0301060070225220201308
0301060070225225201308
0301060070225230201308
0301060070225235201308
0301060070225240201308
0301060070225250201308
0301060070225255201308
0301060070225260201308
0301060070225265201308
0301060070225270201308
0301060070225275201308
0301060070225280201308
0301060070225285201308
0301060070225290201308
03010600882231A1201308
03010600882231F9201308
0301060088225103201308
0301060088225109201308
0301060088225110201308
0301060088225112201308
0301060088225115201308
0301060088225120201308
0301060088225121201308
0301060088225124201308
0301060088225125201308
0301060088225127201308
0301060088225133201308
0301060088225135201308
0301060088225136201308
0301060088225155201308
0301060088225165201308
0301060088225170201308
0301060088225180201308
0301060088225185201308
0301060088225225201308
0301060088225250201308
0301060088225255201308
0301060088225265201308
0301060088225270201308
0301060088225275201308
0301060088225280201308
0301060088225285201308
0301060088225310201308
0301060088225340201308
0301060096225124201308
0301060096225125201308
0301060096225170201308
0301060096225225201308
0301060096225230201308
0301060096225250201308
0301060096225270201308
0301060100225124201308
0301060100225125201308
0301060100225142201308
0301060100225170201308
0301060100225225201308
0301060100225230201308
0301060100225270201308
0301070016223810201308
0301070016225275201308
03010700242231F9201308
0301070024223605201308
0301070024223810201308
0301070024223905201308
0301070024225112201308
0301070024225124201308
0301070024225125201308
0301070024225142201308
0301070024225170201308
0301070024226305201308
0301070024239415201308
0301070024251510201308
0301070024251605201308
0301070032223810201308
0301070032225275201308
0301070032226305201308
03010700402231F9201308
0301070040223605201308
0301070040223810201308
0301070040223905201308
0301070040225112201308
0301070040225124201308
0301070040225125201308
0301070040225142201308
0301070040225170201308
0301070040239415201308
0301070040251510201308
0301070040251520201308
0301070040251605201308
03010700592231F9201308
0301070059223605201308
0301070059223810201308
0301070059223905201308
0301070059225112201308
0301070059225124201308
0301070059225125201308
0301070059225142201308
0301070059225170201308
0301070059226305201308
0301070059239415201308
0301070059239425201308
0301070059251510201308
0301070059251520201308
0301070059251605201308
03010700672231F9201308
0301070067223810201308
0301070067223905201308
0301070067225112201308
0301070067225124201308
0301070067225125201308
0301070067225133201308
0301070067225142201308
0301070067225160201308
0301070067225170201308
0301070067225265201308
0301070067225270201308
0301070067225275201308
0301070067225350201308
0301070067226305201308
0301070067239415201308
0301070067251510201308
0301070067251520201308
0301070067251545201308
0301070067251605201308
03010700752231F9201308
0301070075223605201308
0301070075223810201308
0301070075223905201308
0301070075225112201308
0301070075225124201308
0301070075225125201308
0301070075225133201308
0301070075225142201308
0301070075225160201308
0301070075225170201308
0301070075226305201308
0301070075239415201308
0301070075251510201308
0301070075251520201308
0301070075251605201308
03010700832231F9201308
0301070083223605201308
0301070083223810201308
0301070083223905201308
0301070083225112201308
0301070083225124201308
0301070083225125201308
0301070083225142201308
0301070083225160201308
0301070083225170201308
0301070083225270201308
0301070083226305201308
03010700912231F9201308
0301070091223605201308
0301070091223810201308
0301070091223905201308
0301070091225112201308
0301070091225124201308
0301070091225125201308
0301070091225142201308
0301070091225160201308
0301070091225170201308
0301070091225270201308
0301070091225275201308
0301070091226305201308
0301070091232120201308
0301070091251510201308
0301070091251520201308
0301070091251545201308
03010701052231F9201308
0301070105223505201308
0301070105223605201308
0301070105223810201308
0301070105223905201308
0301070105225112201308
0301070105225124201308
0301070105225125201308
0301070105225142201308
0301070105225160201308
0301070105225170201308
0301070105225270201308
0301070105226305201308
0301070105251510201308
0301070105251605201308
03010701053135D1201308
0301070113223810201308
0301070121223505201308
0301070121223605201308
0301070121223710201308
0301070121223810201308
0301070121223905201308
0301070121225112201308
0301070121225160201308
0301070121225270201308
0301070121226305201308
0301070121251510201308
0301070121251605201308
03010701213135D1201308
03010701302231F9201308
0301070130223505201308
0301070130223605201308
0301070130223710201308
0301070130223810201308
0301070130223905201308
0301070130225112201308
0301070130225124201308
0301070130225125201308
0301070130225160201308
0301070130225170201308
0301070130225270201308
0301070130226305201308
0301070130251510201308
0301070130251605201308
03010701303135D1201308
0301070148223605201308
0301070148223905201308
0301070148239225201308
0301070156223605201308
0301070156223905201308
0301070156223910201308
0301070156225265201308
0301070156226305201308
0301070156239225201308
0301070156251510201308
0301070156251605201308
0301070164223605201308
0301070164223905201308
0301070164223910201308
0301070164226305201308
0301070164239225201308
0301070164251510201308
0301070164251605201308
0301070164322305201308
03010800112231F9201308
0301080011223208201308
0301080011223272201308
0301080011223288201308
0301080011223293201308
0301080011223505201308
0301080011223530201308
0301080011223535201308
0301080011223545201308
0301080011223550201308
0301080011223555201308
0301080011223560201308
0301080011223565201308
0301080011223605201308
0301080011223710201308
0301080011223810201308
0301080011223905201308
0301080011224105201308
0301080011224110201308
0301080011224115201308
0301080011224120201308
0301080011224125201308
0301080011224130201308
0301080011224135201308
03010800112241E1201308
0301080011225103201308
0301080011225105201308
0301080011225109201308
0301080011225110201308
0301080011225112201308
0301080011225115201308
0301080011225118201308
0301080011225120201308
0301080011225121201308
0301080011225124201308
0301080011225125201308
0301080011225127201308
0301080011225133201308
0301080011225135201308
0301080011225136201308
0301080011225140201308
0301080011225142201308
0301080011225155201308
0301080011225165201308
0301080011225170201308
0301080011225180201308
0301080011225185201308
0301080011225195201308
0301080011225210201308
0301080011225215201308
0301080011225220201308
0301080011225225201308
0301080011225230201308
0301080011225235201308
0301080011225240201308
0301080011225250201308
0301080011225255201308
0301080011225260201308
0301080011225265201308
0301080011225270201308
0301080011225275201308
0301080011225280201308
0301080011225285201308
0301080011226305201308
0301080011251510201308
0301080011251520201308
0301080011251540201308
0301080011251550201308
0301080011251555201308
0301080011251605201308
0301080020223505201308
0301080020226305201308
0301080020322205201308
0301080020322230201308
03010800382231F9201308
0301080038223505201308
0301080038223810201308
0301080038223905201308
0301080038225112201308
0301080038225124201308
0301080038225125201308
0301080038225133201308
0301080038225142201308
0301080038226305201308
0301080038239415201308
0301080038251510201308
0301080038251530201308
0301080038251545201308
0301080038251605201308
0301080038322205201308
0301080038322230201308
0301080038516220201308
0301080046226305201308
0301080046322220201308
0301080046516220201308
03010801432231F9201308
0301080143223505201308
0301080143223905201308
03010801432241E1201308
0301080143225125201308
0301080143225133201308
0301080143225142201308
0301080143225170201308
0301080143226305201308
0301080143234410201308
0301080143239415201308
0301080143251510201308
03010801512231F9201308
0301080151223505201308
0301080151223905201308
03010801512241E1201308
0301080151225125201308
0301080151225133201308
0301080151225142201308
0301080151225170201308
0301080151226305201308
0301080151234410201308
0301080151239415201308
0301080151251510201308
03010801602231F9201308
0301080160225124201308
0301080160225125201308
0301080160225133201308
0301080160225142201308
0301080160225170201308
0301080160251510201308
0301080160251520201308
0301080160251550201308
0301080178225133201308
0301080178251510201308
0301080178251545201308
0301080178251550201308
03010801942231F9201308
0301080194223505201308
0301080194223810201308
0301080194223905201308
0301080194225103201308
0301080194225105201308
0301080194225106201308
0301080194225109201308
0301080194225110201308
0301080194225112201308
0301080194225115201308
0301080194225118201308
0301080194225120201308
0301080194225121201308
0301080194225122201308
0301080194225124201308
0301080194225125201308
0301080194225127201308
0301080194225130201308
0301080194225133201308
0301080194225135201308
0301080194225136201308
0301080194225139201308
0301080194225140201308
0301080194225142201308
0301080194225145201308
0301080194225148201308
0301080194225150201308
0301080194225151201308
0301080194225155201308
0301080194225160201308
0301080194225165201308
0301080194225170201308
0301080194225175201308
0301080194225180201308
0301080194225185201308
0301080194225195201308
0301080194225340201308
0301080194226305201308
0301080194239415201308
0301080194251510201308
0301080194251530201308
0301080194251545201308
0301080194251605201308
0301080194322205201308
0301080194322230201308
0301080194515305201308
0301080194515310201308
0301080194516220201308
0301080194791115201308
03010802082231F9201308
0301080208223505201308
0301080208223810201308
0301080208223905201308
0301080208225103201308
0301080208225105201308
0301080208225106201308
0301080208225109201308
0301080208225110201308
0301080208225112201308
0301080208225115201308
0301080208225118201308
0301080208225120201308
0301080208225121201308
0301080208225122201308
0301080208225124201308
0301080208225125201308
0301080208225127201308
0301080208225130201308
0301080208225133201308
0301080208225135201308
0301080208225136201308
0301080208225139201308
0301080208225140201308
0301080208225142201308
0301080208225145201308
0301080208225148201308
0301080208225150201308
0301080208225151201308
0301080208225155201308
0301080208225160201308
0301080208225165201308
0301080208225170201308
0301080208225175201308
0301080208225180201308
0301080208225185201308
0301080208225195201308
0301080208225340201308
0301080208226305201308
0301080208239415201308
0301080208251510201308
0301080208251530201308
0301080208251545201308
0301080208251605201308
0301080208322205201308
0301080208322230201308
0301080208515305201308
0301080208515310201308
0301080208516220201308
0301080208791115201308
03010802162231F9201308
0301080216223505201308
0301080216223810201308
0301080216223905201308
0301080216225103201308
0301080216225105201308
0301080216225106201308
0301080216225109201308
0301080216225110201308
0301080216225112201308
0301080216225115201308
0301080216225118201308
0301080216225120201308
0301080216225121201308
0301080216225122201308
0301080216225124201308
0301080216225125201308
0301080216225127201308
0301080216225130201308
0301080216225133201308
0301080216225135201308
0301080216225136201308
0301080216225139201308
0301080216225140201308
0301080216225142201308
0301080216225145201308
0301080216225148201308
0301080216225150201308
0301080216225151201308
0301080216225155201308
0301080216225160201308
0301080216225165201308
0301080216225170201308
0301080216225175201308
0301080216225180201308
0301080216225185201308
0301080216225195201308
0301080216225340201308
0301080216226305201308
0301080216239415201308
0301080216251510201308
0301080216251530201308
0301080216251545201308
0301080216251605201308
0301080216322205201308
0301080216322230201308
0301080216515305201308
0301080216515310201308
0301080216516220201308
0301080216791115201308
03010802242231F9201308
0301080224223505201308
0301080224223810201308
0301080224223905201308
0301080224225103201308
0301080224225105201308
0301080224225106201308
0301080224225109201308
0301080224225110201308
0301080224225112201308
0301080224225115201308
0301080224225118201308
0301080224225120201308
0301080224225121201308
0301080224225122201308
0301080224225124201308
0301080224225125201308
0301080224225127201308
0301080224225130201308
0301080224225133201308
0301080224225135201308
0301080224225136201308
0301080224225139201308
0301080224225140201308
0301080224225142201308
0301080224225145201308
0301080224225148201308
0301080224225150201308
0301080224225151201308
0301080224225155201308
0301080224225160201308
0301080224225165201308
0301080224225170201308
0301080224225175201308
0301080224225180201308
0301080224225185201308
0301080224225195201308
0301080224225340201308
0301080224239415201308
0301080224251510201308
0301080224251530201308
0301080224251545201308
0301080224251605201308
0301080224322205201308
0301080224322230201308
0301080224515305201308
0301080224515310201308
0301080224516220201308
0301080224791115201308
03010802322231F9201308
0301080232223505201308
0301080232223810201308
0301080232223905201308
0301080232225103201308
0301080232225105201308
0301080232225106201308
0301080232225109201308
0301080232225110201308
0301080232225112201308
0301080232225115201308
0301080232225118201308
0301080232225120201308
0301080232225121201308
0301080232225122201308
0301080232225124201308
0301080232225125201308
0301080232225127201308
0301080232225130201308
0301080232225133201308
0301080232225135201308
0301080232225136201308
0301080232225139201308
0301080232225140201308
0301080232225142201308
0301080232225145201308
0301080232225148201308
0301080232225150201308
0301080232225151201308
0301080232225155201308
0301080232225160201308
0301080232225165201308
0301080232225170201308
0301080232225175201308
0301080232225180201308
0301080232225185201308
0301080232225195201308
0301080232225340201308
0301080232239415201308
0301080232251510201308
0301080232251530201308
0301080232251545201308
0301080232251605201308
0301080232322205201308
0301080232322230201308
0301080232515305201308
0301080232515310201308
0301080232516220201308
0301080232791115201308
03010802402231F9201308
0301080240223505201308
0301080240223810201308
0301080240223905201308
0301080240225103201308
0301080240225105201308
0301080240225106201308
0301080240225109201308
0301080240225110201308
0301080240225112201308
0301080240225115201308
0301080240225118201308
0301080240225120201308
0301080240225121201308
0301080240225122201308
0301080240225124201308
0301080240225125201308
0301080240225127201308
0301080240225130201308
0301080240225133201308
0301080240225135201308
0301080240225136201308
0301080240225139201308
0301080240225140201308
0301080240225142201308
0301080240225145201308
0301080240225148201308
0301080240225150201308
0301080240225151201308
0301080240225155201308
0301080240225160201308
0301080240225165201308
0301080240225170201308
0301080240225175201308
0301080240225180201308
0301080240225185201308
0301080240225195201308
0301080240225340201308
0301080240239415201308
0301080240251510201308
0301080240251530201308
0301080240251545201308
0301080240251605201308
0301080240322205201308
0301080240322230201308
0301080240515305201308
0301080240515310201308
0301080240516220201308
0301080240791115201308
03010802592231F9201308
0301080259223505201308
0301080259223810201308
0301080259223905201308
0301080259225103201308
0301080259225105201308
0301080259225106201308
0301080259225109201308
0301080259225110201308
0301080259225112201308
0301080259225115201308
0301080259225118201308
0301080259225120201308
0301080259225121201308
0301080259225122201308
0301080259225124201308
0301080259225125201308
0301080259225127201308
0301080259225130201308
0301080259225133201308
0301080259225135201308
0301080259225136201308
0301080259225139201308
0301080259225140201308
0301080259225142201308
0301080259225145201308
0301080259225148201308
0301080259225150201308
0301080259225151201308
0301080259225155201308
0301080259225160201308
0301080259225165201308
0301080259225170201308
0301080259225175201308
0301080259225180201308
0301080259225185201308
0301080259225195201308
0301080259225340201308
0301080259239415201308
0301080259251510201308
0301080259251530201308
0301080259251545201308
0301080259251605201308
0301080259322205201308
0301080259322230201308
0301080259515305201308
0301080259515310201308
0301080259516220201308
0301080259791115201308
03010802672231F9201308
0301080267223505201308
0301080267223810201308
0301080267223905201308
0301080267225103201308
0301080267225105201308
0301080267225106201308
0301080267225109201308
0301080267225110201308
0301080267225112201308
0301080267225115201308
0301080267225118201308
0301080267225120201308
0301080267225121201308
0301080267225122201308
0301080267225124201308
0301080267225125201308
0301080267225127201308
0301080267225130201308
0301080267225133201308
0301080267225135201308
0301080267225136201308
0301080267225139201308
0301080267225140201308
0301080267225142201308
0301080267225145201308
0301080267225148201308
0301080267225150201308
0301080267225151201308
0301080267225155201308
0301080267225160201308
0301080267225165201308
0301080267225170201308
0301080267225175201308
0301080267225180201308
0301080267225185201308
0301080267225195201308
0301080267225340201308
0301080267239415201308
0301080267251510201308
0301080267251530201308
0301080267251545201308
0301080267251605201308
0301080267322205201308
0301080267322230201308
0301080267515305201308
0301080267515310201308
0301080267516220201308
0301080267791115201308
03010802752231F9201308
0301080275223505201308
0301080275223605201308
0301080275223810201308
0301080275223905201308
0301080275225103201308
0301080275225105201308
0301080275225106201308
0301080275225109201308
0301080275225110201308
0301080275225112201308
0301080275225115201308
0301080275225118201308
0301080275225120201308
0301080275225121201308
0301080275225122201308
0301080275225124201308
0301080275225125201308
0301080275225127201308
0301080275225130201308
0301080275225133201308
0301080275225135201308
0301080275225136201308
0301080275225139201308
0301080275225140201308
0301080275225142201308
0301080275225145201308
0301080275225148201308
0301080275225150201308
0301080275225151201308
0301080275225155201308
0301080275225160201308
0301080275225165201308
0301080275225170201308
0301080275225175201308
0301080275225180201308
0301080275225185201308
0301080275225195201308
0301080275225340201308
0301080275239415201308
0301080275251510201308
0301080275251530201308
0301080275251545201308
0301080275251605201308
0301080275322205201308
0301080275322230201308
0301080275516220201308
03010802832231F9201308
0301080283223505201308
0301080283223905201308
0301080283225103201308
0301080283225105201308
0301080283225106201308
0301080283225109201308
0301080283225110201308
0301080283225112201308
0301080283225115201308
0301080283225118201308
0301080283225120201308
0301080283225121201308
0301080283225122201308
0301080283225124201308
0301080283225125201308
0301080283225127201308
0301080283225130201308
0301080283225133201308
0301080283225135201308
0301080283225136201308
0301080283225139201308
0301080283225140201308
0301080283225142201308
0301080283225145201308
0301080283225148201308
0301080283225150201308
0301080283225151201308
0301080283225155201308
0301080283225160201308
0301080283225165201308
0301080283225170201308
0301080283225175201308
0301080283225180201308
0301080283225185201308
0301080283225195201308
0301080283225340201308
0301080283226305201308
0301080283239415201308
0301080283251510201308
0301080283251530201308
0301080283251545201308
0301080283251605201308
0301080283322205201308
0301080283322230201308
0301080283515305201308
0301080283515310201308
0301080283516220201308
0301080283791115201308
03010802912231F9201308
0301080291223505201308
0301080291223810201308
0301080291223905201308
0301080291225103201308
0301080291225105201308
0301080291225106201308
0301080291225109201308
0301080291225110201308
0301080291225112201308
0301080291225115201308
0301080291225118201308
0301080291225120201308
0301080291225121201308
0301080291225122201308
0301080291225124201308
0301080291225125201308
0301080291225127201308
0301080291225130201308
0301080291225133201308
0301080291225135201308
0301080291225136201308
0301080291225139201308
0301080291225140201308
0301080291225142201308
0301080291225145201308
0301080291225148201308
0301080291225150201308
0301080291225151201308
0301080291225155201308
0301080291225160201308
0301080291225165201308
0301080291225170201308
0301080291225175201308
0301080291225180201308
0301080291225185201308
0301080291225195201308
0301080291225340201308
0301080291226305201308
0301080291239415201308
0301080291251510201308
0301080291251530201308
0301080291251545201308
0301080291251605201308
0301080291322205201308
0301080291322230201308
0301080291515305201308
0301080291515310201308
0301080291516220201308
0301080291791115201308
03010803052231F9201308
0301080305223505201308
0301080305223810201308
0301080305223905201308
0301080305225103201308
0301080305225105201308
0301080305225106201308
0301080305225109201308
0301080305225110201308
0301080305225112201308
0301080305225115201308
0301080305225118201308
0301080305225120201308
0301080305225121201308
0301080305225122201308
0301080305225124201308
0301080305225125201308
0301080305225127201308
0301080305225130201308
0301080305225133201308
0301080305225135201308
0301080305225136201308
0301080305225139201308
0301080305225140201308
0301080305225142201308
0301080305225145201308
0301080305225148201308
0301080305225150201308
0301080305225151201308
0301080305225155201308
0301080305225160201308
0301080305225165201308
0301080305225170201308
0301080305225175201308
0301080305225180201308
0301080305225185201308
0301080305225195201308
0301080305225340201308
0301080305226305201308
0301080305239415201308
0301080305251510201308
0301080305251530201308
0301080305251545201308
0301080305251605201308
0301080305516220201308
03010803132231F9201308
0301080313223505201308
0301080313223810201308
0301080313223905201308
0301080313225103201308
0301080313225105201308
0301080313225106201308
0301080313225109201308
0301080313225110201308
0301080313225112201308
0301080313225115201308
0301080313225118201308
0301080313225120201308
0301080313225121201308
0301080313225122201308
0301080313225124201308
0301080313225125201308
0301080313225127201308
0301080313225130201308
0301080313225133201308
0301080313225135201308
0301080313225136201308
0301080313225139201308
0301080313225140201308
0301080313225142201308
0301080313225145201308
0301080313225148201308
0301080313225150201308
0301080313225151201308
0301080313225155201308
0301080313225160201308
0301080313225165201308
0301080313225170201308
0301080313225175201308
0301080313225180201308
0301080313225185201308
0301080313225195201308
0301080313225340201308
0301080313239415201308
0301080313251510201308
0301080313251530201308
0301080313251545201308
0301080313251605201308
0301080313322205201308
0301080313322230201308
0301080313515305201308
0301080313515310201308
0301080313516220201308
0301080313791115201308
03010803212231F9201308
0301080321223505201308
0301080321223810201308
0301080321223905201308
0301080321225103201308
0301080321225105201308
0301080321225106201308
0301080321225109201308
0301080321225110201308
0301080321225112201308
0301080321225115201308
0301080321225118201308
0301080321225120201308
0301080321225121201308
0301080321225122201308
0301080321225124201308
0301080321225125201308
0301080321225127201308
0301080321225130201308
0301080321225133201308
0301080321225135201308
0301080321225136201308
0301080321225139201308
0301080321225140201308
0301080321225142201308
0301080321225145201308
0301080321225148201308
0301080321225150201308
0301080321225151201308
0301080321225155201308
0301080321225160201308
0301080321225165201308
0301080321225170201308
0301080321225175201308
0301080321225180201308
0301080321225185201308
0301080321225195201308
0301080321225340201308
0301080321239415201308
0301080321251510201308
0301080321251530201308
0301080321251545201308
0301080321251605201308
0301080321322205201308
0301080321322230201308
0301080321515305201308
0301080321515310201308
0301080321516220201308
0301080321791115201308
03010803302231F9201308
0301080330223505201308
0301080330223810201308
0301080330223905201308
0301080330225103201308
0301080330225105201308
0301080330225106201308
0301080330225109201308
0301080330225110201308
0301080330225112201308
0301080330225115201308
0301080330225118201308
0301080330225120201308
0301080330225121201308
0301080330225122201308
0301080330225124201308
0301080330225125201308
0301080330225127201308
0301080330225130201308
0301080330225133201308
0301080330225135201308
0301080330225136201308
0301080330225139201308
0301080330225140201308
0301080330225142201308
0301080330225145201308
0301080330225148201308
0301080330225150201308
0301080330225151201308
0301080330225155201308
0301080330225160201308
0301080330225165201308
0301080330225170201308
0301080330225175201308
0301080330225180201308
0301080330225185201308
0301080330225195201308
0301080330225340201308
0301080330239415201308
0301080330251510201308
0301080330251530201308
0301080330251545201308
0301080330251605201308
0301080330322205201308
0301080330322230201308
0301080330515305201308
0301080330515310201308
0301080330516220201308
0301080330791115201308
03010803482231F9201308
0301080348223505201308
0301080348223810201308
0301080348223905201308
0301080348225103201308
0301080348225105201308
0301080348225106201308
0301080348225109201308
0301080348225110201308
0301080348225112201308
0301080348225115201308
0301080348225118201308
0301080348225120201308
0301080348225121201308
0301080348225122201308
0301080348225124201308
0301080348225125201308
0301080348225127201308
0301080348225130201308
0301080348225133201308
0301080348225135201308
0301080348225136201308
0301080348225139201308
0301080348225140201308
0301080348225142201308
0301080348225145201308
0301080348225148201308
0301080348225150201308
0301080348225151201308
0301080348225155201308
0301080348225160201308
0301080348225165201308
0301080348225170201308
0301080348225175201308
0301080348225180201308
0301080348225185201308
0301080348225195201308
0301080348225340201308
0301080348226305201308
0301080348239415201308
0301080348251510201308
0301080348251530201308
0301080348251545201308
0301080348251605201308
0301080348322205201308
0301080348322230201308
0301080348515305201308
0301080348515310201308
0301080348516220201308
0301080348791115201308
03010803562231F9201308
0301080356223505201308
0301080356223810201308
0301080356223905201308
0301080356225103201308
0301080356225105201308
0301080356225106201308
0301080356225109201308
0301080356225110201308
0301080356225112201308
0301080356225115201308
0301080356225118201308
0301080356225120201308
0301080356225121201308
0301080356225122201308
0301080356225124201308
0301080356225125201308
0301080356225127201308
0301080356225130201308
0301080356225133201308
0301080356225135201308
0301080356225136201308
0301080356225139201308
0301080356225140201308
0301080356225142201308
0301080356225145201308
0301080356225148201308
0301080356225150201308
0301080356225151201308
0301080356225155201308
0301080356225160201308
0301080356225165201308
0301080356225170201308
0301080356225175201308
0301080356225180201308
0301080356225185201308
0301080356225195201308
0301080356225340201308
0301080356226305201308
0301080356239415201308
0301080356251510201308
0301080356251530201308
0301080356251545201308
0301080356251605201308
0301080356322205201308
0301080356322230201308
0301080356515305201308
0301080356515310201308
0301080356516220201308
0301080356791115201308
0301080364223505201308
0301080364223905201308
0301080364224105201308
0301080364224110201308
0301080364224115201308
0301080364224120201308
0301080364224125201308
0301080364224130201308
0301080364224135201308
03010803642241E1201308
0301080364225103201308
0301080364225105201308
0301080364225106201308
0301080364225109201308
0301080364225110201308
0301080364225112201308
0301080364225115201308
0301080364225118201308
0301080364225120201308
0301080364225121201308
0301080364225122201308
0301080364225124201308
0301080364225125201308
0301080364225127201308
0301080364225130201308
0301080364225133201308
0301080364225135201308
0301080364225136201308
0301080364225139201308
0301080364225140201308
0301080364225142201308
0301080364225145201308
0301080364225148201308
0301080364225150201308
0301080364225151201308
0301080364225155201308
0301080364225160201308
0301080364225165201308
0301080364225170201308
0301080364225175201308
0301080364225180201308
0301080364225185201308
0301080364225195201308
0301080364225340201308
0301080364226305201308
0301080364239415201308
0301080364251505201308
0301080364251510201308
0301080364251515201308
0301080364251520201308
0301080364251525201308
0301080364251530201308
0301080364251535201308
0301080364251540201308
0301080364251545201308
0301080364251550201308
0301080364251555201308
0301080364251605201308
0301080364322205201308
0301080364322220201308
0301080364322230201308
0301080364411010201308
0301080372223505201308
0301080372223515201308
0301080372223905201308
0301080372224105201308
0301080372224110201308
0301080372224115201308
0301080372224120201308
0301080372224125201308
0301080372224130201308
0301080372224135201308
03010803722241E1201308
0301080372225103201308
0301080372225105201308
0301080372225106201308
0301080372225109201308
0301080372225110201308
0301080372225112201308
0301080372225115201308
0301080372225118201308
0301080372225120201308
0301080372225121201308
0301080372225122201308
0301080372225124201308
0301080372225125201308
0301080372225127201308
0301080372225130201308
0301080372225133201308
0301080372225135201308
0301080372225136201308
0301080372225139201308
0301080372225140201308
0301080372225142201308
0301080372225145201308
0301080372225148201308
0301080372225150201308
0301080372225151201308
0301080372225155201308
0301080372225160201308
0301080372225165201308
0301080372225170201308
0301080372225175201308
0301080372225180201308
0301080372225185201308
0301080372225195201308
0301080372225340201308
0301080372226305201308
0301080372251505201308
0301080372251510201308
0301080372251515201308
0301080372251520201308
0301080372251525201308
0301080372251530201308
0301080372251535201308
0301080372251540201308
0301080372251545201308
0301080372251550201308
0301080372251555201308
0301080372251605201308
0301080372322205201308
0301080372322220201308
0301080372411010201308
0301080380223505201308
0301080380223515201308
0301080380223905201308
0301080380224105201308
0301080380224110201308
0301080380224115201308
0301080380224120201308
0301080380224125201308
0301080380224130201308
0301080380224135201308
03010803802241E1201308
0301080380225103201308
0301080380225105201308
0301080380225106201308
0301080380225109201308
0301080380225110201308
0301080380225112201308
0301080380225115201308
0301080380225118201308
0301080380225120201308
0301080380225121201308
0301080380225122201308
0301080380225124201308
0301080380225125201308
0301080380225127201308
0301080380225130201308
0301080380225133201308
0301080380225135201308
0301080380225136201308
0301080380225139201308
0301080380225140201308
0301080380225142201308
0301080380225145201308
0301080380225148201308
0301080380225150201308
0301080380225151201308
0301080380225155201308
0301080380225160201308
0301080380225165201308
0301080380225170201308
0301080380225175201308
0301080380225180201308
0301080380225185201308
0301080380225195201308
0301080380225340201308
0301080380226305201308
0301080380239415201308
0301080380251505201308
0301080380251510201308
0301080380251515201308
0301080380251520201308
0301080380251525201308
0301080380251530201308
0301080380251535201308
0301080380251540201308
0301080380251545201308
0301080380251550201308
0301080380251555201308
0301080380251605201308
0301080380322205201308
0301080380322220201308
0301080380411010201308
03010803992231F9201308
0301080399223505201308
0301080399223810201308
0301080399223905201308
0301080399225103201308
0301080399225105201308
0301080399225106201308
0301080399225109201308
0301080399225110201308
0301080399225112201308
0301080399225115201308
0301080399225118201308
0301080399225120201308
0301080399225121201308
0301080399225122201308
0301080399225124201308
0301080399225125201308
0301080399225127201308
0301080399225130201308
0301080399225133201308
0301080399225135201308
0301080399225136201308
0301080399225139201308
0301080399225140201308
0301080399225142201308
0301080399225145201308
0301080399225148201308
0301080399225150201308
0301080399225151201308
0301080399225155201308
0301080399225160201308
0301080399225165201308
0301080399225170201308
0301080399225175201308
0301080399225180201308
0301080399225185201308
0301080399225195201308
0301080399225340201308
0301080399226305201308
0301080399239415201308
0301080399251510201308
0301080399251530201308
0301080399251545201308
0301080399251605201308
0301080399516220201308
0301090017223208201308
0301090017223505201308
0301090017225180201308
0301090017226305201308
0301090017251510201308
0301090025223208201308
0301090025223288201308
0301090025223505201308
0301090025225180201308
0301090025226305201308
0301090025251510201308
0301100012223505201308
0301100012223520201308
0301100012223525201308
0301100012223530201308
0301100012223545201308
0301100012223550201308
0301100012322205201308
0301100012322210201308
0301100012322215201308
0301100012322220201308
0301100012322230201308
03011000202231F8201308
0301100020223505201308
0301100020223515201308
0301100020223545201308
0301100020223555201308
0301100020223560201308
0301100020223565201308
0301100020225124201308
0301100020225125201308
0301100020225130201308
0301100020225139201308
0301100020225142201308
0301100020225170201308
0301100020322205201308
0301100020322210201308
0301100020322215201308
0301100020322230201308
0301100020322235201308
0301100020322245201308
0301100020322250201308
0301100020515110201308
03011000392231F8201308
0301100039223208201308
0301100039223212201308
0301100039223220201308
0301100039223224201308
0301100039223228201308
0301100039223236201308
0301100039223248201308
0301100039223256201308
0301100039223268201308
0301100039223272201308
0301100039223280201308
0301100039223284201308
0301100039223288201308
0301100039223293201308
0301100039223505201308
0301100039223530201308
0301100039223555201308
0301100039223565201308
03011000392241E1201308
0301100039225124201308
0301100039225125201308
0301100039225130201308
0301100039225139201308
0301100039225142201308
0301100039225170201308
0301100039234410201308
0301100039322205201308
0301100039322230201308
0301100039322245201308
0301100039322250201308
0301100039515110201308
03011000472231F8201308
0301100047223505201308
0301100047223520201308
0301100047223525201308
0301100047223535201308
0301100047223540201308
0301100047223545201308
0301100047223555201308
0301100047223560201308
0301100047223565201308
0301100047225125201308
0301100047225130201308
0301100047225139201308
0301100047225142201308
0301100047225170201308
0301100047322205201308
0301100047322210201308
0301100047322245201308
0301100055223505201308
0301100055223520201308
0301100055223525201308
0301100055223535201308
0301100055223540201308
0301100055223555201308
0301100055223560201308
0301100055223565201308
0301100055225142201308
03011000632231F8201308
0301100063223505201308
0301100063223520201308
0301100063223525201308
0301100063223535201308
0301100063223540201308
0301100063223555201308
0301100063225124201308
0301100063225125201308
0301100063225130201308
0301100063225139201308
0301100063225170201308
0301100071223505201308
0301100071223515201308
0301100071223520201308
0301100071223525201308
0301100071223530201308
0301100071223535201308
0301100071223540201308
0301100071223545201308
0301100071223550201308
0301100071223555201308
0301100080223505201308
0301100080223515201308
0301100080223520201308
0301100080223525201308
0301100080223530201308
0301100080223535201308
0301100080223540201308
0301100080223545201308
0301100080223550201308
0301100080223555201308
0301100080223560201308
0301100098223505201308
0301100098223520201308
0301100098223525201308
0301100098223535201308
0301100098223540201308
0301100098223545201308
0301100098223555201308
0301100098223560201308
0301100098223565201308
0301100098322205201308
0301100098322210201308
0301100098322230201308
0301100098322245201308
0301100098322250201308
03011001012231F8201308
0301100101223505201308
0301100101223515201308
0301100101223520201308
0301100101223525201308
0301100101223530201308
0301100101223535201308
0301100101223540201308
0301100101223545201308
0301100101223550201308
0301100101223555201308
0301100101223560201308
0301100101223565201308
0301100101225124201308
0301100101225125201308
0301100101225130201308
0301100101225139201308
0301100101225142201308
0301100101225170201308
0301100101322205201308
0301100101322210201308
0301100101322215201308
0301100101322220201308
0301100101322230201308
0301100101322235201308
0301100101322245201308
0301100101322250201308
0301100101515110201308
0301100110223505201308
0301100110223515201308
0301100110223520201308
0301100110223525201308
0301100110223530201308
0301100110223535201308
0301100110223540201308
0301100110223545201308
0301100110223550201308
0301100110223555201308
0301100110223560201308
0301100128223505201308
0301100128223520201308
0301100128223525201308
0301100128223530201308
0301100128223535201308
0301100128223540201308
0301100128223545201308
0301100128223555201308
0301100128223560201308
0301100128223565201308
0301100136223505201308
0301100136223540201308
0301100136223545201308
0301100136223555201308
0301100136223565201308
0301100136322205201308
0301100136322230201308
0301100136322235201308
0301100136322245201308
0301100136322250201308
0301100144223505201308
0301100144223515201308
0301100144223520201308
0301100144223525201308
0301100144223535201308
0301100144223540201308
0301100144223545201308
0301100144223550201308
0301100144223555201308
0301100144223560201308
0301100144223565201308
0301100144322205201308
0301100144322230201308
0301100144322245201308
0301100144322250201308
03011001522231F8201308
03011001522231F9201308
0301100152223208201308
0301100152223232201308
0301100152223236201308
0301100152223272201308
0301100152223288201308
0301100152223293201308
0301100152223505201308
0301100152223515201308
0301100152223530201308
0301100152223540201308
0301100152223545201308
0301100152223550201308
0301100152223555201308
0301100152223560201308
0301100152223565201308
0301100152225124201308
0301100152225125201308
0301100152225130201308
0301100152225139201308
0301100152225142201308
0301100152225170201308
0301100152322205201308
0301100152322210201308
0301100152322215201308
0301100152322220201308
0301100152322230201308
0301100152322245201308
0301100152322250201308
0301100152322405201308
0301100152322425201308
0301100179223505201308
0301100179223515201308
0301100179223520201308
0301100179223525201308
0301100179223530201308
0301100179223535201308
0301100179223540201308
0301100179223545201308
0301100179223550201308
0301100179223555201308
0301100179223560201308
0301100179223565201308
0301100187223505201308
0301100187223515201308
0301100187223520201308
0301100187223525201308
0301100187223530201308
0301100187223535201308
0301100187223540201308
0301100187223545201308
0301100187223550201308
0301100187223555201308
0301100187223560201308
0301100187223565201308
0301100187322205201308
0301100187322210201308
0301100187322215201308
0301100187322220201308
0301100187322230201308
0301100187322235201308
0301100187322240201308
0301100187322245201308
0301100187322250201308
0301100187324210201308
0301100187515110201308
0301110018225124201308
0301110018225125201308
0301110018225135201308
0301110018225170201308
0301110018225225201308
0301110018225230201308
0301110018225235201308
0301110026223505201308
0301110026225124201308
0301110026225125201308
0301110026225170201308
0301110026225225201308
0301110026225230201308
0301110026225235201308
0301110026226305201308
0301120013223710201308
0301120013225124201308
0301120013225125201308
0301120013251510201308
0301120013251605201308
0301120021225124201308
0301120021225125201308
0301120021225127201308
0301120021251510201308
0301120021251605201308
0301120030223710201308
0301120030225124201308
0301120030225125201308
0301120030225155201308
0301120030251510201308
0301120030251605201308
0301120048223505201308
0301120048225125201308
0301120048225155201308
0301120048251510201308
0301120048251605201308
0301120056223605201308
0301120056223710201308
0301120056225120201308
0301120056225125201308
0301120056225133201308
0301120056225155201308
0301120056225220201308
0301120056225225201308
0301120056225235201308
0301120056251510201308
0301120064223505201308
0301120064225125201308
0301120064225155201308
0301120064251510201308
0301120064251605201308
0301120072223505201308
0301120072225125201308
0301120072225155201308
0301120072251510201308
0301120072251605201308
0301120080223710201308
0301120080225125201308
0301120080225133201308
0301120080225155201308
0301120080225220201308
0301120080225225201308
0301120080251510201308
0301130019225120201308
0301130019225210201308
0301130027223710201308
0301130027225133201308
0301130027225155201308
0301130027225225201308
0301130027225235201308
0301130027225250201308
0301130027225285201308
0301130027251510201308
0301130027251605201308
0302010017223605201308
0302010025223605201308
0302010033223605201308
0302020012223605201308
0302020020223605201308
0302020039223605201308
0302030018223605201308
0302030026223605201308
0302040013223605201308
0302040013223625201308
0302040021223605201308
0302040021223625201308
0302040030223605201308
0302040030223625201308
0302040048223605201308
0302040048223625201308
0302040056223605201308
0302050019223605201308
0302050019223635201308
0302050027223605201308
0302050027223625201308
0302050027223635201308
0302050035223605201308
0302060014223605201308
0302060022223605201308
0302060022223625201308
0302060022223635201308
0302060030223605201308
0302060030223630201308
0302060049223605201308
0302060049223625201308
0302060057223605201308
0302060057223625201308
0302060057223630201308
0302070010223605201308
0302070010223625201308
0302070028223605201308
0302070028223625201308
0302070036223605201308
03030100102231F9201308
0303010010225103201308
0303010010225124201308
0303010010225125201308
0303010010225142201308
0303010010225170201308
03030100292231F9201308
0303010029225103201308
0303010029225124201308
0303010029225125201308
0303010029225142201308
0303010029225170201308
03030100372231F9201308
0303010037225103201308
0303010037225124201308
0303010037225125201308
0303010037225142201308
0303010037225150201308
0303010037225170201308
03030100452231F9201308
0303010045225103201308
0303010045225124201308
0303010045225125201308
0303010045225142201308
0303010045225170201308
03030100532231F9201308
0303010053225103201308
0303010053225124201308
0303010053225125201308
0303010053225142201308
0303010053225170201308
03030100612231F9201308
0303010061225103201308
0303010061225124201308
0303010061225125201308
0303010061225142201308
0303010061225165201308
0303010061225170201308
03030100702231F9201308
0303010070225103201308
0303010070225124201308
0303010070225125201308
0303010070225142201308
0303010070225170201308
03030100882231F9201308
0303010088225103201308
0303010088225124201308
0303010088225125201308
0303010088225135201308
0303010088225142201308
0303010088225170201308
03030100962231F9201308
0303010096225103201308
0303010096225124201308
0303010096225125201308
0303010096225142201308
0303010096225170201308
03030101002231F9201308
0303010100225124201308
0303010100225125201308
0303010100225142201308
0303010100225170201308
03030101182231F9201308
0303010118225103201308
0303010118225124201308
0303010118225125201308
0303010118225142201308
0303010118225165201308
0303010118225170201308
03030101262231F9201308
0303010126225103201308
0303010126225124201308
0303010126225125201308
0303010126225142201308
0303010126225170201308
0303010126225250201308
03030101342231F9201308
0303010134225103201308
0303010134225124201308
0303010134225125201308
0303010134225142201308
0303010134225170201308
03030101422231F9201308
0303010142225103201308
0303010142225112201308
0303010142225124201308
0303010142225125201308
0303010142225142201308
0303010142225170201308
03030101502231F9201308
0303010150225103201308
0303010150225124201308
0303010150225125201308
0303010150225142201308
0303010150225170201308
03030101692231F9201308
0303010169225103201308
0303010169225124201308
0303010169225125201308
0303010169225135201308
0303010169225142201308
0303010169225170201308
03030101772231F9201308
0303010177225103201308
0303010177225124201308
0303010177225125201308
0303010177225142201308
0303010177225170201308
03030101852231F9201308
0303010185225103201308
0303010185225124201308
0303010185225125201308
0303010185225142201308
0303010185225170201308
03030101932231F9201308
0303010193225103201308
0303010193225124201308
0303010193225125201308
0303010193225142201308
0303010193225170201308
03030102072231F9201308
0303010207225112201308
0303010207225124201308
0303010207225125201308
0303010207225142201308
0303010207225170201308
03030102152231F9201308
0303010215225103201308
0303010215225124201308
0303010215225125201308
0303010215225127201308
0303010215225142201308
0303010215225170201308
03030200162231F9201308
0303020016225109201308
0303020016225110201308
0303020016225112201308
0303020016225124201308
0303020016225125201308
0303020016225136201308
0303020016225142201308
0303020016225155201308
0303020016225170201308
0303020024225109201308
0303020024225110201308
0303020024225112201308
0303020024225136201308
0303020024225155201308
03030200322231F9201308
0303020032225124201308
0303020032225125201308
0303020032225142201308
0303020032225170201308
0303020032225185201308
03030200402231F9201308
0303020040225124201308
0303020040225125201308
0303020040225142201308
0303020040225170201308
0303020040225185201308
03030200592231F9201308
0303020059223710201308
0303020059225118201308
0303020059225124201308
0303020059225125201308
0303020059225142201308
0303020059225170201308
0303020059225185201308
03030200672231F9201308
0303020067225124201308
0303020067225125201308
0303020067225142201308
0303020067225170201308
0303020067225185201308
0303020067225340201308
03030200752231F9201308
0303020075225124201308
0303020075225125201308
0303020075225142201308
0303020075225170201308
0303020075225185201308
0303020075225340201308
03030200832231F9201308
0303020083225124201308
0303020083225125201308
0303020083225142201308
0303020083225170201308
0303020083225185201308
0303020083225340201308
0303030011223710201308
0303030011225118201308
0303030011225124201308
0303030011225125201308
0303030011225127201308
0303030011225170201308
03030300202231F9201308
0303030020223710201308
0303030020225118201308
0303030020225124201308
0303030020225125201308
0303030020225142201308
0303030020225155201308
0303030020225170201308
03030300382231F9201308
0303030038225124201308
0303030038225125201308
0303030038225142201308
0303030038225155201308
0303030038225170201308
03030300462231F9201308
0303030046225124201308
0303030046225125201308
0303030046225155201308
0303030046225170201308
03030300542231F9201308
0303030054225124201308
0303030054225125201308
0303030054225142201308
0303030054225155201308
0303030054225170201308
03030300622231F9201308
0303030062225124201308
0303030062225125201308
0303030062225142201308
0303030062225155201308
0303030062225170201308
0303030070223710201308
0303030070225155201308
0303030070225225201308
0303030070225235201308
0303030070225250201308
0303030070225285201308
0303040017225112201308
0303040025225112201308
0303040025225124201308
0303040025225270201308
0303040033225112201308
0303040041225112201308
0303040041225150201308
0303040050225112201308
0303040050225124201308
0303040050225125201308
0303040068225112201308
0303040068225121201308
0303040068225124201308
0303040068225125201308
0303040068225150201308
0303040068225151201308
0303040068225185201308
0303040068225260201308
0303040068225270201308
0303040068225290201308
0303040076225112201308
0303040076225124201308
0303040076225125201308
0303040076225260201308
0303040084225112201308
0303040084225124201308
0303040084225125201308
0303040084225150201308
0303040084225180201308
0303040084225260201308
0303040084225270201308
0303040092225112201308
0303040092225124201308
0303040092225125201308
0303040092225150201308
0303040092225180201308
0303040092225260201308
0303040092225270201308
0303040106225112201308
0303040106225124201308
0303040106225125201308
0303040106225150201308
0303040106225260201308
0303040106225270201308
0303040114225112201308
0303040114225150201308
0303040114225260201308
0303040114225270201308
0303040122225112201308
0303040122225121201308
0303040122225124201308
0303040122225125201308
0303040122225150201308
0303040122225185201308
0303040122225260201308
0303040130225112201308
0303040130225124201308
0303040130225125201308
0303040130225150201308
0303040130225225201308
0303040149225112201308
0303040149225124201308
0303040149225125201308
0303040149225150201308
0303040149225180201308
0303040157225112201308
0303040157225260201308
0303040165225112201308
0303040165225124201308
0303040165225125201308
0303040165225350201308
0303040173225112201308
0303040173225136201308
0303040181225112201308
0303040190225112201308
0303040203225112201308
0303040203225124201308
0303040203225125201308
0303040203225180201308
0303040211225112201308
0303040211225121201308
0303040211225124201308
0303040211225125201308
0303040211225150201308
0303040211225180201308
0303040211225185201308
0303040211225260201308
0303040220225112201308
0303040220225124201308
0303040220225125201308
0303040220225180201308
0303040238225112201308
0303040238225124201308
0303040238225125201308
0303040238225260201308
0303040238225270201308
0303040246225112201308
0303040246225124201308
0303040246225125201308
0303040246225136201308
0303040246225180201308
0303040254225112201308
0303040254225124201308
0303040254225125201308
0303040254225136201308
0303040254225180201308
0303040262225112201308
0303040262225124201308
0303040262225125201308
0303040262225136201308
0303040262225180201308
0303040262225350201308
0303040270225112201308
0303040270225260201308
0303040289225112201308
0303040297225103201308
0303040297225112201308
0303040297225124201308
0303040297225125201308
0303040297225150201308
0303040297225180201308
0303040297225260201308
03030403002231F9201308
0303040300225112201308
0303040300225120201308
0303040300225125201308
0303040300225150201308
0303040300225260201308
0303050012225265201308
0303050020223905201308
0303050020223910201308
0303050020225265201308
0303050020322305201308
0303050039225265201308
0303050047225265201308
0303050055225265201308
0303050063225265201308
0303050071225265201308
0303050080225265201308
0303050098225265201308
0303050101225265201308
0303050110225265201308
0303050128225265201308
0303050136225265201308
0303050144225265201308
0303050152225265201308
0303050160225265201308
0303050179225265201308
0303050187225265201308
0303050195225265201308
0303050209225265201308
0303050217225265201308
0303050225225265201308
0303060018225120201308
0303060018225125201308
0303060018225210201308
0303060026225120201308
0303060026225124201308
0303060026225125201308
0303060034225120201308
0303060034225124201308
0303060034225125201308
0303060042225120201308
0303060042225125201308
0303060050225120201308
0303060050225125201308
0303060069225120201308
0303060069225124201308
0303060069225125201308
0303060069225150201308
0303060077225120201308
0303060077225124201308
0303060077225125201308
0303060077225150201308
0303060085225120201308
0303060085225124201308
0303060085225125201308
0303060085225150201308
0303060093225120201308
0303060093225125201308
0303060093225150201308
0303060107225120201308
0303060107225124201308
0303060107225125201308
0303060115225120201308
0303060115225124201308
0303060115225125201308
0303060123225120201308
0303060123225124201308
0303060123225125201308
0303060131225120201308
0303060131225124201308
0303060131225125201308
0303060131225150201308
0303060140225120201308
0303060140225124201308
0303060140225125201308
0303060158225120201308
0303060158225124201308
0303060158225125201308
0303060166225120201308
0303060166225124201308
0303060166225125201308
0303060174225120201308
0303060174225124201308
0303060174225125201308
0303060174225127201308
0303060182225120201308
0303060182225124201308
0303060182225125201308
0303060190225120201308
0303060190225124201308
0303060190225125201308
0303060204225120201308
0303060204225125201308
0303060204225150201308
0303060204225203201308
0303060204225210201308
0303060212225120201308
0303060212225124201308
0303060212225125201308
0303060220225120201308
0303060220225124201308
0303060220225125201308
0303060220225142201308
0303060220225150201308
0303060220225170201308
0303060220225203201308
0303060239225120201308
0303060239225124201308
0303060239225125201308
0303060247225115201308
0303060247225120201308
0303060247225125201308
0303060247225203201308
03030602552231F9201308
0303060255225120201308
0303060255225124201308
0303060255225125201308
0303060255225150201308
0303060255225151201308
0303060255225210201308
0303060255225225201308
0303060255225230201308
0303060255225240201308
0303060255225270201308
0303060255225320201308
0303060263225115201308
0303060263225125201308
0303060263225155201308
0303060263225203201308
0303060263225210201308
0303060271225120201308
0303060271225124201308
0303060271225125201308
0303060280225120201308
0303060280225124201308
0303060280225125201308
0303060298225115201308
0303060298225120201308
0303060298225125201308
0303060298225150201308
0303060298225203201308
0303060298225210201308
03030603012231F9201308
0303060301225115201308
0303060301225120201308
0303060301225125201308
0303060301225203201308
03030700132231F9201308
0303070013225124201308
0303070013225125201308
0303070013225142201308
0303070013225165201308
0303070013225170201308
0303070013225310201308
03030700212231F9201308
0303070021225124201308
0303070021225125201308
0303070021225142201308
0303070021225170201308
0303070021225185201308
0303070021225340201308
03030700302231F9201308
0303070030225124201308
0303070030225125201308
0303070030225142201308
0303070030225170201308
0303070030225280201308
03030700482231F9201308
0303070048225124201308
0303070048225125201308
0303070048225142201308
0303070048225165201308
0303070048225170201308
0303070048225310201308
03030700562231F9201308
0303070056225124201308
0303070056225125201308
0303070056225142201308
0303070056225165201308
0303070056225170201308
0303070056225310201308
03030700642231F9201308
0303070064225124201308
0303070064225125201308
0303070064225142201308
0303070064225165201308
0303070064225170201308
03030700722231F9201308
0303070072225103201308
0303070072225124201308
0303070072225125201308
0303070072225142201308
0303070072225165201308
0303070072225170201308
03030700802231F9201308
0303070080225124201308
0303070080225125201308
0303070080225142201308
0303070080225165201308
0303070080225170201308
03030700992231F9201308
0303070099225124201308
0303070099225125201308
0303070099225142201308
0303070099225165201308
0303070099225170201308
03030701022231F9201308
0303070102225124201308
0303070102225125201308
0303070102225142201308
0303070102225165201308
0303070102225170201308
0303070102225280201308
03030701102231F9201308
0303070110225124201308
0303070110225125201308
0303070110225142201308
0303070110225165201308
0303070110225170201308
0303070110225280201308
03030701292231F9201308
0303070129225124201308
0303070129225125201308
0303070129225142201308
0303070129225165201308
0303070129225170201308
0303070137225120201308
0303070137225125201308
0303070137225127201308
0303070137225133201308
0303070137225155201308
0303070137225220201308
0303070137225225201308
03030800192231F9201308
0303080019225124201308
0303080019225125201308
0303080019225135201308
0303080019225142201308
0303080019225170201308
0303080019225225201308
0303080019225250201308
0303080019225275201308
0303080019225280201308
03030800272231F9201308
0303080027225124201308
0303080027225125201308
0303080027225135201308
0303080027225142201308
0303080027225170201308
0303080027225225201308
0303080027225230201308
03030800352231F9201308
0303080035225110201308
0303080035225124201308
0303080035225125201308
0303080035225135201308
0303080035225142201308
0303080035225170201308
0303080035225225201308
0303080035225235201308
0303080035225280201308
03030800432231F9201308
0303080043225124201308
0303080043225125201308
0303080043225135201308
0303080043225142201308
0303080043225170201308
0303080043225280201308
03030800512231F9201308
0303080051225124201308
0303080051225125201308
0303080051225135201308
0303080051225142201308
0303080051225170201308
0303080051225280201308
03030800602231F9201308
0303080060225124201308
0303080060225125201308
0303080060225135201308
0303080060225142201308
0303080060225170201308
0303080060225280201308
03030800782231F9201308
0303080078225124201308
0303080078225125201308
0303080078225135201308
0303080078225142201308
0303080078225170201308
0303080078225280201308
03030800862231F9201308
0303080086225124201308
0303080086225125201308
0303080086225135201308
0303080086225142201308
0303080086225170201308
0303080086225280201308
03030800942231F9201308
0303080094225124201308
0303080094225125201308
0303080094225135201308
0303080094225142201308
0303080094225170201308
0303080094225280201308
0303080108225121201308
0303080108225122201308
0303080108225124201308
0303080108225135201308
0303080108225136201308
0303080108225185201308
0303080116225121201308
0303080116225122201308
0303080116225124201308
0303080116225135201308
0303080116225136201308
0303080116225185201308
0303090014225136201308
0303090014225160201308
0303090014225270201308
0303090022225136201308
0303090022225160201308
0303090022225270201308
03030900302231F8201308
0303090030225125201308
0303090030225130201308
0303090030225136201308
0303090030225139201308
0303090030225142201308
0303090030225160201308
0303090030225170201308
0303090030225270201308
0303090049225270201308
0303090073225270201308
0303090081225260201308
0303090081225270201308
0303090090225270201308
0303090111225260201308
0303090111225270201308
0303090120225270201308
0303090138225125201308
0303090138225150201308
0303090138225225201308
0303090138225270201308
0303090146225125201308
0303090146225142201308
0303090146225225201308
0303090146225240201308
0303090146225270201308
0303090154225270201308
0303090162225125201308
0303090162225142201308
0303090162225225201308
0303090162225270201308
0303090170223268201308
0303090170225215201308
0303090170225225201308
0303090170225235201308
0303090170225270201308
0303090170225275201308
0303090189225125201308
0303090189225225201308
0303090189225240201308
0303090189225270201308
0303090197225225201308
0303090197225270201308
0303090200223605201308
0303090200225160201308
0303090200225270201308
0303090219225260201308
0303090219225270201308
0303090227225160201308
0303090227225270201308
0303090235225260201308
0303090235225270201308
0303090243223605201308
0303090243225112201308
0303090243225160201308
0303090243225270201308
0303090251225260201308
0303090251225270201308
0303090260225270201308
0303090286225160201308
0303090286225270201308
0303090294225125201308
0303090294225260201308
0303090294225270201308
03030903162231F9201308
0303090316225124201308
0303090316225125201308
0303090316225136201308
0303090316225270201308
0303100010225125201308
0303100010225250201308
0303100028225125201308
0303100028225250201308
0303100036225120201308
0303100036225125201308
0303100036225250201308
0303100044225120201308
0303100044225125201308
0303100044225250201308
0303100052225125201308
0303100052225250201308
03031100152231F9201308
0303110015225124201308
0303110015225125201308
0303110015225142201308
0303110015225170201308
0303110015225270201308
03031100232231F9201308
0303110023223605201308
0303110023223810201308
0303110023225112201308
0303110023225120201308
0303110023225124201308
0303110023225125201308
0303110023225142201308
0303110023225165201308
0303110023225170201308
0303110023225175201308
03031100312231F9201308
0303110031225112201308
0303110031225124201308
0303110031225125201308
0303110031225142201308
0303110031225170201308
0303110031225270201308
0303110031225285201308
03031100402231F9201308
0303110040225115201308
0303110040225120201308
0303110040225124201308
0303110040225125201308
0303110040225142201308
0303110040225170201308
03031100582231A1201308
03031100582231F9201308
0303110058225124201308
0303110058225125201308
0303110058225127201308
0303110058225142201308
0303110058225170201308
0303110058225275201308
03031100662231F9201308
0303110066225124201308
0303110066225125201308
0303110066225142201308
0303110066225170201308
0303110066225285201308
03031100742231F9201308
0303110074225124201308
0303110074225125201308
0303110074225142201308
0303110074225170201308
0303110074225250201308
0303110074225285201308
03031100822231F9201308
0303110082225112201308
0303110082225124201308
0303110082225125201308
0303110082225142201308
0303110082225170201308
03031100902231F9201308
0303110090225112201308
0303110090225124201308
0303110090225125201308
0303110090225142201308
0303110090225170201308
03031101042231F9201308
0303110104225112201308
0303110104225120201308
0303110104225124201308
0303110104225125201308
0303110104225142201308
0303110104225170201308
0303110104225175201308
03031101122231F9201308
0303110112225124201308
0303110112225125201308
0303110112225142201308
0303110112225165201308
0303110112225170201308
0303120037225315201308
0303120045225315201308
0303120053225315201308
0303120061225315201308
0303120070225315201308
03031300162231F9201308
0303130016225112201308
0303130016225124201308
0303130016225125201308
0303130016225160201308
0303130016225170201308
0303130016225270201308
0303130024225120201308
0303130024225124201308
0303130024225125201308
0303130024225170201308
03031300322231A1201308
03031300322231F9201308
0303130032225124201308
0303130032225125201308
0303130032225127201308
0303130032225170201308
03031300402231F9201308
0303130040225103201308
0303130040225124201308
0303130040225125201308
0303130040225170201308
03031300592231F9201308
0303130059225112201308
0303130059225124201308
0303130059225125201308
0303130059225170201308
03031300672231F9201308
0303130067225121201308
0303130067225122201308
0303130067225124201308
0303130067225125201308
0303130067225170201308
03031300752231F9201308
0303130075225124201308
0303130075225125201308
0303130075225136201308
0303130075225170201308
0303130075225270201308
03031300832231F9201308
0303130083225103201308
0303130083225124201308
0303130083225125201308
0303130083225135201308
0303130083225170201308
0303130083226305201308
03031400112231F9201308
0303140011225124201308
0303140011225125201308
0303140011225170201308
0303140011225275201308
03031400202231F9201308
0303140020225124201308
0303140020225125201308
0303140020225127201308
0303140020225165201308
0303140020225170201308
03031400382231F9201308
0303140038225124201308
0303140038225125201308
0303140038225127201308
0303140038225170201308
03031400462231F9201308
0303140046225103201308
0303140046225124201308
0303140046225125201308
0303140046225127201308
0303140046225170201308
03031400542231F9201308
0303140054225124201308
0303140054225125201308
0303140054225127201308
0303140054225170201308
03031400622231F9201308
0303140062225120201308
0303140062225124201308
0303140062225125201308
0303140062225127201308
0303140062225170201308
03031400702231F9201308
0303140070225124201308
0303140070225125201308
0303140070225170201308
0303140070225275201308
03031400892231F9201308
0303140089225124201308
0303140089225125201308
0303140089225127201308
0303140089225170201308
03031400972231F9201308
0303140097225124201308
0303140097225125201308
0303140097225127201308
0303140097225170201308
0303140097225275201308
03031401002231F9201308
0303140100225124201308
0303140100225125201308
0303140100225127201308
0303140100225170201308
0303140100225275201308
03031401192231F9201308
0303140119225124201308
0303140119225125201308
0303140119225127201308
0303140119225170201308
03031401272231F9201308
0303140127225124201308
0303140127225125201308
0303140127225127201308
0303140127225170201308
0303140127225275201308
03031401352231F9201308
0303140135225110201308
0303140135225124201308
0303140135225125201308
0303140135225127201308
0303140135225170201308
03031401432231F9201308
0303140143225110201308
0303140143225124201308
0303140143225125201308
0303140143225127201308
0303140143225170201308
03031401512231F9201308
0303140151225103201308
0303140151225124201308
0303140151225125201308
0303140151225127201308
0303140151225170201308
03031500172231F9201308
0303150017225109201308
0303150017225125201308
0303150017225170201308
0303150017225285201308
03031500252231F9201308
0303150025225109201308
0303150025225124201308
0303150025225125201308
0303150025225170201308
0303150025225285201308
03031500332231F9201308
0303150033225109201308
0303150033225124201308
0303150033225125201308
0303150033225170201308
0303150033225250201308
0303150033225285201308
03031500412231F9201308
0303150041225109201308
0303150041225124201308
0303150041225125201308
0303150041225170201308
03031500502231F9201308
0303150050225109201308
0303150050225124201308
0303150050225125201308
0303150050225142201308
0303150050225170201308
0303150050225285201308
03031500682231F9201308
0303150068225109201308
0303150068225124201308
0303150068225125201308
0303150068225170201308
0303150068225285201308
03031600122231F9201308
0303160012225124201308
0303160012225165201308
03031600202231F9201308
0303160020225103201308
0303160020225124201308
0303160020225125201308
0303160020225142201308
0303160020225170201308
0303160020225250201308
0303160020225255201308
03031600392231F9201308
0303160039225112201308
0303160039225120201308
0303160039225124201308
0303160039225127201308
03031600472231F9201308
0303160047225124201308
0303160047225165201308
0303160047225185201308
03031600552231F9201308
0303160055223605201308
0303160055223710201308
0303160055225112201308
0303160055225120201308
0303160055225124201308
0303160055225127201308
0303160055225155201308
03031600632231F9201308
0303160063223605201308
0303160063225120201308
0303160063225124201308
0303160063225127201308
03031600712231F9201308
0303160071225112201308
0303160071225124201308
03031700932231F9201308
0303170093225124201308
0303170093225133201308
0303170093225170201308
0303170093226305201308
0303170093251510201308
03031701072231F9201308
0303170107223505201308
0303170107223905201308
0303170107225124201308
0303170107225133201308
0303170107225170201308
0303170107226305201308
0303170107251510201308
0303170107251605201308
03031701312231F9201308
0303170131225103201308
0303170131225105201308
0303170131225106201308
0303170131225109201308
0303170131225110201308
0303170131225112201308
0303170131225115201308
0303170131225118201308
0303170131225120201308
0303170131225121201308
0303170131225122201308
0303170131225124201308
0303170131225125201308
0303170131225127201308
0303170131225130201308
0303170131225133201308
0303170131225135201308
0303170131225136201308
0303170131225139201308
0303170131225140201308
0303170131225142201308
0303170131225145201308
0303170131225148201308
0303170131225150201308
0303170131225151201308
0303170131225155201308
0303170131225160201308
0303170131225165201308
0303170131225170201308
0303170131225175201308
0303170131225180201308
0303170131225185201308
0303170131225195201308
0303170131225250201308
0303170131225340201308
03031701402231F9201308
0303170140225103201308
0303170140225105201308
0303170140225106201308
0303170140225109201308
0303170140225110201308
0303170140225112201308
0303170140225115201308
0303170140225118201308
0303170140225120201308
0303170140225121201308
0303170140225122201308
0303170140225124201308
0303170140225125201308
0303170140225127201308
0303170140225130201308
0303170140225133201308
0303170140225135201308
0303170140225136201308
0303170140225139201308
0303170140225140201308
0303170140225142201308
0303170140225145201308
0303170140225148201308
0303170140225150201308
0303170140225151201308
0303170140225155201308
0303170140225160201308
0303170140225165201308
0303170140225170201308
0303170140225175201308
0303170140225180201308
0303170140225185201308
0303170140225195201308
0303170140225250201308
0303170140225340201308
03031701582231F9201308
0303170158225103201308
0303170158225105201308
0303170158225106201308
0303170158225109201308
0303170158225110201308
0303170158225112201308
0303170158225115201308
0303170158225118201308
0303170158225120201308
0303170158225121201308
0303170158225122201308
0303170158225124201308
0303170158225125201308
0303170158225127201308
0303170158225130201308
0303170158225133201308
0303170158225135201308
0303170158225136201308
0303170158225139201308
0303170158225140201308
0303170158225142201308
0303170158225145201308
0303170158225148201308
0303170158225150201308
0303170158225151201308
0303170158225155201308
0303170158225160201308
0303170158225165201308
0303170158225170201308
0303170158225175201308
0303170158225180201308
0303170158225185201308
0303170158225195201308
0303170158225250201308
0303170158225340201308
03031701662231F9201308
0303170166225103201308
0303170166225105201308
0303170166225106201308
0303170166225109201308
0303170166225110201308
0303170166225112201308
0303170166225115201308
0303170166225118201308
0303170166225120201308
0303170166225121201308
0303170166225122201308
0303170166225124201308
0303170166225125201308
0303170166225127201308
0303170166225130201308
0303170166225133201308
0303170166225135201308
0303170166225136201308
0303170166225139201308
0303170166225140201308
0303170166225142201308
0303170166225145201308
0303170166225148201308
0303170166225150201308
0303170166225151201308
0303170166225155201308
0303170166225160201308
0303170166225165201308
0303170166225170201308
0303170166225175201308
0303170166225180201308
0303170166225185201308
0303170166225195201308
0303170166225250201308
0303170166225340201308
03031701742231F9201308
0303170174225103201308
0303170174225105201308
0303170174225106201308
0303170174225109201308
0303170174225110201308
0303170174225112201308
0303170174225115201308
0303170174225118201308
0303170174225120201308
0303170174225121201308
0303170174225122201308
0303170174225124201308
0303170174225125201308
0303170174225127201308
0303170174225130201308
0303170174225133201308
0303170174225135201308
0303170174225136201308
0303170174225139201308
0303170174225140201308
0303170174225142201308
0303170174225145201308
0303170174225148201308
0303170174225150201308
0303170174225151201308
0303170174225155201308
0303170174225160201308
0303170174225165201308
0303170174225170201308
0303170174225175201308
0303170174225180201308
0303170174225185201308
0303170174225195201308
0303170174225250201308
0303170174225340201308
03031701822231F9201308
0303170182225103201308
0303170182225105201308
0303170182225106201308
0303170182225109201308
0303170182225110201308
0303170182225112201308
0303170182225115201308
0303170182225118201308
0303170182225120201308
0303170182225121201308
0303170182225122201308
0303170182225124201308
0303170182225125201308
0303170182225127201308
0303170182225130201308
0303170182225133201308
0303170182225135201308
0303170182225136201308
0303170182225139201308
0303170182225140201308
0303170182225142201308
0303170182225145201308
0303170182225148201308
0303170182225150201308
0303170182225151201308
0303170182225155201308
0303170182225160201308
0303170182225165201308
0303170182225170201308
0303170182225175201308
0303170182225180201308
0303170182225185201308
0303170182225195201308
0303170182225250201308
0303170182225340201308
03031800132231F9201308
0303180013225103201308
0303180013225112201308
0303180013225124201308
0303180013225125201308
0303180013225127201308
0303180013225165201308
0303180013225170201308
03031800302231F9201308
0303180030225103201308
0303180030225124201308
0303180030225125201308
0303180030225165201308
0303180030225170201308
03031800482231F9201308
0303180048225103201308
0303180048225112201308
0303180048225124201308
0303180048225125201308
0303180048225170201308
03031800562231F9201308
0303180056225103201308
0303180056225124201308
0303180056225125201308
0303180056225127201308
0303180056225170201308
03031800642231F9201308
0303180064225103201308
0303180064225124201308
0303180064225125201308
0303180064225170201308
03031800722231F9201308
0303180072225103201308
0303180072225124201308
0303180072225125201308
0303180072225170201308
03031900192231F9201308
0303190019225112201308
0303190019225124201308
0303190019225125201308
0303190019225136201308
0303190019225160201308
0303190019225175201308
0303190019225260201308
0303190019225270201308
0303190019225285201308
0303190019226305201308
0304010014225330201308
0304010022225330201308
0304010030225330201308
0304010049225330201308
0304010057225330201308
0304010065225330201308
0304010073225330201308
0304010081225330201308
0304010090225330201308
0304010103225260201308
0304010103225330201308
0304010111225121201308
0304010111225122201308
0304010111225125201308
0304010111225185201308
0304010111225330201308
0304010120225330201308
0304010138225330201308
0304010146225330201308
0304010154225330201308
0304010162225330201308
0304010170225151201308
0304010170225330201308
0304010189225330201308
0304010197225330201308
0304010200225330201308
0304010219225330201308
0304010235225330201308
0304010243225330201308
0304010260225330201308
0304010286225330201308
0304010294225330201308
0304010308225330201308
0304010316225330201308
0304010324225330201308
0304010332225330201308
0304010340225151201308
0304010340225330201308
0304020010225121201308
0304020028225121201308
0304020036225121201308
0304020044225121201308
0304020052225121201308
0304020060225121201308
0304020079225121201308
0304020087225121201308
0304020095225121201308
0304020109225121201308
0304020117225121201308
0304020125225121201308
0304020133225121201308
0304020141225121201308
0304020150225121201308
0304020168225121201308
0304020176225121201308
0304020184225121201308
0304020192225121201308
0304020206225121201308
0304020214225121201308
0304020222225121201308
0304020230225121201308
0304020249225121201308
0304020257225121201308
0304020265225121201308
0304020273225121201308
0304020281225121201308
0304020290225121201308
0304020303225121201308
0304020311225121201308
0304020320225121201308
0304020338225121201308
0304020346225121201308
0304020362225121201308
0304020370225121201308
0304020389225121201308
0304020397225121201308
0304020400225121201308
0304030015225121201308
0304030015225185201308
0304030023225121201308
0304030023225185201308
0304030031225121201308
0304030031225185201308
0304030040225121201308
0304030040225185201308
0304030058225121201308
0304030058225185201308
0304030066225121201308
0304030066225185201308
0304030074225121201308
0304030074225185201308
0304030082225121201308
0304030082225185201308
0304030090225121201308
0304030090225185201308
0304030104225121201308
0304030104225185201308
0304030112225121201308
0304030112225185201308
0304030120225121201308
0304030120225185201308
0304030139225121201308
0304030139225185201308
0304030147225121201308
0304030147225185201308
0304030155225121201308
0304030155225185201308
0304030163225121201308
0304030163225185201308
0304030171225121201308
0304030171225185201308
0304030180225121201308
0304030180225185201308
0304030198225121201308
0304030198225185201308
0304030201225121201308
0304030201225185201308
0304030210225121201308
0304030210225185201308
0304030228225121201308
0304030228225185201308
0304040010225121201308
0304040029225121201308
0304040045225121201308
0304040053225121201308
0304040061225121201308
0304040070225121201308
0304040088225121201308
0304040096225121201308
0304040100225121201308
0304040118225121201308
0304040126225121201308
0304040134225121201308
0304040142225121201308
0304040150225121201308
0304040169225121201308
0304040177225121201308
0304040185225121201308
0304050016225121201308
0304050024225121201308
0304050032225121201308
0304050040225121201308
0304050067225121201308
0304050075225121201308
0304050113225121201308
0304050121225121201308
0304050130225121201308
0304050164225121201308
0304050172225121201308
0304050180225121201308
0304050202225121201308
0304050210225121201308
0304050229225121201308
0304050253225121201308
0304050261225121201308
0304050270225121201308
0304050288225121201308
0304050296225121201308
0304050300225121201308
0304050318225121201308
0304050326225121201308
0304060011225121201308
0304060011225185201308
0304060038225121201308
0304060038225185201308
0304060046225121201308
0304060046225185201308
0304060070225121201308
0304060070225185201308
0304060089225121201308
0304060089225185201308
0304060097225121201308
0304060097225185201308
0304060100225121201308
0304060100225185201308
0304060119225121201308
0304060119225185201308
0304060127225121201308
0304060127225185201308
0304060135225121201308
0304060135225185201308
0304060151225121201308
0304060160225121201308
0304060178225121201308
0304060186225121201308
0304060208225121201308
0304060216225121201308
0304060224225121201308
0304060224225185201308
0304070017225121201308
0304070017225122201308
0304070017225185201308
0304070017226305201308
0304070025225121201308
0304070025225122201308
0304070025225185201308
0304070033225121201308
0304070033225122201308
0304070033225185201308
0304070041225121201308
0304070041225122201308
0304070041225185201308
0304070050225121201308
0304070050225122201308
0304080012225121201308
0304080012225122201308
0304080012225185201308
0304080020225121201308
0304080020225122201308
0304080020225185201308
0304080039225121201308
0304080039225122201308
0304080039225185201308
0304080047225121201308
0304080055225121201308
0304080055225122201308
0304080055225185201308
0304080063225121201308
0304080071225121201308
0304080071225122201308
0304080071225185201308
0304090018225315201308
0304090026225315201308
0304090034225315201308
0304090042225315201308
0304100013225121201308
0304100013225122201308
0304100013225124201308
0304100013225125201308
0304100013225185201308
0304100013225330201308
0304100021225121201308
0304100021225122201308
0304100021225124201308
0304100021225125201308
0304100021225180201308
0304100021225185201308
0304100021225330201308
0305010018225109201308
0305010026225109201308
0305010034225109201308
0305010042225109201308
0305010093225109201308
0305010107225109201308
0305010115225109201308
0305010123225109201308
0305010131225109201308
0305010140225109201308
0305010158225109201308
0305010166223505201308
0305010166223535201308
0305010166225109201308
0305010174225109201308
0305010182223505201308
0305010182223535201308
0305010182225109201308
0305010190225109201308
0305020013225109201308
0305020013225124201308
0305020013225125201308
0305020013225285201308
0305020021225109201308
0305020021225124201308
0305020021225125201308
0305020021225285201308
0305020030225109201308
0305020030225120201308
0305020030225124201308
0305020030225125201308
0305020048225109201308
0305020048225124201308
0305020048225125201308
0305020056225109201308
0305020056225124201308
0305020056225125201308
0306010011223505201308
0306010011225125201308
0306010011322205201308
0306010011322230201308
0306010011324205201308
0306010011324210201308
0306010020223505201308
0306010020225150201308
0306010020225185201308
0306010020225340201308
0306010038225125201308
0306010038225185201308
0306010038225340201308
0306020017225125201308
0306020017225150201308
0306020017225185201308
0306020017225340201308
0306020025223505201308
0306020025223525201308
0306020025225125201308
0306020025225185201308
0306020025225340201308
0306020025322205201308
0306020033223505201308
0306020033223525201308
0306020033225125201308
0306020033225185201308
0306020033225340201308
0306020033322205201308
0306020041223505201308
0306020041225124201308
0306020041225125201308
0306020041225185201308
0306020041225340201308
0306020041322205201308
0306020050223505201308
0306020050225185201308
0306020050225340201308
0306020068223505201308
0306020068225125201308
0306020068225185201308
0306020068225340201308
0306020068322205201308
0306020076223505201308
0306020076225125201308
0306020076225185201308
0306020076225340201308
0306020076322205201308
0306020084223505201308
0306020084225125201308
0306020084225185201308
0306020084225340201308
0306020084322205201308
0306020092223505201308
0306020092225125201308
0306020092225185201308
0306020092225340201308
0306020106223505201308
0306020106225125201308
0306020106225185201308
0306020106225340201308
0306020106322205201308
0306020114223505201308
0306020114225125201308
0306020114225185201308
0306020114225340201308
0306020114322205201308
0306020122223505201308
0306020122225124201308
0306020122225125201308
0306020122225185201308
0306020122225340201308
0306020130223505201308
0306020130225124201308
0306020130225185201308
0306020130225340201308
0306020149223505201308
0306020149225125201308
0306020149225185201308
0306020149225340201308
0306020149322205201308
0306020157225250201308
0306020157225320201308
0306020157225340201308
0307010015223204201308
0307010015223208201308
0307010015223212201308
0307010015223216201308
0307010015223220201308
0307010015223224201308
0307010015223228201308
0307010015223232201308
0307010015223236201308
0307010015223240201308
0307010015223244201308
0307010015223248201308
0307010015223252201308
0307010015223256201308
0307010015223260201308
0307010015223264201308
0307010015223268201308
0307010015223272201308
0307010015223276201308
0307010015223280201308
0307010015223284201308
0307010015223288201308
0307010015223293201308
0307010023223204201308
0307010023223208201308
0307010023223212201308
0307010023223216201308
0307010023223220201308
0307010023223224201308
0307010023223228201308
0307010023223232201308
0307010023223236201308
0307010023223240201308
0307010023223244201308
0307010023223248201308
0307010023223252201308
0307010023223256201308
0307010023223260201308
0307010023223264201308
0307010023223268201308
0307010023223272201308
0307010023223276201308
0307010023223280201308
0307010023223284201308
0307010023223288201308
0307010023223293201308
0307010031223204201308
0307010031223208201308
0307010031223212201308
0307010031223216201308
0307010031223220201308
0307010031223224201308
0307010031223228201308
0307010031223232201308
0307010031223236201308
0307010031223240201308
0307010031223244201308
0307010031223248201308
0307010031223252201308
0307010031223256201308
0307010031223260201308
0307010031223264201308
0307010031223268201308
0307010031223272201308
0307010031223276201308
0307010031223280201308
0307010031223284201308
0307010031223288201308
0307010031223293201308
0307010040223204201308
0307010040223208201308
0307010040223212201308
0307010040223216201308
0307010040223220201308
0307010040223224201308
0307010040223228201308
0307010040223232201308
0307010040223236201308
0307010040223240201308
0307010040223244201308
0307010040223248201308
0307010040223252201308
0307010040223256201308
0307010040223260201308
0307010040223264201308
0307010040223268201308
0307010040223272201308
0307010040223276201308
0307010040223280201308
0307010040223284201308
0307010040223288201308
0307010040223293201308
0307010058223208201308
0307010058223212201308
0307010058223216201308
0307010058223220201308
0307010058223224201308
0307010058223228201308
0307010058223232201308
0307010058223236201308
0307010058223240201308
0307010058223244201308
0307010058223248201308
0307010058223252201308
0307010058223256201308
0307010058223260201308
0307010058223264201308
0307010058223268201308
0307010058223272201308
0307010058223288201308
0307010058223293201308
0307020010223204201308
0307020010223208201308
0307020010223212201308
0307020010223216201308
0307020010223220201308
0307020010223224201308
0307020010223228201308
0307020010223232201308
0307020010223236201308
0307020010223240201308
0307020010223244201308
0307020010223248201308
0307020010223252201308
0307020010223256201308
0307020010223260201308
0307020010223264201308
0307020010223268201308
0307020010223272201308
0307020010223276201308
0307020010223280201308
0307020010223284201308
0307020010223288201308
0307020010223293201308
0307020029223204201308
0307020029223208201308
0307020029223212201308
0307020029223216201308
0307020029223220201308
0307020029223224201308
0307020029223228201308
0307020029223232201308
0307020029223236201308
0307020029223240201308
0307020029223244201308
0307020029223248201308
0307020029223252201308
0307020029223256201308
0307020029223260201308
0307020029223264201308
0307020029223268201308
0307020029223272201308
0307020029223276201308
0307020029223280201308
0307020029223284201308
0307020029223288201308
0307020029223293201308
0307020037223204201308
0307020037223208201308
0307020037223212201308
0307020037223216201308
0307020037223220201308
0307020037223224201308
0307020037223228201308
0307020037223232201308
0307020037223236201308
0307020037223240201308
0307020037223244201308
0307020037223248201308
0307020037223252201308
0307020037223256201308
0307020037223260201308
0307020037223264201308
0307020037223268201308
0307020037223272201308
0307020037223288201308
0307020037223293201308
0307020045223204201308
0307020045223208201308
0307020045223212201308
0307020045223216201308
0307020045223220201308
0307020045223224201308
0307020045223228201308
0307020045223232201308
0307020045223236201308
0307020045223240201308
0307020045223244201308
0307020045223248201308
0307020045223252201308
0307020045223256201308
0307020045223260201308
0307020045223264201308
0307020045223268201308
0307020045223272201308
0307020045223288201308
0307020045223293201308
0307020053223204201308
0307020053223208201308
0307020053223212201308
0307020053223216201308
0307020053223220201308
0307020053223224201308
0307020053223228201308
0307020053223232201308
0307020053223236201308
0307020053223240201308
0307020053223244201308
0307020053223248201308
0307020053223252201308
0307020053223256201308
0307020053223260201308
0307020053223264201308
0307020053223268201308
0307020053223272201308
0307020053223288201308
0307020053223293201308
0307020061223204201308
0307020061223208201308
0307020061223212201308
0307020061223216201308
0307020061223220201308
0307020061223224201308
0307020061223228201308
0307020061223232201308
0307020061223236201308
0307020061223240201308
0307020061223244201308
0307020061223248201308
0307020061223252201308
0307020061223256201308
0307020061223260201308
0307020061223264201308
0307020061223268201308
0307020061223272201308
0307020061223288201308
0307020061223293201308
0307020070223204201308
0307020070223208201308
0307020070223212201308
0307020070223216201308
0307020070223220201308
0307020070223224201308
0307020070223228201308
0307020070223232201308
0307020070223236201308
0307020070223240201308
0307020070223244201308
0307020070223248201308
0307020070223252201308
0307020070223256201308
0307020070223260201308
0307020070223264201308
0307020070223268201308
0307020070223272201308
0307020070223276201308
0307020070223280201308
0307020070223284201308
0307020070223288201308
0307020070223293201308
0307020088223204201308
0307020088223208201308
0307020088223212201308
0307020088223216201308
0307020088223220201308
0307020088223224201308
0307020088223228201308
0307020088223232201308
0307020088223236201308
0307020088223240201308
0307020088223244201308
0307020088223248201308
0307020088223252201308
0307020088223256201308
0307020088223260201308
0307020088223264201308
0307020088223268201308
0307020088223272201308
0307020088223288201308
0307020088223293201308
0307020096223204201308
0307020096223208201308
0307020096223212201308
0307020096223216201308
0307020096223220201308
0307020096223224201308
0307020096223228201308
0307020096223232201308
0307020096223236201308
0307020096223240201308
0307020096223244201308
0307020096223248201308
0307020096223252201308
0307020096223256201308
0307020096223260201308
0307020096223264201308
0307020096223268201308
0307020096223272201308
0307020096223288201308
0307020096223293201308
0307020100223204201308
0307020100223208201308
0307020100223212201308
0307020100223216201308
0307020100223220201308
0307020100223224201308
0307020100223228201308
0307020100223232201308
0307020100223236201308
0307020100223240201308
0307020100223244201308
0307020100223248201308
0307020100223252201308
0307020100223256201308
0307020100223260201308
0307020100223264201308
0307020100223268201308
0307020100223272201308
0307020100223288201308
0307020100223293201308
0307020118223204201308
0307020118223208201308
0307020118223212201308
0307020118223216201308
0307020118223220201308
0307020118223224201308
0307020118223228201308
0307020118223232201308
0307020118223236201308
0307020118223240201308
0307020118223244201308
0307020118223248201308
0307020118223252201308
0307020118223256201308
0307020118223260201308
0307020118223264201308
0307020118223268201308
0307020118223272201308
0307020118223288201308
0307020118223293201308
0307030016223204201308
0307030016223208201308
0307030016223212201308
0307030016223216201308
0307030016223220201308
0307030016223224201308
0307030016223228201308
0307030016223232201308
0307030016223236201308
0307030016223240201308
0307030016223244201308
0307030016223248201308
0307030016223252201308
0307030016223256201308
0307030016223260201308
0307030016223264201308
0307030016223268201308
0307030016223272201308
0307030016223276201308
0307030016223280201308
0307030016223284201308
0307030016223288201308
0307030016223293201308
0307030016322405201308
0307030016322425201308
0307030024223204201308
0307030024223208201308
0307030024223212201308
0307030024223216201308
0307030024223220201308
0307030024223224201308
0307030024223228201308
0307030024223232201308
0307030024223236201308
0307030024223240201308
0307030024223244201308
0307030024223248201308
0307030024223252201308
0307030024223256201308
0307030024223260201308
0307030024223264201308
0307030024223268201308
0307030024223272201308
0307030024223276201308
0307030024223280201308
0307030024223284201308
0307030024223288201308
0307030024223293201308
0307030032223204201308
0307030032223208201308
0307030032223212201308
0307030032223216201308
0307030032223220201308
0307030032223224201308
0307030032223228201308
0307030032223232201308
0307030032223236201308
0307030032223240201308
0307030032223244201308
0307030032223248201308
0307030032223252201308
0307030032223256201308
0307030032223260201308
0307030032223264201308
0307030032223268201308
0307030032223272201308
0307030032223288201308
0307030032223293201308
0307040011223204201308
0307040011223208201308
0307040011223212201308
0307040011223216201308
0307040011223220201308
0307040011223224201308
0307040011223228201308
0307040011223232201308
0307040011223236201308
0307040011223240201308
0307040011223244201308
0307040011223248201308
0307040011223252201308
0307040011223256201308
0307040011223260201308
0307040011223264201308
0307040011223268201308
0307040011223272201308
0307040011223288201308
0307040011223293201308
0307040062223204201308
0307040062223208201308
0307040062223212201308
0307040062223216201308
0307040062223220201308
0307040062223224201308
0307040062223228201308
0307040062223232201308
0307040062223236201308
0307040062223240201308
0307040062223244201308
0307040062223248201308
0307040062223252201308
0307040062223256201308
0307040062223260201308
0307040062223264201308
0307040062223268201308
0307040062223272201308
0307040062223293201308
0307040070223204201308
0307040070223208201308
0307040070223212201308
0307040070223216201308
0307040070223220201308
0307040070223224201308
0307040070223228201308
0307040070223232201308
0307040070223236201308
0307040070223240201308
0307040070223244201308
0307040070223248201308
0307040070223252201308
0307040070223256201308
0307040070223260201308
0307040070223264201308
0307040070223268201308
0307040070223272201308
0307040070223276201308
0307040070223280201308
0307040070223284201308
0307040070223288201308
0307040070223293201308
0307040089223204201308
0307040089223208201308
0307040089223212201308
0307040089223216201308
0307040089223220201308
0307040089223224201308
0307040089223228201308
0307040089223232201308
0307040089223236201308
0307040089223240201308
0307040089223244201308
0307040089223248201308
0307040089223252201308
0307040089223256201308
0307040089223260201308
0307040089223264201308
0307040089223268201308
0307040089223272201308
0307040089223288201308
0307040089223293201308
0307040100223208201308
0307040100223212201308
0307040100223216201308
0307040100223220201308
0307040100223224201308
0307040100223228201308
0307040100223236201308
0307040100223240201308
0307040100223244201308
0307040100223248201308
0307040100223252201308
0307040100223256201308
0307040100223260201308
0307040100223264201308
0307040100223268201308
0307040100223272201308
0307040100223276201308
0307040100223280201308
0307040100223284201308
0307040100223288201308
0307040100223293201308
0307040119223208201308
0307040119223212201308
0307040119223216201308
0307040119223220201308
0307040119223224201308
0307040119223228201308
0307040119223236201308
0307040119223240201308
0307040119223244201308
0307040119223248201308
0307040119223252201308
0307040119223256201308
0307040119223260201308
0307040119223264201308
0307040119223268201308
0307040119223272201308
0307040119223280201308
0307040119223284201308
0307040119223288201308
0307040119223293201308
0307040127223208201308
0307040127223212201308
0307040127223216201308
0307040127223220201308
0307040127223224201308
0307040127223228201308
0307040127223236201308
0307040127223240201308
0307040127223244201308
0307040127223248201308
0307040127223252201308
0307040127223256201308
0307040127223260201308
0307040127223264201308
0307040127223268201308
0307040127223272201308
0307040127223280201308
0307040127223284201308
0307040127223288201308
0307040127223293201308
0307040135223208201308
0307040135223212201308
0307040135223216201308
0307040135223220201308
0307040135223224201308
0307040135223228201308
0307040135223232201308
0307040135223236201308
0307040135223240201308
0307040135223248201308
0307040135223252201308
0307040135223256201308
0307040135223264201308
0307040135223268201308
0307040135223272201308
0307040135223280201308
0307040135223284201308
0307040135223288201308
0307040135223293201308
0307040143223208201308
0307040143223212201308
0307040143223216201308
0307040143223220201308
0307040143223224201308
0307040143223228201308
0307040143223232201308
0307040143223236201308
0307040143223240201308
0307040143223244201308
0307040143223248201308
0307040143223252201308
0307040143223256201308
0307040143223264201308
0307040143223268201308
0307040143223272201308
0307040143223280201308
0307040143223284201308
0307040143223288201308
0307040143223293201308
0307040151223208201308
0307040151223212201308
0307040151223216201308
0307040151223220201308
0307040151223224201308
0307040151223228201308
0307040151223232201308
0307040151223236201308
0307040151223240201308
0307040151223244201308
0307040151223248201308
0307040151223252201308
0307040151223256201308
0307040151223264201308
0307040151223268201308
0307040151223272201308
0307040151223280201308
0307040151223284201308
0307040151223288201308
0307040151223293201308
0307040160223208201308
0307040160223212201308
0307040160223216201308
0307040160223220201308
0307040160223224201308
0307040160223228201308
0307040160223232201308
0307040160223236201308
0307040160223240201308
0307040160223244201308
0307040160223248201308
0307040160223252201308
0307040160223256201308
0307040160223264201308
0307040160223268201308
0307040160223272201308
0307040160223280201308
0307040160223284201308
0307040160223288201308
0307040160223293201308
03080100192231F9201308
0308010019225124201308
0308010019225125201308
0308010019225170201308
0308010019225225201308
0308010019225230201308
0308010019225270201308
03080100272231F9201308
0308010027225124201308
0308010027225125201308
0308010027225127201308
0308010027225170201308
0308010035225120201308
0308010035225124201308
0308010035225125201308
0308010035225127201308
0308010035225165201308
0308010035225270201308
0308010035225285201308
03080100432231F9201308
0308010043225124201308
0308010043225125201308
0308010043225170201308
0308010043225225201308
0308010043225230201308
0308010043225270201308
03080200142231F9201308
0308020014225109201308
0308020014225124201308
0308020014225125201308
0308020022225124201308
0308020022225125201308
0308020022225170201308
03080200302231F9201308
0308020030225124201308
0308020030225125201308
0308020030225133201308
0308020030225170201308
03080300102231F9201308
0308030010225125201308
0308030010225170201308
0308030010225225201308
0308030010225230201308
0308030010225250201308
0308030010225275201308
0308030010225285201308
0308030010225310201308
03080300282231F9201308
0308030028225124201308
0308030028225125201308
0308030028225170201308
03080300362231F9201308
0308030036225124201308
0308030036225125201308
0308030036225150201308
0308030036225170201308
0308030036225225201308
03080400152231F9201308
0308040015225103201308
0308040015225109201308
0308040015225110201308
0308040015225112201308
0308040015225115201308
0308040015225118201308
0308040015225120201308
0308040015225124201308
0308040015225125201308
0308040015225127201308
0308040015225133201308
0308040015225135201308
0308040015225136201308
0308040015225150201308
0308040015225151201308
0308040015225155201308
0308040015225165201308
0308040015225170201308
0308040015225180201308
0308040015225185201308
0308040015225210201308
0308040015225215201308
0308040015225220201308
0308040015225225201308
0308040015225230201308
0308040015225235201308
0308040015225240201308
0308040015225250201308
0308040015225255201308
0308040015225260201308
0308040015225265201308
0308040015225270201308
0308040015225275201308
0308040015225280201308
0308040015225285201308
0308040015225330201308
0308040015225340201308
0308040015225350201308
03080400232231F9201308
0308040023225103201308
0308040023225124201308
0308040023225125201308
0308040023225170201308
0309010039225220201308
0309010039225225201308
0309010039225310201308
0309010047223405201308
0309010047223505201308
0309010047223710201308
0309010047225118201308
0309010047225125201308
0309010047225150201308
0309010047225165201308
0309010047225220201308
0309010047225225201308
0309010055223405201308
0309010055223505201308
0309010055223710201308
0309010055225118201308
0309010055225124201308
0309010055225125201308
0309010055225150201308
0309010055225165201308
0309010063223405201308
0309010063223505201308
0309010063223710201308
0309010063225118201308
0309010063225124201308
0309010063225125201308
0309010063225150201308
0309010063225165201308
0309010071223405201308
0309010071223415201308
0309010071223505201308
0309010071223710201308
0309010071225118201308
0309010071225125201308
0309010071225150201308
0309010071225165201308
0309010071225220201308
0309010071225225201308
0309010080223415201308
0309010080223505201308
0309010080223540201308
0309010080223710201308
0309010080225118201308
0309010080225124201308
0309010080225125201308
0309010080225150201308
0309010080225165201308
0309010098223405201308
0309010098223415201308
0309010098223505201308
0309010098223710201308
0309010098225118201308
0309010098225124201308
0309010098225125201308
0309010098225150201308
0309010098225165201308
0309010101223505201308
0309010101223710201308
0309010101225118201308
0309010101225125201308
0309010101225165201308
0309010101225220201308
0309010101225225201308
03090200182231F9201308
0309020018225110201308
0309020018225124201308
0309020018225125201308
0309020018225135201308
0309020018225170201308
03090200262231F9201308
0309020026225110201308
0309020026225124201308
0309020026225125201308
0309020026225135201308
0309020026225170201308
03090200342231F9201308
0309020034225110201308
0309020034225124201308
0309020034225125201308
0309020034225135201308
0309020034225170201308
0309030013225285201308
0309030021225285201308
0309030030225285201308
0309030048225250201308
0309030048225285201308
0309030056225124201308
0309030056225125201308
0309030056225250201308
0309030056225285201308
0309030064225285201308
0309030064225310201308
0309030072225250201308
0309030072225285201308
0309030080225250201308
0309030080225285201308
0309030099225250201308
0309030099225285201308
0309030102225285201308
0309030110225285201308
0309030129225285201308
0309030137225285201308
0309030145225285201308
0309030153225250201308
0309030153225285201308
0309040019225120201308
0309040019225210201308
0309040027225120201308
0309040027225150201308
0309040027225151201308
0309040027225210201308
0309040027225240201308
0309050014221205201308
03090500142231F8201308
0309050014223208201308
0309050014223405201308
0309050014223505201308
0309050014223565201308
0309050014223650201308
0309050014223905201308
0309050014225105201308
0309050014225125201308
0309050014225130201308
0309050014225139201308
0309050014225170201308
0309050014251510201308
0309050014251555201308
0309050022221205201308
03090500222231F8201308
0309050022223208201308
0309050022223405201308
0309050022223505201308
0309050022223565201308
0309050022223650201308
0309050022223905201308
0309050022225105201308
0309050022225125201308
0309050022225130201308
0309050022225139201308
0309050022225170201308
0309050022251510201308
0309050022251555201308
0309050030221205201308
0309050030223208201308
0309050030223405201308
0309050030223505201308
0309050030223650201308
0309050030225105201308
0309050030251510201308
0309050030251555201308
0309060010225121201308
0309060010225122201308
0309060010225124201308
0309060010225125201308
0309060010225185201308
0309060010225230201308
0309060010225290201308
0309060036225121201308
0309060036225122201308
0309060036225124201308
0309060036225125201308
0309060036225185201308
0309060036225225201308
0309060036225230201308
0309060036225290201308
0310010012223505201308
0310010012223545201308
0310010012223565201308
0310010012225105201308
0310010012225125201308
0310010012225142201308
0310010012225170201308
0310010012225195201308
0310010012225250201308
0310010012515115201308
0310010020225124201308
03100100392231F9201308
0310010039223545201308
0310010039225125201308
0310010039225142201308
0310010039225170201308
0310010039225225201308
0310010039225250201308
03100100472231F9201308
0310010047225125201308
0310010047225170201308
0310010047225225201308
0310010047225250201308
03100100552231F9201308
0310010055223545201308
0310010055225250201308
04010100152231F9201308
0401010015223505201308
0401010015223525201308
0401010015225115201308
0401010015225124201308
0401010015225125201308
0401010015225135201308
0401010015225170201308
0401010015225203201308
0401010015225225201308
0401010015225230201308
0401010015225270201308
0401010015225275201308
0401010015225280201308
0401010015225285201308
04010100232231F8201308
0401010023223505201308
0401010023223515201308
0401010023223520201308
0401010023223525201308
0401010023223530201308
0401010023223535201308
0401010023223545201308
0401010023223550201308
0401010023223555201308
0401010023223560201308
0401010023223565201308
0401010023225124201308
0401010023225125201308
0401010023225130201308
0401010023225139201308
0401010023225142201308
0401010023225170201308
0401010023322205201308
0401010023322210201308
0401010023322215201308
0401010023322220201308
0401010023322230201308
0401010023322235201308
0401010023322245201308
0401010023322250201308
0401010023515110201308
0401010031223204201308
0401010031223208201308
0401010031223212201308
0401010031223216201308
0401010031223220201308
0401010031223224201308
0401010031223228201308
0401010031223232201308
0401010031223236201308
0401010031223240201308
0401010031223244201308
0401010031223248201308
0401010031223252201308
0401010031223256201308
0401010031223260201308
0401010031223264201308
0401010031223268201308
0401010031223272201308
0401010031223276201308
0401010031223280201308
0401010031223284201308
0401010031223288201308
0401010031223293201308
0401010031225124201308
0401010031225125201308
0401010031225142201308
0401010031225170201308
0401010031225225201308
0401010031225280201308
04010100402231F9201308
0401010040225135201308
0401010040225225201308
0401010040225230201308
0401010040225250201308
0401010040225280201308
0401010040225285201308
04010100582231F9201308
0401010058223208201308
0401010058223228201308
0401010058223236201308
0401010058223268201308
0401010058223272201308
0401010058223288201308
0401010058223293201308
0401010058225120201308
0401010058225124201308
0401010058225125201308
0401010058225135201308
0401010058225142201308
0401010058225225201308
0401010058225230201308
0401010058225235201308
0401010058225250201308
0401010058225270201308
0401010058225280201308
0401010066223208201308
0401010066223228201308
0401010066223236201308
0401010066223268201308
0401010066223272201308
0401010066223288201308
0401010066223293201308
0401010066225124201308
0401010066225125201308
0401010066225142201308
0401010066225170201308
0401010066225225201308
0401010066225230201308
0401010066225235201308
0401010066225280201308
04010100742231F9201308
0401010074223268201308
0401010074225124201308
0401010074225125201308
0401010074225135201308
0401010074225142201308
0401010074225170201308
0401010074225225201308
0401010074225230201308
0401010074225235201308
0401010074225280201308
0401010082223204201308
0401010082223208201308
0401010082223212201308
0401010082223216201308
0401010082223220201308
0401010082223224201308
0401010082223228201308
0401010082223232201308
0401010082223236201308
0401010082223240201308
0401010082223244201308
0401010082223248201308
0401010082223252201308
0401010082223256201308
0401010082223260201308
0401010082223264201308
0401010082223268201308
0401010082223272201308
0401010082223276201308
0401010082223280201308
0401010082223284201308
0401010082223288201308
0401010082223293201308
0401010082225124201308
0401010082225142201308
0401010082225225201308
0401010082225230201308
04010100902231F9201308
0401010090225135201308
0401010090225225201308
0401010090225230201308
0401010090225235201308
0401010090225280201308
0401010090225290201308
04010101042231F9201308
0401010104223268201308
0401010104225124201308
0401010104225125201308
0401010104225135201308
0401010104225142201308
0401010104225170201308
0401010104225225201308
0401010104225230201308
0401010104225250201308
0401010104225280201308
04010101122231F9201308
0401010112225124201308
0401010112225125201308
0401010112225135201308
0401010112225142201308
0401010112225170201308
0401010112225225201308
0401010112225230201308
04010101202231F9201308
0401010120225135201308
0401010120225225201308
0401010120225230201308
0401010120225280201308
04010101392231F9201308
0401010139225215201308
0401010139225225201308
0401010139225230201308
0401010139225235201308
04010200102231F9201308
0401020010225225201308
0401020010225230201308
0401020010225235201308
04010200292231F9201308
0401020029225225201308
0401020029225230201308
0401020029225235201308
04010200372231F9201308
0401020037225225201308
0401020037225230201308
0401020037225235201308
04010200452231F9201308
0401020045225115201308
0401020045225210201308
0401020045225225201308
0401020045225230201308
0401020045225235201308
04010200532231F9201308
0401020053225122201308
0401020053225225201308
0401020053225230201308
0401020053225235201308
0401020053225290201308
04010200612231F9201308
0401020061225225201308
0401020061225230201308
04010200702231F9201308
0401020070225225201308
0401020070225230201308
04010200882231F9201308
0401020088225225201308
0401020088225230201308
04010200962231F9201308
0401020096225215201308
0401020096225225201308
0401020096225230201308
04010201002231F9201308
0401020100225148201308
0401020100225165201308
0401020100225185201308
0401020100225220201308
0401020100225225201308
0401020100225230201308
0401020100225235201308
0401020100225305201308
0401020100225335201308
04010201182231F9201308
0401020118225121201308
0401020118225215201308
0401020118225225201308
0401020118225230201308
0401020118225235201308
04010201262231F9201308
0401020126225215201308
0401020126225225201308
0401020126225230201308
0401020126225235201308
04010201342231F9201308
0401020134225215201308
0401020134225225201308
0401020134225230201308
0401020134225235201308
04010201422231F9201308
0401020142225225201308
0401020142225230201308
0401020142225235201308
04010201502231F9201308
0401020150225225201308
0401020150225230201308
0401020150225275201308
04010201692231F9201308
0401020169225225201308
0401020169225230201308
0401020169225235201308
04020100192231F9201308
0402010019225225201308
0402010019225230201308
0402010019225240201308
04020100272231F9201308
0402010027225215201308
0402010027225220201308
0402010027225225201308
0402010027225230201308
04020100352231F9201308
0402010035225215201308
0402010035225225201308
0402010035225230201308
04020100432231F9201308
0402010043225215201308
0402010043225225201308
0402010043225230201308
04020100512231F9201308
0402010051225215201308
0402010051225225201308
0402010051225230201308
04020200142231F9201308
0402020014225215201308
0402020014225225201308
0402020014225230201308
04020200222231F9201308
0402020022225215201308
0402020022225225201308
0402020022225230201308
0402020022225285201308
0403010012225215201308
0403010012225235201308
0403010012225260201308
0403010012225290201308
0403010020225260201308
0403010039225260201308
0403010047225260201308
0403010055225260201308
0403010063225260201308
0403010071225260201308
0403010080225260201308
0403010098225260201308
0403010101225260201308
0403010110225260201308
0403010110225265201308
0403010110225290201308
0403010128225260201308
0403010136225260201308
0403010144225215201308
0403010144225235201308
0403010144225260201308
0403010144225290201308
0403010152225260201308
0403010160225260201308
0403010179225215201308
0403010179225235201308
0403010179225260201308
0403010179225290201308
0403010187225260201308
0403010195225260201308
0403010209225260201308
0403010217225260201308
0403010225225260201308
0403010233225260201308
0403010241225260201308
0403010250225260201308
0403010268225260201308
0403010276225260201308
0403010284225260201308
0403010292225260201308
0403010306225260201308
0403010314225260201308
0403010322225215201308
0403010322225235201308
0403010322225260201308
0403010322225290201308
0403010330225235201308
0403010330225260201308
0403010349225260201308
0403010357225260201308
0403010365225260201308
0403010390225260201308
0403020018225235201308
0403020018225260201308
0403020018225270201308
0403020018225290201308
0403020026225235201308
0403020026225260201308
0403020026225270201308
0403020026225290201308
0403020034225235201308
0403020034225260201308
0403020034225270201308
0403020042225235201308
0403020042225260201308
0403020042225270201308
0403020050225235201308
0403020050225260201308
0403020050225270201308
0403020050225290201308
0403020069225235201308
0403020069225260201308
0403020069225270201308
0403020069225290201308
0403020077225235201308
0403020077225260201308
0403020077225270201308
0403020077225290201308
0403020085225235201308
0403020085225260201308
0403020085225270201308
0403020085225290201308
0403020093225215201308
0403020093225235201308
0403020093225260201308
0403020093225290201308
0403020107225235201308
0403020107225260201308
0403020107225270201308
0403020107225290201308
0403020115225235201308
0403020115225260201308
0403020115225270201308
0403020115225290201308
0403020123225235201308
0403020123225260201308
0403020123225270201308
0403020131225235201308
0403020131225260201308
0403020131225270201308
0403020131225290201308
0403030013225260201308
0403030021225260201308
0403030030225260201308
0403030048225260201308
0403030056225215201308
0403030056225260201308
0403030056225290201308
0403030064225260201308
0403030080225260201308
0403030099225260201308
0403030102225260201308
0403030110225260201308
0403030129225260201308
0403030137225215201308
0403030137225260201308
0403030137225290201308
0403030145225260201308
0403030153225260201308
0403030161225260201308
0403030170225112201308
0403030170225121201308
0403030170225185201308
0403030170225260201308
0403040019225260201308
0403040027225260201308
0403040051225260201308
0403040060225260201308
0403040078225260201308
0403040086225260201308
0403040094225260201308
0403040108225260201308
0403040116225260201308
0403040124225260201308
0403050014225112201308
0403050014225151201308
0403050014225260201308
0403050014225290201308
0403050022225112201308
0403050022225151201308
0403050022225260201308
0403050022225290201308
0403050030225151201308
0403050030225260201308
0403050049225260201308
0403050057225260201308
0403050065225260201308
0403050073225260201308
0403050081225112201308
0403050081225151201308
0403050081225220201308
0403050081225225201308
0403050081225230201308
0403050081225260201308
0403050081225270201308
0403050081225290201308
0403050090225260201308
0403050103225260201308
0403050111225225201308
0403050111225260201308
0403050111225290201308
0403050120225225201308
0403050120225260201308
0403050120225290201308
0403050138225225201308
0403050138225240201308
0403050138225260201308
0403050138225290201308
0403050146225225201308
0403050146225240201308
0403050146225260201308
0403050154225151201308
0403050154225225201308
0403050154225230201308
0403050154225260201308
0403050154225290201308
0403050162225260201308
0403060010225112201308
0403060010225260201308
0403060010225350201308
0403060028225112201308
0403060028225260201308
0403060028225350201308
0403060036225260201308
0403060036225350201308
0403060044225260201308
0403060044225350201308
0403060052225260201308
0403060052225350201308
0403060060225260201308
0403060060225350201308
0403060079225260201308
0403060079225350201308
0403060087225260201308
0403060087225350201308
0403060095225260201308
0403060095225350201308
0403070015225260201308
0403070015225320201308
0403070040225260201308
0403070040225320201308
0403070058225260201308
0403070058225320201308
0403070082225260201308
0403070082225320201308
0403070090225260201308
0403070090225320201308
0403070104225260201308
0403070104225320201308
0403070112225260201308
0403070112225320201308
0403070120225260201308
0403070120225320201308
0403070139225215201308
0403070139225260201308
0403070139225290201308
0403070139225320201308
0403070147225260201308
0403070147225320201308
0403070155225260201308
0403070155225320201308
0403070163225260201308
0403070163225320201308
0403080010225260201308
0403080029225260201308
0403080037225260201308
0403080045225260201308
0403080053225260201308
0403080061225260201308
0403080070225260201308
0403080088225260201308
0403080096225260201308
0403080100225260201308
0404010016225215201308
0404010016225225201308
0404010016225230201308
0404010016225275201308
0404010024225215201308
0404010024225225201308
0404010024225230201308
0404010024225275201308
0404010032225215201308
0404010032225225201308
0404010032225230201308
0404010032225275201308
0404010040225225201308
0404010040225230201308
0404010040225275201308
0404010059225215201308
0404010059225225201308
0404010059225230201308
0404010059225275201308
0404010067225215201308
0404010067225225201308
0404010067225230201308
0404010067225275201308
0404010075225124201308
0404010075225215201308
0404010075225225201308
0404010075225230201308
0404010075225275201308
0404010083225215201308
0404010083225225201308
0404010083225230201308
0404010083225275201308
0404010091225142201308
0404010091225215201308
0404010091225275201308
0404010105225215201308
0404010105225225201308
0404010105225230201308
0404010105225275201308
0404010113225121201308
0404010113225215201308
0404010113225225201308
0404010113225230201308
0404010113225275201308
0404010121225135201308
0404010121225215201308
0404010121225225201308
0404010121225230201308
0404010121225235201308
0404010121225275201308
0404010130225215201308
0404010130225225201308
0404010130225230201308
0404010130225275201308
0404010148225275201308
0404010156225215201308
0404010156225225201308
0404010156225230201308
0404010156225275201308
0404010164225215201308
0404010164225225201308
0404010164225230201308
0404010164225275201308
0404010172225215201308
0404010172225225201308
0404010172225230201308
0404010180225215201308
0404010180225225201308
0404010180225230201308
0404010199225121201308
0404010199225215201308
0404010199225225201308
0404010199225230201308
0404010202225215201308
0404010202225225201308
0404010202225230201308
0404010202225235201308
0404010210225215201308
0404010210225225201308
0404010210225230201308
0404010210225275201308
0404010229225215201308
0404010229225225201308
0404010229225230201308
0404010229225275201308
0404010237225275201308
0404010245225124201308
0404010245225125201308
0404010245225225201308
0404010245225230201308
0404010245225275201308
0404010253225275201308
0404010261223268201308
0404010261225215201308
0404010261225225201308
0404010261225230201308
0404010261225275201308
04040102702231F9201308
0404010270225124201308
0404010270225125201308
0404010270225142201308
0404010270225170201308
0404010270225215201308
0404010270225225201308
0404010270225230201308
0404010270225275201308
0404010288225275201308
0404010296225215201308
0404010296225225201308
0404010296225230201308
0404010296225275201308
04040103002231F9201308
0404010300223268201308
0404010300225124201308
0404010300225125201308
0404010300225130201308
0404010300225142201308
0404010300225170201308
0404010300225215201308
0404010300225225201308
0404010300225230201308
0404010300225275201308
0404010318223268201308
0404010318225215201308
0404010318225225201308
0404010318225230201308
0404010318225275201308
0404010326225275201308
0404010334225275201308
04040103422231F8201308
0404010342223268201308
0404010342225124201308
0404010342225125201308
0404010342225130201308
0404010342225139201308
0404010342225170201308
0404010342225215201308
0404010342225225201308
0404010342225230201308
0404010342225275201308
0404010350225275201308
0404010369225215201308
0404010369225225201308
0404010369225230201308
0404010369225275201308
0404010377225150201308
0404010377225215201308
0404010377225225201308
0404010377225230201308
0404010377225240201308
0404010377225275201308
0404010385225225201308
0404010385225230201308
0404010385225275201308
0404010393225215201308
0404010393225225201308
0404010393225230201308
0404010393225275201308
0404010407225225201308
0404010407225230201308
0404010407225275201308
0404010415225215201308
0404010415225225201308
0404010415225230201308
0404010415225275201308
0404010423225215201308
0404010423225225201308
0404010423225235201308
0404010423225275201308
0404010431223268201308
0404010431225215201308
0404010431225235201308
0404010431225275201308
0404010440223268201308
0404010440225215201308
0404010440225235201308
0404010440225275201308
0404010458225215201308
0404010458225220201308
0404010458225225201308
0404010458225230201308
0404010458225275201308
0404010466225215201308
0404010466225225201308
0404010466225230201308
0404010474225215201308
0404010474225225201308
0404010474225230201308
0404010482225215201308
0404010482225235201308
0404010482225275201308
0404010490225215201308
0404010490225235201308
0404010490225275201308
0404010504225215201308
0404010504225235201308
0404010504225275201308
0404010512223268201308
0404010512225215201308
0404010512225235201308
0404010512225275201308
0404010520223268201308
0404010520225124201308
0404010520225225201308
0404010520225230201308
0404010520225275201308
0404010539225215201308
0404010539225260201308
0404010539225275201308
0404010547225215201308
0404010547225225201308
0404010547225230201308
0404010555225215201308
0404010555225235201308
0404020011225235201308
0404020011225275201308
0404020038223208201308
0404020038223236201308
0404020038223252201308
0404020038223268201308
0404020038223272201308
0404020038223293201308
0404020038225215201308
0404020038225225201308
0404020038225230201308
0404020038225235201308
0404020038225275201308
0404020046225215201308
0404020046225275201308
0404020054223208201308
0404020054223212201308
0404020054223228201308
0404020054223236201308
0404020054223268201308
0404020054223272201308
0404020054223288201308
0404020054223293201308
0404020054225125201308
0404020054225215201308
0404020054225225201308
0404020054225230201308
0404020054225235201308
0404020054225275201308
0404020062225215201308
0404020062225275201308
0404020062225335201308
0404020070223268201308
0404020070225215201308
0404020070225275201308
0404020089223208201308
0404020089223212201308
0404020089223236201308
0404020089223240201308
0404020089223248201308
0404020089223252201308
0404020089223268201308
0404020089223272201308
0404020089223293201308
0404020089225215201308
0404020097223208201308
0404020097223212201308
0404020097223236201308
0404020097223244201308
0404020097223248201308
0404020097223268201308
0404020097223272201308
0404020097223293201308
0404020097225124201308
0404020097225125201308
0404020097225135201308
0404020097225142201308
0404020097225215201308
0404020097225225201308
0404020097225230201308
0404020097225235201308
0404020100223268201308
0404020100225215201308
0404020100225225201308
0404020100225230201308
0404020100225235201308
0404020100225275201308
0404020119223268201308
0404020119225215201308
0404020119225230201308
0404020119225235201308
0404020119225275201308
0404020135225215201308
0404020135225235201308
0404020135225275201308
0404020143223268201308
0404020143225215201308
0404020143225225201308
0404020143225230201308
0404020178223268201308
0404020178225215201308
0404020178225235201308
0404020178225275201308
0404020208223268201308
0404020208225215201308
0404020208225225201308
0404020208225230201308
0404020208225235201308
0404020224223268201308
0404020224225215201308
0404020224225235201308
0404020224225275201308
0404020232223268201308
0404020232225215201308
0404020232225235201308
0404020232225275201308
0404020240225215201308
0404020240225235201308
0404020240225275201308
0404020275225215201308
0404020275225235201308
0404020275225275201308
0404020291223268201308
0404020291225215201308
0404020291225235201308
0404020291225275201308
0404020313223268201308
0404020313225215201308
0404020313225235201308
0404020313225275201308
0404020321225215201308
0404020321225235201308
0404020321225275201308
0404020348225215201308
0404020348225235201308
0404020348225275201308
0404020356223268201308
0404020356225215201308
0404020356225235201308
0404020356225275201308
0404020380223268201308
0404020380225215201308
0404020380225235201308
0404020380225275201308
0404020399223268201308
0404020399225215201308
0404020399225235201308
0404020399225260201308
0404020429223268201308
0404020429225215201308
0404020429225235201308
0404020429225275201308
0404020445223204201308
0404020445223208201308
0404020445223212201308
0404020445223216201308
0404020445223220201308
0404020445223224201308
0404020445223228201308
0404020445223232201308
0404020445223236201308
0404020445223240201308
0404020445223244201308
0404020445223248201308
0404020445223252201308
0404020445223256201308
0404020445223260201308
0404020445223264201308
0404020445223268201308
0404020445223272201308
0404020445223276201308
0404020445223280201308
0404020445223284201308
0404020445223288201308
0404020445223293201308
0404020453223268201308
0404020453225215201308
0404020453225235201308
0404020453225275201308
0404020461223268201308
0404020461225215201308
0404020461225235201308
0404020461225275201308
0404020470223268201308
0404020470225215201308
0404020470225235201308
0404020488223268201308
0404020488225215201308
0404020488225235201308
0404020488225275201308
0404020496223268201308
0404020496225215201308
0404020496225235201308
0404020496225275201308
0404020500223268201308
0404020500225215201308
0404020500225235201308
0404020500225275201308
0404020518223268201308
0404020518225215201308
0404020518225235201308
0404020518225275201308
0404020526223268201308
0404020526225215201308
0404020526225235201308
0404020526225275201308
0404020534223268201308
0404020534225215201308
0404020534225235201308
0404020534225275201308
0404020542223268201308
0404020542225215201308
0404020542225235201308
0404020542225275201308
0404020550223268201308
0404020550225215201308
0404020550225235201308
0404020550225275201308
0404020569223268201308
0404020569225215201308
0404020569225235201308
0404020569225275201308
0404020577223268201308
0404020577225215201308
0404020577225235201308
0404020577225275201308
0404020585223268201308
0404020585225215201308
0404020585225235201308
0404020585225275201308
0404020593223268201308
0404020593225215201308
0404020593225235201308
0404020593225275201308
0404020607223268201308
0404020607225215201308
0404020607225235201308
0404020607225275201308
0404020615223204201308
0404020615223208201308
0404020615223212201308
0404020615223216201308
0404020615223220201308
0404020615223224201308
0404020615223228201308
0404020615223232201308
0404020615223236201308
0404020615223240201308
0404020615223244201308
0404020615223248201308
0404020615223252201308
0404020615223256201308
0404020615223260201308
0404020615223264201308
0404020615223268201308
0404020615223272201308
0404020615223276201308
0404020615223280201308
0404020615223284201308
0404020615223288201308
0404020615223293201308
0404020615225215201308
0404020615225235201308
0404020615225275201308
0404020623223204201308
0404020623223208201308
0404020623223212201308
0404020623223216201308
0404020623223220201308
0404020623223224201308
0404020623223228201308
0404020623223232201308
0404020623223236201308
0404020623223240201308
0404020623223244201308
0404020623223248201308
0404020623223252201308
0404020623223256201308
0404020623223260201308
0404020623223264201308
0404020623223268201308
0404020623223272201308
0404020623223276201308
0404020623223280201308
0404020623223284201308
0404020623223288201308
0404020623223293201308
0404020631223268201308
0404020631225215201308
0404020631225235201308
0404020631225275201308
0404020640223268201308
0404020640225215201308
0404020640225235201308
0404020640225275201308
0404020658223268201308
0404020658225215201308
0404020658225235201308
0404020658225275201308
0404020666223268201308
0404020666225215201308
0404020666225235201308
0404020666225275201308
0404020674223204201308
0404020674223208201308
0404020674223212201308
0404020674223216201308
0404020674223220201308
0404020674223224201308
0404020674223228201308
0404020674223232201308
0404020674223236201308
0404020674223240201308
0404020674223244201308
0404020674223248201308
0404020674223252201308
0404020674223256201308
0404020674223260201308
0404020674223264201308
0404020674223268201308
0404020674223272201308
0404020674223293201308
0404020674225215201308
0404020674225220201308
0404020674225225201308
0404020674225230201308
0404020674225235201308
0404020690225124201308
0404020690225215201308
0404020690225225201308
0404020704223268201308
0404020704225215201308
0404020704225235201308
0404020704225275201308
0404020712223268201308
0404020712225215201308
0404020712225235201308
0404020712225275201308
0404020720223268201308
0404020720225215201308
0404020720225235201308
0404020720225275201308
0404020739223268201308
0404020739225215201308
0404020739225235201308
0404020739225275201308
0404020771223268201308
0404020771225215201308
0404020771225225201308
0404020771225230201308
0404020771225235201308
0404020771225275201308
0404020780223268201308
0404020780225215201308
0404020780225235201308
0404020780225275201308
0404030017223268201308
0404030017225215201308
0404030017225235201308
0404030017225275201308
0404030033223268201308
0404030033225215201308
0404030033225235201308
0404030033225275201308
0404030041225215201308
0404030041225275201308
0404030050223268201308
0404030050225215201308
0404030050225235201308
0404030050225275201308
0404030068223268201308
0404030068225215201308
0404030068225235201308
0404030068225275201308
0404030076223268201308
0404030076225215201308
0404030076225235201308
0404030076225275201308
0404030084223268201308
0404030084225215201308
0404030084225235201308
0404030084225275201308
0404030106223268201308
0404030106225215201308
0404030106225235201308
0404030106225275201308
0404030122223268201308
0404030122225215201308
0404030122225235201308
0404030122225275201308
0404030130225230201308
0404030130225235201308
0404030130225275201308
0404030157223268201308
0404030157225215201308
0404030157225235201308
0404030157225275201308
0404030165225215201308
0404030165225235201308
0404030165225275201308
0404030173225215201308
0404030173225235201308
0404030173225275201308
0404030190225275201308
0404030220223224201308
0404030220223268201308
0404030220225215201308
0404030220225235201308
0404030220225275201308
0404030246223268201308
0404030246225215201308
0404030246225235201308
0404030246225275201308
0404030254223268201308
0404030254225215201308
0404030254225230201308
0404030254225235201308
0404030254225275201308
0404030262225215201308
0404030262225230201308
0404030262225235201308
0404030262225275201308
0404030270225215201308
0404030270225230201308
0404030270225235201308
0404030270225275201308
0404030289225215201308
0404030289225235201308
0404030289225275201308
0404030297225215201308
0404030297225235201308
0404030297225275201308
0404030300225215201308
0404030300225235201308
0404030300225275201308
0404030319223268201308
0404030319225215201308
0404030319225235201308
0404030319225275201308
0404030327223268201308
0404030327225215201308
0404030327225235201308
0404030327225275201308
0405010010225215201308
0405010010225230201308
0405010010225235201308
0405010010225265201308
0405010028225215201308
0405010028225235201308
0405010028225265201308
0405010036225215201308
0405010036225235201308
0405010036225265201308
0405010036225275201308
0405010044225135201308
0405010044225215201308
0405010044225225201308
0405010044225230201308
0405010044225235201308
0405010044225265201308
0405010052225135201308
0405010052225265201308
0405010060225135201308
0405010060225235201308
0405010060225265201308
0405010079225135201308
0405010079225225201308
0405010079225230201308
0405010079225235201308
0405010079225265201308
0405010087225215201308
0405010087225235201308
0405010087225265201308
0405010109225265201308
0405010117225215201308
0405010117225235201308
0405010117225265201308
0405010125225215201308
0405010125225235201308
0405010125225260201308
0405010125225265201308
0405010125225290201308
0405010133225215201308
0405010133225235201308
0405010133225260201308
0405010133225265201308
0405010133225290201308
0405010141225265201308
0405010150225265201308
0405010168225265201308
0405010176225135201308
0405010176225215201308
0405010176225225201308
0405010176225230201308
0405010176225235201308
0405010176225265201308
0405010184225215201308
0405010184225235201308
0405010184225265201308
0405010192225215201308
0405010192225235201308
0405010192225265201308
0405010206225215201308
0405010206225235201308
0405010206225265201308
0405020015225265201308
0405020023225265201308
0405030010225265201308
0405030010225290201308
0405030010225330201308
0405030029225265201308
0405030037225265201308
0405030045225265201308
0405030053225265201308
0405030070225265201308
0405030096225265201308
0405030100225265201308
0405030118225215201308
0405030118225235201308
0405030118225265201308
0405030126225265201308
0405030126225290201308
0405030134225265201308
0405030142225265201308
0405030150225265201308
0405030169225265201308
0405030177225265201308
0405030185225265201308
0405030193225265201308
0405030207225265201308
0405030215225265201308
0405030223225265201308
0405030231225265201308
0405040016225215201308
0405040016225235201308
0405040016225265201308
0405040024225265201308
0405040040225265201308
0405040059223268201308
0405040059225215201308
0405040059225260201308
0405040059225265201308
0405040067225215201308
0405040067225230201308
0405040067225235201308
0405040067225260201308
0405040067225265201308
0405040067225290201308
0405040075225215201308
0405040075225230201308
0405040075225235201308
0405040075225260201308
0405040075225265201308
0405040075225290201308
0405040083225215201308
0405040083225230201308
0405040083225235201308
0405040083225260201308
0405040083225265201308
0405040083225290201308
0405040091225265201308
0405040091225290201308
0405040105225265201308
0405040130225265201308
0405040148225215201308
0405040148225235201308
0405040148225260201308
0405040148225265201308
0405040148225290201308
0405040156223268201308
0405040156225215201308
0405040156225235201308
0405040156225260201308
0405040156225265201308
0405040156225290201308
0405040164223268201308
0405040164225215201308
0405040164225235201308
0405040164225260201308
0405040164225265201308
0405040164225290201308
0405040180225265201308
0405040199225265201308
0405040202225215201308
0405040202225235201308
0405040202225265201308
0405040210225265201308
0405050011225265201308
0405050020225265201308
0405050038225265201308
0405050046225265201308
0405050054225265201308
0405050062225265201308
0405050070225265201308
0405050089225215201308
0405050089225235201308
0405050089225260201308
0405050089225265201308
0405050089225290201308
0405050097225265201308
0405050100225265201308
0405050119225265201308
0405050127225265201308
0405050135225265201308
0405050143225265201308
0405050151225265201308
0405050160225265201308
0405050178225265201308
0405050186225265201308
0405050194225265201308
0405050208225215201308
0405050208225230201308
0405050208225265201308
0405050208225290201308
0405050216225265201308
0405050224225265201308
0405050232225265201308
0405050240225265201308
0405050259225265201308
0405050267225265201308
0405050283225265201308
0405050291225265201308
0405050305225265201308
0405050313225265201308
0405050321225265201308
0405050356225265201308
0405050364225265201308
0405050372225265201308
0405050380225265201308
0405050399225265201308
0406010013225210201308
0406010021225210201308
0406010030225210201308
0406010048225210201308
0406010056225210201308
0406010064225210201308
0406010072225210201308
0406010080225210201308
0406010099225210201308
0406010102225210201308
0406010102225225201308
0406010110225210201308
0406010110225225201308
0406010129225120201308
0406010129225150201308
0406010129225203201308
0406010129225210201308
0406010129225225201308
0406010129225240201308
0406010129225320201308
0406010137225203201308
0406010137225210201308
0406010153225210201308
0406010161225210201308
0406010170225210201308
0406010188225210201308
0406010196225210201308
0406010200225210201308
0406010218225210201308
0406010226225210201308
0406010234225210201308
0406010242225210201308
0406010250225210201308
0406010269225210201308
0406010277225210201308
0406010285225210201308
0406010293225210201308
0406010307225210201308
0406010315225210201308
0406010323225210201308
0406010331225210201308
0406010340225210201308
0406010358225210201308
0406010366225210201308
0406010374225210201308
0406010382225210201308
0406010390225210201308
0406010404225210201308
0406010412225210201308
0406010412225230201308
0406010412225240201308
0406010420225210201308
0406010439225210201308
0406010447225210201308
0406010455225210201308
0406010463225210201308
0406010471225210201308
0406010480225210201308
0406010498225210201308
0406010501225210201308
0406010510225210201308
0406010510225225201308
0406010528225210201308
0406010536225210201308
0406010544225210201308
0406010552225210201308
0406010560225120201308
0406010560225210201308
0406010579225120201308
0406010579225210201308
0406010587225120201308
0406010587225210201308
0406010595225120201308
0406010595225210201308
0406010609225120201308
0406010609225210201308
0406010617225120201308
0406010617225210201308
0406010625225120201308
0406010625225210201308
0406010633225120201308
0406010633225210201308
0406010641225120201308
0406010641225210201308
0406010650225120201308
0406010650225210201308
0406010668225120201308
0406010668225210201308
0406010676225120201308
0406010676225210201308
0406010684225120201308
0406010684225150201308
0406010684225151201308
0406010684225210201308
0406010684225225201308
0406010692225210201308
0406010706225210201308
0406010714225210201308
0406010722225203201308
0406010722225210201308
0406010722225225201308
0406010722225230201308
0406010722225240201308
0406010730225210201308
0406010749225120201308
0406010749225210201308
0406010757225210201308
0406010765225210201308
0406010773225120201308
0406010773225125201308
0406010773225150201308
0406010773225210201308
0406010773225225201308
0406010773225240201308
0406010781225210201308
0406010790225120201308
0406010790225210201308
0406010803225210201308
0406010811225210201308
0406010820225210201308
0406010838225210201308
0406010846225210201308
0406010854225120201308
0406010854225210201308
0406010862225120201308
0406010862225210201308
0406010870225120201308
0406010870225210201308
0406010889225210201308
0406010897225210201308
0406010900225210201308
0406010919225120201308
0406010919225210201308
0406010927225210201308
0406010935225210201308
0406010943225210201308
0406010951225210201308
0406010960225210201308
0406010960225225201308
0406010978225203201308
0406010978225210201308
0406010978225225201308
0406010978225230201308
0406010978225240201308
0406010986225210201308
0406010994225210201308
0406011001225120201308
0406011001225210201308
0406011010225120201308
0406011010225210201308
0406011028225120201308
0406011028225210201308
0406011036225120201308
0406011036225210201308
0406011044225120201308
0406011044225210201308
0406011052225120201308
0406011052225210201308
0406011079225120201308
0406011079225210201308
0406011087225120201308
0406011087225210201308
0406011095225120201308
0406011095225210201308
0406011109225120201308
0406011109225210201308
0406011117225120201308
0406011117225210201308
0406011125225120201308
0406011125225210201308
0406011133225120201308
0406011133225210201308
0406011141225120201308
0406011141225210201308
0406011150225120201308
0406011150225210201308
0406011168225120201308
0406011168225210201308
0406011176225120201308
0406011176225210201308
0406011184225120201308
0406011184225210201308
0406011192225120201308
0406011192225210201308
0406011206225210201308
0406011214225210201308
0406011222225210201308
0406011230225210201308
0406011249225210201308
0406011257225210201308
0406020019225203201308
0406020019225225201308
0406020027225203201308
0406020035225203201308
0406020035225225201308
0406020043225203201308
0406020043225210201308
0406020051225203201308
0406020051225210201308
0406020078225122201308
0406020078225203201308
0406020078225210201308
0406020078225225201308
0406020078225230201308
0406020078225240201308
0406020078225290201308
0406020086225203201308
0406020086225210201308
04060200942231F9201308
0406020094225124201308
0406020094225125201308
0406020094225150201308
0406020094225151201308
0406020094225203201308
0406020094225210201308
0406020094225215201308
0406020094225220201308
0406020094225225201308
0406020094225230201308
0406020094225235201308
0406020094225240201308
0406020094225250201308
0406020094225260201308
0406020094225290201308
0406020108225215201308
0406020108225225201308
0406020108225230201308
0406020108225275201308
0406020108225290201308
0406020116225215201308
0406020116225225201308
0406020116225230201308
0406020116225240201308
0406020116225250201308
0406020116225255201308
0406020116225275201308
0406020116225280201308
0406020116225285201308
0406020116225290201308
04060201242231G1201308
0406020124225203201308
0406020124225210201308
0406020124225225201308
0406020124225230201308
0406020124225320201308
0406020132223208201308
0406020132223220201308
0406020132223268201308
0406020132225135201308
0406020132225203201308
0406020132225210201308
0406020132225215201308
0406020132225220201308
0406020132225225201308
0406020132225230201308
0406020132225235201308
0406020132225270201308
0406020140223268201308
0406020140225135201308
0406020140225203201308
0406020140225210201308
0406020140225215201308
0406020140225220201308
0406020140225225201308
0406020140225230201308
0406020140225235201308
0406020140225240201308
0406020159225135201308
0406020159225203201308
0406020159225210201308
0406020159225215201308
0406020159225220201308
0406020159225225201308
0406020159225230201308
0406020159225235201308
0406020159225240201308
0406020159225250201308
0406020159225255201308
0406020159225275201308
0406020159225280201308
0406020159225285201308
0406020159225290201308
0406020167225203201308
0406020167225225201308
0406020167225235201308
0406020167225270201308
0406020183225240201308
0406020183225290201308
0406020191225220201308
0406020191225225201308
0406020191225230201308
0406020191225250201308
0406020191225280201308
0406020191225285201308
0406020191225290201308
0406020205225203201308
0406020205225210201308
0406020205225215201308
0406020205225220201308
0406020205225225201308
0406020205225230201308
0406020205225235201308
0406020205225240201308
0406020205225250201308
0406020205225260201308
0406020205225270201308
0406020205225290201308
0406020213225203201308
0406020213225210201308
0406020213225225201308
0406020213225230201308
0406020213225240201308
0406020213225290201308
0406020221225203201308
0406020221225225201308
0406020221225230201308
0406020221225235201308
0406020221225250201308
0406020221225255201308
0406020221225290201308
0406020230225215201308
0406020230225225201308
0406020230225230201308
0406020230225275201308
0406020230225290201308
0406020248225203201308
0406020248225215201308
0406020248225225201308
0406020248225230201308
0406020248225250201308
0406020248225275201308
0406020248225290201308
0406020256225225201308
0406020256225230201308
0406020256225250201308
0406020256225285201308
0406020256225290201308
0406020264225225201308
0406020264225230201308
0406020264225250201308
0406020264225285201308
0406020264225290201308
0406020272225225201308
0406020272225230201308
0406020272225250201308
0406020272225290201308
0406020280225203201308
0406020280225220201308
0406020280225225201308
0406020280225230201308
0406020280225250201308
0406020280225285201308
0406020280225290201308
0406020299225215201308
0406020299225220201308
0406020299225225201308
0406020299225230201308
0406020299225240201308
0406020299225250201308
0406020299225255201308
0406020299225275201308
0406020299225280201308
0406020299225285201308
0406020299225290201308
0406020302225203201308
0406020302225210201308
0406020310225203201308
0406020310225210201308
0406020329225203201308
0406020329225210201308
0406020337225203201308
0406020337225210201308
0406020345225203201308
0406020345225210201308
0406020353225203201308
0406020353225210201308
0406020361225203201308
0406020361225210201308
0406020370225203201308
0406020370225210201308
0406020370225260201308
0406020388225203201308
0406020388225210201308
0406020396225203201308
0406020396225210201308
0406020400225203201308
0406020400225210201308
0406020418225203201308
0406020418225210201308
0406020426225203201308
0406020426225210201308
0406020434225203201308
0406020434225210201308
0406020442225203201308
0406020442225210201308
0406020450225203201308
0406020450225210201308
0406020450225225201308
0406020469225203201308
0406020469225210201308
0406020477225203201308
0406020477225210201308
0406020485225203201308
0406020485225210201308
0406020493225203201308
0406020493225210201308
0406020493225215201308
0406020493225225201308
0406020493225240201308
0406020507225203201308
0406020507225210201308
0406020507225225201308
0406020507225235201308
0406020507225270201308
0406020515225203201308
0406020515225210201308
0406020515225225201308
0406020515225235201308
0406020515225270201308
0406020523225203201308
0406020523225210201308
0406020523225225201308
0406020523225235201308
0406020523225270201308
0406020531225203201308
0406020531225210201308
0406020531225225201308
0406020531225235201308
0406020531225270201308
0406020540225203201308
0406020540225210201308
0406020540225220201308
0406020540225225201308
0406020558225203201308
0406020558225210201308
0406020558225235201308
0406020566225203201308
0406020566225210201308
0406020574225203201308
0406020574225210201308
0406020582225203201308
0406020582225210201308
0406020590225203201308
0406020590225225201308
0406020590225230201308
0406020604225203201308
0406020604225225201308
0406020604225230201308
0406020612225115201308
0406020612225122201308
0406020612225203201308
0406020612225210201308
0406020612225220201308
0406020612225225201308
0406020612225230201308
0406020612225240201308
0406020612225290201308
0406020620225109201308
0406020620225115201308
0406020620225120201308
0406020620225121201308
0406020620225122201308
0406020620225125201308
0406020620225150201308
0406020620225151201308
0406020620225185201308
0406020620225203201308
0406020620225210201308
0406020620225215201308
0406020620225220201308
0406020620225225201308
0406020620225230201308
0406020620225240201308
0406020620225290201308
04060300142231G1201308
0406030014225120201308
04060300222231G1201308
0406030022225120201308
04060300302231G1201308
0406030030225120201308
04060300492231G1201308
0406030049225120201308
04060300572231G1201308
0406030057225120201308
0406030057225203201308
04060300652231G1201308
0406030065225120201308
04060300732231G1201308
0406030073225120201308
04060300812231G1201308
0406030081225120201308
04060300902231G1201308
0406030090225120201308
04060301032231G1201308
0406030103225120201308
0406030103225203201308
0406030111225120201308
04060301202231G1201308
0406030120225120201308
04060301382231G1201308
0406030138225120201308
04060301462231G1201308
0406030146225120201308
04060400102231G1201308
0406040010225120201308
0406040010225203201308
0406040010225210201308
0406040010225320201308
04060400282231G1201308
0406040028225120201308
0406040028225203201308
0406040028225210201308
0406040028225320201308
04060400442231G1201308
0406040044225120201308
0406040044225203201308
0406040044225210201308
0406040044225320201308
04060400522231G1201308
0406040052225120201308
0406040052225203201308
0406040052225210201308
0406040052225320201308
04060400602231G1201308
0406040060225120201308
0406040060225203201308
0406040060225210201308
0406040060225320201308
04060400792231G1201308
0406040079225120201308
0406040079225203201308
0406040079225210201308
0406040079225320201308
04060400872231G1201308
0406040087225112201308
0406040087225120201308
0406040087225203201308
0406040087225210201308
0406040087225260201308
0406040087225320201308
04060400952231G1201308
0406040095225112201308
0406040095225120201308
0406040095225203201308
0406040095225210201308
0406040095225225201308
0406040095225260201308
0406040095225320201308
04060401092231G1201308
0406040109225120201308
0406040109225203201308
0406040109225210201308
0406040109225320201308
04060401172231G1201308
0406040117225120201308
0406040117225203201308
0406040117225210201308
0406040117225320201308
04060401252231G1201308
0406040125225120201308
0406040125225203201308
0406040125225210201308
0406040125225320201308
04060401332231G1201308
0406040133225112201308
0406040133225120201308
0406040133225203201308
0406040133225210201308
0406040133225260201308
0406040133225320201308
04060401412231G1201308
0406040141225120201308
0406040141225203201308
0406040141225210201308
0406040141225320201308
04060401502231G1201308
0406040150225120201308
0406040150225203201308
0406040150225210201308
0406040150225320201308
04060401682231G1201308
0406040168225120201308
0406040168225203201308
0406040168225210201308
0406040168225320201308
04060401762231G1201308
0406040176225120201308
0406040176225203201308
0406040176225210201308
0406040176225320201308
04060401842231G1201308
0406040184225120201308
0406040184225203201308
0406040184225210201308
0406040184225320201308
04060401922231G1201308
0406040192225120201308
0406040192225203201308
0406040192225210201308
0406040192225320201308
04060402062231G1201308
0406040206225120201308
0406040206225203201308
0406040206225210201308
0406040206225320201308
04060402142231G1201308
0406040214225120201308
0406040214225203201308
0406040214225210201308
0406040214225320201308
04060402222231G1201308
0406040222225120201308
0406040222225203201308
0406040222225210201308
0406040222225320201308
04060402302231G1201308
0406040230225120201308
0406040230225203201308
0406040230225210201308
0406040230225320201308
04060402492231G1201308
0406040249225120201308
0406040249225203201308
0406040249225210201308
0406040249225320201308
04060402572231G1201308
0406040257225120201308
0406040257225203201308
0406040257225210201308
0406040257225320201308
04060402652231G1201308
0406040265225120201308
0406040265225203201308
0406040265225210201308
0406040265225320201308
04060402732231G1201308
0406040273225120201308
0406040273225203201308
0406040273225210201308
0406040273225320201308
04060402812231G1201308
0406040281225120201308
0406040281225203201308
0406040281225210201308
0406040281225320201308
04060402902231G1201308
0406040290225120201308
0406040290225203201308
0406040290225210201308
0406040290225320201308
04060403032231G1201308
0406040303225120201308
0406040303225203201308
0406040303225210201308
0406040303225320201308
04060403112231G1201308
0406040311225120201308
0406040311225203201308
0406040311225210201308
0406040311225320201308
04060403202231G1201308
0406040320225120201308
0406040320225203201308
0406040320225210201308
0406040320225320201308
04060403382231G1201308
0406040338225120201308
0406040338225203201308
0406040338225210201308
0406040338225320201308
0406050015225120201308
0406050023225120201308
0406050031225120201308
0406050040225120201308
0406050058225120201308
0406050066225120201308
0406050074225120201308
0406050082225120201308
0406050090225120201308
0406050104225120201308
0406050112225120201308
0406050120225120201308
0406050139225120201308
0407010017225220201308
0407010017225225201308
0407010017225290201308
04070100252231F9201308
0407010025225220201308
0407010025225225201308
0407010025225230201308
0407010025225290201308
04070100332231F9201308
0407010033225220201308
0407010033225225201308
0407010033225230201308
0407010033225240201308
04070100412231F9201308
0407010041225220201308
0407010041225225201308
04070100502231F9201308
0407010050225215201308
0407010050225220201308
0407010050225225201308
0407010050225230201308
04070100682231F9201308
0407010068225220201308
0407010068225225201308
0407010068225230201308
0407010068225290201308
04070100762231F9201308
0407010076225220201308
0407010076225225201308
0407010076225290201308
04070100842231F9201308
0407010084225220201308
0407010084225225201308
0407010084225230201308
0407010092225220201308
0407010092225225201308
0407010092225230201308
04070101062231F9201308
0407010106225220201308
0407010106225225201308
0407010106225230201308
04070101142231F9201308
0407010114225220201308
0407010114225225201308
0407010114225230201308
0407010114225290201308
0407010122225220201308
0407010122225225201308
04070101302231F9201308
0407010130225220201308
0407010130225225201308
0407010130225290201308
04070101492231F9201308
0407010149225220201308
0407010149225225201308
0407010149225290201308
04070101572231F9201308
0407010157225220201308
0407010157225225201308
0407010157225230201308
0407010157225290201308
0407010157225320201308
04070101652231F9201308
0407010165225220201308
0407010165225225201308
0407010165225230201308
0407010165225290201308
0407010173225220201308
0407010173225225201308
0407010181225220201308
0407010181225225201308
04070101902231F9201308
0407010190225220201308
0407010190225225201308
0407010190225290201308
04070102032231F9201308
0407010203225220201308
0407010203225225201308
04070102112231F9201308
0407010211225220201308
0407010211225225201308
0407010211225230201308
0407010211225290201308
04070102202231F9201308
0407010220225220201308
0407010220225225201308
0407010220225230201308
0407010220225310201308
0407010220225320201308
04070102382231F9201308
0407010238225220201308
0407010238225225201308
0407010238225230201308
0407010238225320201308
04070102462231F9201308
0407010246225220201308
0407010246225225201308
0407010246225230201308
0407010246225320201308
04070102542231F9201308
0407010254225220201308
0407010254225225201308
0407010254225230201308
0407010254225290201308
0407010254225310201308
04070102622231F9201308
0407010262225220201308
0407010262225225201308
0407010262225230201308
04070102702231F9201308
0407010270225220201308
0407010270225225201308
0407010270225230201308
04070102892231F9201308
0407010289225220201308
0407010289225225201308
04070102972231F9201308
0407010297225220201308
0407010297225225201308
0407010297225230201308
04070103002231F9201308
0407010300225220201308
0407010300225225201308
04070103192231F9201308
0407010319225220201308
0407010319225225201308
0407010319225230201308
0407010319225310201308
04070103272231F9201308
0407010327225165201308
0407010327225310201308
04070103352231F9201308
0407010335225220201308
0407010335225225201308
0407010335225230201308
04070103432231F9201308
0407010343225220201308
0407010343225225201308
0407010343225230201308
04070103512231F9201308
0407010351225220201308
0407010351225225201308
0407010360225220201308
0407010360225225201308
0407010378225220201308
0407010378225225201308
04070200122231F9201308
0407020012225203201308
0407020012225220201308
0407020012225225201308
0407020012225290201308
04070200202231F9201308
0407020020225203201308
0407020020225220201308
0407020020225225201308
04070200392231F9201308
0407020039225220201308
0407020039225225201308
0407020039225230201308
04070200472231F9201308
0407020047225220201308
0407020047225225201308
0407020047225230201308
0407020047225320201308
04070200552231F9201308
0407020055225220201308
0407020055225225201308
0407020055225230201308
0407020055225280201308
04070200632231F9201308
0407020063225220201308
0407020063225225201308
0407020063225230201308
0407020063225280201308
0407020063225290201308
04070200712231F9201308
0407020071225220201308
0407020071225225201308
0407020071225230201308
0407020071225280201308
0407020071225290201308
0407020080225220201308
0407020080225225201308
0407020080225280201308
0407020080225290201308
0407020080225320201308
04070200982231F9201308
0407020098225220201308
0407020098225225201308
0407020098225230201308
0407020098225290201308
0407020101225220201308
0407020101225225201308
0407020101225230201308
0407020101225290201308
04070201102231F9201308
0407020110225220201308
0407020110225225201308
0407020110225230201308
04070201282231F9201308
0407020128225220201308
0407020128225225201308
0407020128225230201308
0407020128225280201308
04070201362231F9201308
0407020136225220201308
0407020136225225201308
0407020136225230201308
0407020136225280201308
04070201442231F9201308
0407020144225220201308
0407020144225225201308
0407020144225230201308
0407020144225280201308
04070201522231F9201308
0407020152225225201308
0407020152225230201308
0407020152225280201308
0407020152225290201308
04070201602231F9201308
0407020160225220201308
0407020160225225201308
0407020160225230201308
0407020160225280201308
04070201792231F9201308
0407020179225220201308
0407020179225225201308
0407020179225230201308
0407020179225290201308
04070201872231F9201308
0407020187225220201308
0407020187225225201308
0407020187225230201308
0407020187225290201308
04070201952231F9201308
0407020195225220201308
0407020195225225201308
0407020195225230201308
04070202092231F9201308
0407020209225220201308
0407020209225225201308
0407020209225230201308
0407020209225290201308
04070202172231F9201308
0407020217225220201308
0407020217225225201308
0407020217225230201308
04070202252231F9201308
0407020225225220201308
0407020225225225201308
0407020225225230201308
0407020225225280201308
0407020225225290201308
04070202332231F9201308
0407020233225220201308
0407020233225225201308
0407020233225230201308
0407020233225290201308
04070202412231F9201308
0407020241225220201308
0407020241225225201308
0407020241225230201308
0407020241225290201308
04070202502231F9201308
0407020250225220201308
0407020250225225201308
0407020250225230201308
04070202682231F9201308
0407020268225220201308
0407020268225225201308
0407020268225230201308
0407020268225280201308
0407020276225220201308
0407020276225225201308
0407020276225230201308
0407020276225280201308
04070202842231F9201308
0407020284225220201308
0407020284225225201308
0407020284225230201308
0407020284225280201308
04070202922231F9201308
0407020292225220201308
0407020292225225201308
0407020292225230201308
04070203062231F9201308
0407020306225220201308
0407020306225225201308
0407020306225230201308
0407020306225290201308
04070203142231F9201308
0407020314225220201308
0407020314225225201308
0407020314225230201308
0407020314225280201308
04070203222231F9201308
0407020322225220201308
0407020322225225201308
0407020322225230201308
0407020322225280201308
0407020330225220201308
0407020330225225201308
0407020330225230201308
0407020330225280201308
04070203492231F9201308
0407020349225220201308
0407020349225225201308
0407020349225230201308
0407020349225280201308
04070203572231F9201308
0407020357225220201308
0407020357225225201308
0407020357225230201308
0407020357225280201308
04070203652231F9201308
0407020365225220201308
0407020365225225201308
0407020365225230201308
0407020365225290201308
04070203732231F9201308
0407020373225220201308
0407020373225225201308
0407020373225230201308
0407020373225280201308
04070203812231F9201308
0407020381225220201308
0407020381225225201308
0407020381225230201308
0407020381225280201308
04070203902231F9201308
0407020390225220201308
0407020390225225201308
0407020390225230201308
0407020390225280201308
04070204032231F9201308
0407020403225220201308
0407020403225225201308
0407020403225230201308
0407020403225290201308
0407020411225220201308
0407020411225225201308
0407020411225230201308
0407020411225290201308
04070204202231F9201308
0407020420225220201308
0407020420225225201308
0407020420225230201308
04070204382231F9201308
0407020438225220201308
0407020438225225201308
0407020438225230201308
04070204462231F9201308
0407020446225225201308
0407020446225230201308
0407020446225280201308
04070204542231F9201308
0407020454225220201308
0407020454225225201308
0407020454225230201308
04070204622231F9201308
0407020462225220201308
0407020462225225201308
0407020462225230201308
04070204702231F9201308
0407020470225220201308
0407020470225225201308
0407020470225230201308
0407020470225280201308
04070204892231F9201308
0407020489225220201308
0407020489225225201308
0407020489225230201308
0407020489225280201308
04070204972231F9201308
0407020497225220201308
0407020497225225201308
0407020497225230201308
0407020497225280201308
04070300182231F9201308
0407030018225220201308
0407030018225225201308
0407030018225230201308
0407030018225290201308
04070300262231F9201308
0407030026225220201308
0407030026225225201308
0407030026225230201308
0407030026225290201308
04070300342231F9201308
0407030034225220201308
0407030034225225201308
0407030034225230201308
0407030034225290201308
0407030034225320201308
04070300422231F9201308
0407030042225220201308
0407030042225225201308
0407030042225230201308
0407030042225290201308
04070300502231F9201308
0407030050225220201308
0407030050225225201308
0407030050225230201308
0407030050225290201308
04070300692231F9201308
0407030069225220201308
0407030069225225201308
0407030069225230201308
0407030069225290201308
04070300772231F9201308
0407030077225225201308
0407030077225230201308
0407030077225290201308
0407030077225320201308
0407030085225320201308
0407030093225320201308
0407030107225320201308
0407030115225320201308
04070301232231F9201308
0407030123225220201308
0407030123225225201308
0407030123225230201308
0407030123225290201308
04070301312231F9201308
0407030131225220201308
0407030131225225201308
0407030131225230201308
0407030131225290201308
04070301402231F9201308
0407030140225122201308
0407030140225220201308
0407030140225225201308
0407030140225230201308
04070301582231F9201308
0407030158225220201308
0407030158225225201308
0407030158225230201308
04070301662231F9201308
0407030166225220201308
0407030166225225201308
0407030166225230201308
0407030166225320201308
04070301742231F9201308
0407030174223268201308
0407030174225220201308
0407030174225225201308
0407030174225230201308
04070301822231F9201308
0407030182225220201308
0407030182225225201308
0407030182225230201308
0407030182225290201308
04070301902231F9201308
0407030190225225201308
0407030190225230201308
0407030190225290201308
0407030190225320201308
04070302042231F9201308
0407030204225220201308
0407030204225225201308
0407030204225230201308
0407030204225290201308
04070302122231F9201308
0407030212225220201308
0407030212225225201308
0407030212225230201308
0407030212225290201308
04070302202231F9201308
0407030220225220201308
0407030220225225201308
0407030220225230201308
0407030220225290201308
0407030239225320201308
04070302472231F9201308
0407030247225220201308
0407030247225225201308
0407030247225230201308
0407030247225290201308
04070400132231F9201308
0407040013225220201308
0407040013225225201308
0407040013225230201308
0407040013225250201308
0407040013225290201308
04070400212231F9201308
0407040021225220201308
0407040021225225201308
0407040021225230201308
0407040021225290201308
04070400302231F9201308
0407040030225220201308
0407040030225225201308
0407040030225230201308
0407040030225290201308
04070400482231F9201308
0407040048225220201308
0407040048225225201308
0407040048225230201308
04070400562231F9201308
0407040056225220201308
0407040056225225201308
0407040056225230201308
04070400642231F9201308
0407040064225220201308
0407040064225225201308
0407040064225230201308
0407040072225220201308
0407040072225225201308
0407040072225230201308
04070400802231F9201308
0407040080225220201308
0407040080225225201308
0407040080225230201308
0407040080225290201308
04070400992231F9201308
0407040099225220201308
0407040099225225201308
0407040099225230201308
0407040099225290201308
04070401022231F9201308
0407040102225220201308
0407040102225225201308
0407040102225230201308
0407040102225290201308
04070401102231F9201308
0407040110225220201308
0407040110225225201308
0407040110225230201308
0407040110225290201308
04070401292231F9201308
0407040129225220201308
0407040129225225201308
0407040129225230201308
04070401372231F9201308
0407040137225220201308
0407040137225225201308
0407040137225230201308
0407040137225310201308
0407040137225320201308
04070401452231F9201308
0407040145225220201308
0407040145225225201308
0407040145225230201308
04070401532231F9201308
0407040153225220201308
0407040153225225201308
0407040153225230201308
04070401612231F9201308
0407040161225109201308
0407040161225151201308
0407040161225220201308
0407040161225225201308
0407040161225230201308
0407040161225250201308
0407040161225290201308
04070401702231F9201308
0407040170225220201308
0407040170225225201308
0407040170225230201308
0407040170225250201308
0407040170225290201308
0407040170225320201308
0407040188225220201308
0407040188225225201308
0407040188225230201308
04070401962231F9201308
0407040196225121201308
0407040196225220201308
0407040196225225201308
0407040196225230201308
0407040196225250201308
0407040196225290201308
04070402002231F9201308
0407040200225220201308
0407040200225225201308
0407040200225285201308
0407040200225290201308
04070402182231F9201308
0407040218225125201308
0407040218225142201308
0407040218225165201308
0407040218225220201308
0407040218225225201308
0407040218225230201308
0407040218225280201308
0407040218225320201308
04070402262231F9201308
0407040226225220201308
0407040226225225201308
0407040226225230201308
04070402342231F9201308
0407040234225220201308
0407040234225225201308
0407040234225230201308
0407040234225290201308
04070402422231F9201308
0407040242225220201308
0407040242225225201308
0407040242225230201308
0407040242225235201308
0407040242225250201308
0407040242225290201308
04070402502231F9201308
0407040250225220201308
0407040250225225201308
0407040250225230201308
04070402692231F9201308
0407040269225225201308
0407040269225230201308
0407040269225320201308
0408010010225270201308
0408010029225270201308
0408010037225270201308
0408010045225270201308
0408010053225270201308
0408010061225270201308
0408010070225270201308
0408010088225270201308
0408010096225270201308
0408010100225270201308
0408010118225270201308
0408010126225270201308
0408010134225270201308
0408010142225270201308
0408010150225270201308
0408010169225270201308
0408010177225270201308
0408010185225270201308
0408010193225270201308
0408010207225270201308
0408010215225270201308
0408010223225270201308
0408010231225270201308
0408020016225203201308
0408020016225270201308
0408020024225203201308
0408020024225270201308
0408020032225270201308
0408020040225270201308
0408020059225270201308
0408020067225270201308
0408020075225270201308
0408020083225270201308
0408020091225270201308
0408020105225270201308
0408020113225270201308
0408020121225270201308
0408020130225270201308
0408020148225270201308
0408020156225270201308
0408020164225270201308
0408020172225270201308
0408020180225270201308
0408020199225270201308
0408020202225270201308
0408020210225270201308
0408020229225270201308
0408020237225270201308
0408020245225270201308
0408020253225270201308
0408020261225270201308
0408020270225270201308
0408020288225270201308
0408020296225203201308
0408020296225270201308
0408020300225270201308
0408020318225270201308
0408020326225235201308
0408020326225270201308
0408020334225270201308
0408020342225270201308
0408020350225270201308
0408020369225270201308
0408020377225270201308
0408020385225270201308
0408020393225270201308
0408020407225270201308
0408020415225270201308
0408020423225270201308
0408020431225270201308
0408020440225270201308
0408020458225270201308
0408020466225270201308
0408020474225270201308
0408020482225270201308
0408020490225270201308
0408020504225270201308
0408020512225270201308
0408020520225270201308
0408020539225270201308
0408020547225270201308
0408020555225270201308
0408020563225270201308
0408020571225270201308
0408020580225270201308
0408020598225270201308
0408020601225270201308
0408020610225270201308
0408020628225235201308
0408020628225270201308
0408020636225270201308
0408020644225270201308
0408030011225260201308
0408030011225270201308
0408030020225260201308
0408030020225270201308
0408030038225260201308
0408030038225270201308
0408030046225260201308
0408030046225270201308
0408030054225260201308
0408030054225270201308
0408030062225260201308
0408030062225270201308
0408030070225260201308
0408030070225270201308
0408030089225260201308
0408030089225270201308
0408030097225260201308
0408030097225270201308
0408030100225260201308
0408030100225270201308
0408030119225260201308
0408030119225270201308
0408030127225260201308
0408030127225270201308
0408030135225260201308
0408030135225270201308
0408030143225260201308
0408030143225270201308
0408030151225260201308
0408030151225270201308
0408030160225260201308
0408030160225270201308
0408030178225260201308
0408030178225270201308
0408030186225260201308
0408030186225270201308
0408030194225260201308
0408030194225270201308
0408030208225260201308
0408030208225270201308
0408030216225260201308
0408030216225270201308
0408030224225260201308
0408030224225270201308
0408030232225260201308
0408030232225270201308
0408030240225260201308
0408030240225270201308
0408030259225260201308
0408030259225270201308
0408030267225260201308
0408030267225270201308
0408030275225260201308
0408030275225270201308
0408030283225260201308
0408030283225270201308
0408030291225260201308
0408030291225270201308
0408030305225260201308
0408030305225270201308
0408030313225260201308
0408030313225270201308
0408030321225260201308
0408030321225270201308
0408030330225260201308
0408030330225270201308
0408030348225270201308
0408030356225260201308
0408030356225270201308
0408030364225260201308
0408030364225270201308
0408030372225260201308
0408030372225270201308
0408030380225260201308
0408030380225270201308
0408030399225260201308
0408030399225270201308
0408030402225260201308
0408030402225270201308
0408030410225260201308
0408030410225270201308
0408030429225260201308
0408030429225270201308
0408030437225260201308
0408030437225270201308
0408030445225260201308
0408030445225270201308
0408030453225260201308
0408030453225270201308
0408030461225260201308
0408030461225270201308
0408030470225225201308
0408030470225230201308
0408030470225270201308
0408030488225260201308
0408030488225270201308
0408030500225260201308
0408030500225270201308
0408030518225260201308
0408030518225270201308
0408030526225260201308
0408030526225270201308
0408030534225260201308
0408030534225270201308
0408030542225260201308
0408030542225270201308
0408030550225260201308
0408030550225270201308
0408030569225260201308
0408030569225270201308
0408030577225260201308
0408030577225270201308
0408030585225260201308
0408030585225270201308
0408030593225260201308
0408030593225270201308
0408030607225260201308
0408030607225270201308
0408030615225260201308
0408030615225270201308
0408030623225260201308
0408030623225270201308
0408030631225260201308
0408030631225270201308
0408030640225260201308
0408030640225270201308
0408030658225260201308
0408030658225270201308
0408030666225260201308
0408030666225270201308
0408030674225260201308
0408030674225270201308
0408030682225260201308
0408030682225270201308
0408030690225260201308
0408030690225270201308
0408030704225260201308
0408030704225270201308
0408030712225260201308
0408030712225270201308
0408030720225260201308
0408030720225270201308
0408030739225260201308
0408030739225270201308
0408030747225215201308
0408030747225260201308
0408030747225270201308
0408030755225260201308
0408030755225270201308
0408030763225260201308
0408030763225270201308
0408030771225260201308
0408030771225270201308
0408030780225260201308
0408030780225270201308
0408030798225260201308
0408030798225270201308
0408030801225260201308
0408030801225270201308
0408030810225260201308
0408030810225270201308
0408030828225260201308
0408030828225270201308
0408030836225260201308
0408030836225270201308
0408030844225260201308
0408030844225270201308
0408030852225260201308
0408030852225270201308
0408030860225260201308
0408030860225270201308
0408030879225260201308
0408030879225270201308
0408030887225260201308
0408030887225270201308
0408030895225260201308
0408030895225270201308
0408030909225260201308
0408030909225270201308
0408030917225260201308
0408030917225270201308
0408040017225270201308
0408040025225270201308
0408040033225270201308
0408040041225270201308
0408040050225270201308
0408040068225270201308
0408040076225270201308
0408040084225270201308
0408040092225270201308
0408040106225270201308
0408040114225270201308
0408040122225270201308
0408040130225270201308
0408040149225270201308
0408040157225270201308
0408040165225270201308
0408040173225270201308
0408040181225270201308
0408040190225270201308
0408040203225270201308
0408040211225270201308
0408040220225270201308
0408040238225270201308
0408040246225270201308
0408040254225270201308
0408040262225270201308
0408040270225270201308
0408040289225270201308
0408040297225270201308
0408040300225270201308
0408040319225270201308
0408040327225270201308
0408040335225270201308
0408040343225270201308
0408040351225270201308
0408050012225203201308
0408050012225270201308
0408050012225290201308
0408050020225203201308
0408050020225270201308
0408050039225270201308
0408050047225270201308
0408050055225270201308
0408050063225270201308
0408050071225270201308
0408050080225270201308
0408050098225160201308
0408050098225270201308
0408050101225270201308
0408050110225270201308
0408050128225160201308
0408050128225270201308
0408050136225270201308
0408050144225270201308
0408050152225270201308
0408050160225270201308
0408050179225270201308
0408050187225270201308
0408050195225124201308
0408050195225125201308
0408050195225142201308
0408050195225270201308
0408050209225124201308
0408050209225125201308
0408050209225142201308
0408050209225270201308
0408050217225124201308
0408050217225125201308
0408050217225142201308
0408050217225270201308
0408050225225124201308
0408050225225125201308
0408050225225142201308
0408050225225270201308
0408050233225270201308
0408050241225124201308
0408050241225125201308
0408050241225142201308
0408050241225170201308
0408050241225270201308
0408050250225124201308
0408050250225125201308
0408050250225142201308
0408050250225270201308
0408050268225124201308
0408050268225125201308
0408050268225142201308
0408050268225270201308
0408050276225270201308
0408050284225124201308
0408050284225125201308
0408050284225142201308
0408050284225270201308
0408050292225124201308
0408050292225125201308
0408050292225142201308
0408050292225270201308
0408050306225270201308
0408050314225270201308
0408050322225270201308
0408050330225203201308
0408050330225270201308
0408050349225270201308
0408050357225270201308
0408050365225270201308
0408050373225270201308
0408050381225270201308
0408050390225270201308
0408050403225270201308
0408050411225270201308
0408050420225270201308
0408050438225270201308
0408050446225270201308
0408050454225270201308
0408050462225270201308
0408050470225270201308
0408050489225270201308
0408050497225270201308
0408050500225270201308
0408050519225270201308
0408050527225270201308
0408050535225270201308
0408050543225270201308
0408050551225270201308
0408050560225270201308
0408050578225270201308
0408050586225270201308
0408050594225270201308
0408050608225270201308
0408050616225270201308
0408050624225270201308
0408050632225270201308
0408050640225270201308
0408050659225270201308
0408050667225270201308
0408050675225270201308
0408050683225270201308
0408050691225270201308
0408050705225270201308
0408050713225270201308
0408050721225270201308
0408050730225270201308
0408050748225270201308
0408050756225270201308
0408050764225270201308
0408050772225270201308
0408050780225270201308
0408050799225270201308
0408050802225270201308
0408050810225270201308
0408050829225270201308
0408050837225270201308
0408050845225270201308
0408050853225270201308
0408050861225270201308
0408050870225270201308
0408050888225270201308
0408050896225270201308
0408050900225270201308
0408050918225270201308
0408050926225270201308
0408060018225270201308
0408060026225270201308
0408060034225270201308
0408060042225203201308
0408060042225225201308
0408060042225230201308
0408060042225235201308
0408060042225270201308
0408060050225270201308
0408060069225270201308
0408060077225270201308
0408060085225270201308
0408060093225260201308
0408060093225270201308
0408060107225270201308
0408060115225270201308
0408060123225270201308
0408060131225235201308
0408060131225270201308
0408060140225270201308
0408060158225270201308
0408060166225270201308
0408060174225270201308
0408060182225270201308
0408060190225270201308
0408060204225270201308
0408060212225235201308
0408060212225270201308
0408060220225270201308
0408060239225270201308
0408060247225270201308
0408060255225270201308
0408060263223268201308
0408060263225270201308
0408060271223268201308
0408060271225270201308
0408060280225270201308
0408060298225270201308
0408060301225235201308
0408060301225270201308
0408060310225270201308
0408060310225290201308
0408060328223268201308
0408060328225270201308
0408060336223268201308
0408060336225270201308
0408060344225225201308
0408060344225270201308
0408060352223268201308
0408060352225270201308
0408060360225270201308
0408060379223268201308
0408060379225215201308
0408060379225270201308
0408060379225290201308
0408060387225270201308
0408060395223268201308
0408060395225270201308
0408060409225270201308
0408060417225270201308
0408060425225203201308
0408060425225270201308
0408060433225270201308
0408060441225235201308
0408060441225270201308
0408060450225270201308
0408060468225270201308
0408060476225270201308
0408060484225270201308
0408060492225270201308
0408060506225270201308
0408060514225270201308
0408060522225270201308
0408060530225260201308
0408060530225270201308
0408060549225260201308
0408060549225270201308
0408060557225270201308
0408060565225270201308
0408060573225270201308
0408060581225270201308
0408060590225270201308
0408060603225225201308
0408060603225230201308
0408060603225270201308
0408060611225270201308
0408060620225270201308
0408060638225270201308
0408060646225270201308
0408060654225225201308
0408060654225235201308
0408060654225270201308
0408060662225235201308
0408060662225270201308
0408060670225270201308
0408060689225270201308
0408060697225270201308
0408060700225270201308
0408060719225225201308
0408060719225230201308
0408060719225270201308
0409010014225225201308
0409010014225230201308
0409010014225285201308
0409010022225225201308
0409010022225230201308
0409010022225285201308
0409010030225225201308
0409010030225230201308
0409010030225285201308
0409010049225225201308
0409010049225230201308
0409010049225285201308
0409010057225225201308
0409010057225230201308
0409010057225285201308
0409010065225225201308
0409010065225230201308
0409010065225285201308
0409010073225225201308
0409010073225230201308
0409010073225285201308
0409010081225225201308
0409010081225230201308
0409010081225250201308
0409010081225285201308
0409010090225225201308
0409010090225230201308
0409010090225250201308
0409010090225285201308
0409010103225124201308
0409010103225125201308
0409010103225225201308
0409010103225230201308
0409010103225285201308
0409010103225320201308
0409010111225124201308
0409010111225125201308
0409010111225225201308
0409010111225230201308
0409010111225285201308
0409010111225320201308
0409010120225225201308
0409010120225230201308
0409010120225285201308
0409010138225225201308
0409010138225230201308
0409010138225285201308
0409010146225225201308
0409010146225230201308
0409010146225285201308
0409010154225125201308
0409010154225225201308
0409010154225230201308
0409010154225285201308
0409010162225124201308
0409010162225125201308
0409010162225225201308
0409010162225230201308
0409010162225285201308
0409010170225225201308
0409010170225230201308
0409010170225285201308
0409010189225285201308
0409010197225225201308
0409010197225230201308
0409010197225285201308
0409010200225225201308
0409010200225230201308
0409010200225285201308
0409010219225225201308
0409010219225230201308
0409010219225285201308
0409010227225225201308
0409010227225230201308
0409010227225285201308
0409010235225225201308
0409010235225230201308
0409010235225285201308
0409010243225225201308
0409010243225230201308
0409010243225285201308
0409010251225225201308
0409010251225230201308
0409010251225285201308
0409010260225225201308
0409010260225230201308
0409010260225285201308
0409010278225124201308
0409010278225125201308
0409010278225225201308
0409010278225230201308
0409010278225285201308
0409010286225225201308
0409010286225230201308
0409010286225285201308
0409010294225225201308
0409010294225230201308
0409010294225285201308
0409010308225225201308
0409010308225230201308
0409010308225285201308
0409010316225225201308
0409010316225230201308
0409010316225285201308
0409010324225225201308
0409010324225230201308
0409010324225285201308
0409010332225225201308
0409010332225230201308
0409010332225285201308
0409010340225225201308
0409010340225230201308
0409010340225285201308
0409010359225124201308
0409010359225125201308
0409010359225225201308
0409010359225230201308
0409010359225285201308
0409010367225225201308
0409010367225230201308
0409010367225285201308
0409010375225225201308
0409010375225230201308
0409010375225285201308
0409010383225225201308
0409010383225230201308
0409010383225250201308
0409010383225285201308
0409010391225225201308
0409010391225230201308
0409010391225285201308
0409010405225225201308
0409010405225230201308
0409010405225285201308
0409010413225225201308
0409010413225230201308
0409010413225285201308
0409010421225285201308
0409010421225320201308
0409010430225225201308
0409010430225230201308
0409010430225250201308
0409010430225285201308
0409010448225225201308
0409010448225230201308
0409010448225285201308
0409010456225225201308
0409010456225230201308
0409010456225285201308
0409010464225225201308
0409010464225230201308
0409010464225285201308
0409010472225225201308
0409010472225230201308
0409010472225250201308
0409010472225285201308
0409010480225225201308
0409010480225230201308
0409010480225285201308
0409010499225225201308
0409010499225250201308
0409010499225285201308
0409010502225225201308
0409010502225230201308
0409010502225285201308
0409010510225225201308
0409010510225230201308
0409010510225250201308
0409010510225285201308
0409010529225225201308
0409010529225230201308
0409010529225285201308
0409010537225225201308
0409010537225230201308
0409010537225285201308
0409010545225225201308
0409010545225230201308
0409010545225285201308
0409010553225225201308
0409010553225230201308
0409010553225285201308
0409010561225225201308
0409010561225230201308
0409010561225285201308
0409010570225225201308
0409010570225230201308
0409010570225285201308
0409010588225225201308
0409010588225230201308
0409010588225285201308
0409020010225124201308
0409020010225125201308
0409020010225225201308
0409020010225230201308
0409020010225285201308
0409020028225124201308
0409020028225125201308
0409020028225225201308
0409020028225230201308
0409020028225285201308
0409020036225124201308
0409020036225125201308
0409020036225225201308
0409020036225230201308
0409020036225285201308
0409020044225225201308
0409020044225230201308
0409020044225250201308
0409020044225285201308
0409020052225210201308
0409020052225225201308
0409020052225230201308
0409020052225285201308
0409020060225124201308
0409020060225125201308
0409020060225225201308
0409020060225230201308
0409020060225285201308
0409020079225124201308
0409020079225125201308
0409020079225225201308
0409020079225230201308
0409020079225285201308
0409020087225225201308
0409020087225230201308
0409020087225285201308
0409020095225225201308
0409020095225230201308
0409020095225285201308
0409020109225225201308
0409020109225230201308
0409020109225285201308
0409020117225124201308
0409020117225125201308
0409020117225225201308
0409020117225230201308
0409020117225285201308
0409020125225225201308
0409020125225230201308
0409020125225285201308
0409020133225225201308
0409020133225230201308
0409020133225285201308
0409020141225225201308
0409020141225230201308
0409020141225285201308
0409020150225225201308
0409020150225230201308
0409020150225250201308
0409020150225285201308
0409020168225225201308
0409020168225230201308
0409020168225285201308
0409020176225225201308
0409020176225230201308
0409020176225285201308
0409020184225124201308
0409020184225125201308
0409020184225225201308
0409020184225230201308
0409020184225285201308
0409030015225225201308
0409030015225285201308
0409030023225225201308
0409030023225285201308
0409030031225225201308
0409030031225285201308
0409030040225225201308
0409030040225285201308
0409040010225124201308
0409040010225125201308
0409040010225142201308
0409040010225225201308
0409040010225230201308
0409040010225285201308
0409040029225124201308
0409040029225125201308
0409040029225142201308
0409040029225225201308
0409040029225230201308
0409040029225285201308
0409040037225225201308
0409040037225230201308
0409040037225285201308
0409040045225225201308
0409040045225230201308
0409040045225285201308
0409040053225225201308
0409040053225230201308
0409040053225285201308
0409040061225225201308
0409040061225230201308
0409040061225285201308
0409040070225124201308
0409040070225125201308
0409040070225225201308
0409040070225230201308
0409040070225285201308
0409040088225225201308
0409040088225230201308
0409040088225285201308
0409040096225225201308
0409040096225230201308
0409040096225285201308
0409040100225225201308
0409040100225230201308
0409040100225285201308
0409040118225225201308
0409040118225230201308
0409040118225285201308
0409040126225225201308
0409040126225230201308
0409040126225285201308
0409040134225225201308
0409040134225230201308
0409040134225285201308
0409040142225225201308
0409040142225230201308
0409040142225285201308
0409040150225225201308
0409040150225230201308
0409040150225285201308
0409040169225225201308
0409040169225230201308
0409040169225285201308
0409040177225225201308
0409040177225230201308
0409040177225235201308
0409040177225285201308
0409040185225225201308
0409040185225230201308
0409040185225235201308
0409040185225285201308
0409040193225225201308
0409040193225230201308
0409040193225285201308
0409040207225225201308
0409040207225230201308
0409040207225285201308
0409040215225225201308
0409040215225230201308
0409040215225285201308
0409040223225225201308
0409040223225230201308
0409040223225285201308
0409040231225225201308
0409040231225230201308
0409040231225285201308
0409040240225225201308
0409040240225285201308
0409050016225203201308
0409050016225225201308
0409050016225230201308
0409050016225285201308
0409050024225225201308
0409050024225230201308
0409050024225235201308
0409050024225285201308
0409050032225225201308
0409050032225230201308
0409050032225235201308
0409050032225285201308
0409050040225225201308
0409050040225230201308
0409050040225235201308
0409050040225285201308
0409050059225124201308
0409050059225125201308
0409050059225225201308
0409050059225230201308
0409050059225235201308
0409050059225285201308
0409050067225124201308
0409050067225125201308
0409050067225225201308
0409050067225230201308
0409050067225235201308
0409050067225285201308
0409050075225225201308
0409050075225230201308
0409050075225235201308
0409050075225285201308
0409050083225225201308
0409050083225230201308
0409050083225285201308
0409050091225203201308
0409050091225225201308
0409050091225230201308
0409050091225235201308
0409050091225285201308
0409050105225225201308
0409050105225230201308
0409050105225285201308
0409050113225225201308
0409050113225230201308
0409050113225285201308
0409050121225203201308
0409050121225225201308
0409050121225235201308
0409050121225285201308
0409060011225225201308
0409060011225250201308
0409060020225225201308
0409060020225250201308
0409060038225225201308
0409060038225250201308
0409060046225225201308
0409060046225230201308
0409060046225250201308
0409060054225225201308
0409060054225250201308
0409060062225225201308
0409060062225250201308
0409060070225225201308
0409060070225250201308
0409060089225225201308
0409060089225250201308
0409060097225225201308
0409060097225250201308
0409060100225225201308
0409060100225230201308
0409060100225250201308
0409060119225225201308
0409060119225230201308
0409060119225250201308
0409060127225225201308
0409060127225230201308
0409060127225250201308
0409060135225225201308
0409060135225230201308
0409060135225250201308
0409060143225225201308
0409060143225230201308
0409060143225250201308
0409060151225225201308
0409060151225230201308
0409060151225250201308
0409060160225225201308
0409060160225230201308
0409060160225250201308
0409060178225225201308
0409060178225230201308
0409060178225250201308
0409060186225225201308
0409060186225250201308
0409060194225225201308
0409060194225230201308
0409060194225250201308
0409060208225225201308
0409060208225230201308
0409060208225250201308
0409060216225225201308
0409060216225230201308
0409060216225250201308
0409060224225203201308
0409060224225210201308
0409060224225225201308
0409060224225235201308
0409060224225250201308
0409060232225225201308
0409060232225230201308
0409060232225250201308
0409060240225225201308
0409060240225230201308
0409060240225250201308
0409060259225225201308
0409060259225230201308
0409060259225250201308
0409060267225225201308
0409060267225230201308
0409060267225250201308
0409060275225215201308
0409060275225225201308
0409060275225230201308
0409060275225250201308
0409060275225275201308
0409060283225225201308
0409060283225230201308
0409060283225250201308
0409060283225285201308
0409060283225320201308
0409070017225225201308
0409070017225250201308
0409070025225225201308
0409070025225250201308
0409070033225225201308
0409070033225250201308
0409070041225225201308
0409070041225250201308
0409070050225225201308
0409070050225250201308
0409070068225225201308
0409070068225250201308
0409070076225225201308
0409070076225250201308
0409070084225225201308
0409070084225250201308
0409070092225225201308
0409070092225230201308
0409070092225250201308
0409070106225225201308
0409070106225230201308
0409070106225250201308
0409070114225225201308
0409070114225230201308
0409070114225235201308
0409070114225250201308
0409070122225225201308
0409070122225230201308
0409070122225250201308
0409070130225225201308
0409070130225230201308
0409070130225250201308
0409070149225225201308
0409070149225230201308
0409070149225250201308
0409070157225225201308
0409070157225230201308
0409070157225250201308
0409070165225135201308
0409070165225225201308
0409070165225230201308
0409070165225250201308
0409070173225124201308
0409070173225125201308
0409070173225142201308
0409070173225225201308
0409070173225230201308
0409070173225250201308
0409070181225225201308
0409070181225230201308
0409070181225250201308
0409070190225225201308
0409070190225250201308
0409070203225225201308
0409070203225250201308
0409070211225225201308
0409070211225235201308
0409070211225250201308
0409070220225225201308
0409070220225230201308
0409070220225250201308
0409070238225225201308
0409070238225230201308
0409070238225250201308
0409070246225225201308
0409070246225230201308
0409070246225250201308
0409070254225225201308
0409070254225230201308
0409070254225250201308
0409070262225225201308
0409070262225230201308
0409070262225235201308
0409070262225250201308
0409070270225225201308
0409070270225250201308
0409070270225285201308
0409070289225225201308
0409070289225230201308
0409070289225235201308
0409070289225250201308
0409070297225225201308
0409070297225250201308
0409070300225225201308
0409070300225250201308
04100100142231F9201308
0410010014225225201308
0410010014225230201308
0410010014225250201308
0410010014225255201308
04100100222231F9201308
0410010022225225201308
0410010022225250201308
0410010022225255201308
04100100302231F9201308
0410010030225225201308
0410010030225230201308
0410010030225235201308
0410010030225250201308
0410010030225255201308
04100100492231F9201308
0410010049225225201308
0410010049225235201308
0410010049225250201308
0410010049225255201308
04100100572231F9201308
0410010057225225201308
0410010057225235201308
0410010057225250201308
0410010057225255201308
04100100652231F9201308
0410010065225225201308
0410010065225230201308
0410010065225235201308
0410010065225250201308
0410010065225255201308
0410010073225225201308
0410010073225230201308
0410010073225235201308
0410010073225250201308
0410010073225255201308
04100100812231F9201308
0410010081225225201308
0410010081225230201308
0410010081225235201308
0410010081225255201308
04100100902231F9201308
0410010090225225201308
0410010090225230201308
0410010090225235201308
0410010090225250201308
0410010090225255201308
04100101032231F9201308
0410010103225225201308
0410010103225235201308
0410010103225250201308
0410010103225255201308
04100101112231F9201308
0410010111225225201308
0410010111225230201308
0410010111225235201308
0410010111225250201308
0410010111225255201308
04100101202231F9201308
0410010120225225201308
0410010120225230201308
0410010120225235201308
0410010120225250201308
0410010120225255201308
04100101382231F9201308
0410010138225225201308
0410010138225230201308
0410010138225235201308
0410010138225250201308
0410010138225255201308
04100101462231F9201308
0410010146225225201308
0410010146225230201308
0410010146225235201308
0410010146225250201308
0410010146225255201308
04100101542231F9201308
0410010154225225201308
0410010154225230201308
0410010154225235201308
0410010154225250201308
0410010154225255201308
04100101622231F9201308
0410010162225225201308
0410010162225230201308
0410010162225235201308
0410010162225250201308
0410010162225255201308
04100101702231F9201308
0410010170225225201308
0410010170225230201308
0410010170225235201308
0410010170225250201308
0410010170225255201308
04100101892231F9201308
0410010189225225201308
0410010189225230201308
0410010189225235201308
0410010189225250201308
0410010189225255201308
04110100182231F9201308
0411010018225225201308
0411010018225250201308
04110100262231F9201308
0411010026225225201308
0411010026225250201308
04110100342231F9201308
0411010034225225201308
0411010034225250201308
04110100422231F9201308
0411010042225225201308
0411010042225250201308
04110100502231F9201308
0411010050225225201308
0411010050225250201308
04110100692231F9201308
0411010069225142201308
0411010069225225201308
0411010069225250201308
04110100772231F9201308
0411010077225142201308
0411010077225225201308
0411010077225250201308
04110100852231F9201308
0411010085225225201308
0411010085225250201308
04110200132231F9201308
0411020013225225201308
0411020013225250201308
04110200212231F9201308
0411020021225225201308
0411020021225230201308
0411020021225250201308
04110200302231F9201308
0411020030225225201308
0411020030225250201308
0411020048225225201308
0411020048225230201308
0411020048225250201308
0411020056225125201308
0411020056225225201308
0411020056225250201308
0412010011225225201308
0412010011225230201308
0412010011225240201308
0412010020225225201308
0412010020225230201308
0412010020225240201308
0412010038225215201308
0412010038225225201308
0412010038225230201308
0412010038225240201308
0412010038225275201308
0412010046225225201308
0412010046225230201308
0412010046225240201308
0412010062225125201308
0412010062225127201308
0412010062225142201308
0412010062225220201308
0412010062225225201308
0412010062225230201308
0412010062225240201308
0412010070225225201308
0412010070225230201308
0412010070225240201308
0412010089225225201308
0412010089225230201308
0412010089225240201308
0412010097225215201308
0412010097225225201308
0412010097225230201308
0412010097225240201308
0412010097225275201308
0412010100225215201308
0412010100225225201308
0412010100225230201308
0412010100225240201308
0412010100225275201308
0412010119225225201308
0412010119225230201308
0412010119225240201308
0412010127225150201308
0412010127225215201308
0412010127225225201308
0412010127225230201308
0412010127225240201308
0412010127225275201308
0412010135225225201308
0412010135225230201308
0412010135225240201308
0412010143225225201308
0412010143225230201308
0412010143225240201308
0412020017225203201308
0412020017225210201308
0412020017225225201308
0412020017225230201308
0412020017225240201308
0412020017225290201308
0412020025225225201308
0412020025225230201308
0412020025225240201308
0412020033225225201308
0412020033225230201308
0412020033225240201308
0412020033225290201308
0412020050225225201308
0412020050225230201308
0412020050225240201308
0412020050225290201308
0412020068225225201308
0412020068225230201308
0412020068225240201308
0412020076225150201308
0412020076225225201308
0412020076225230201308
0412020076225240201308
0412020076225275201308
0412020084225225201308
0412020084225230201308
0412020084225240201308
0412030012225225201308
0412030012225230201308
0412030012225240201308
0412030012225290201308
0412030047225210201308
0412030047225225201308
0412030047225230201308
0412030047225240201308
0412030055225225201308
0412030055225230201308
0412030055225240201308
0412030063225225201308
0412030063225230201308
0412030063225240201308
0412030071225225201308
0412030071225230201308
0412030071225240201308
0412030080225225201308
0412030080225230201308
0412030080225240201308
0412030098225225201308
0412030098225230201308
0412030098225240201308
0412030098225290201308
0412030101225225201308
0412030101225230201308
0412030101225240201308
0412030110225225201308
0412030110225230201308
0412030110225240201308
0412030110225290201308
0412030128225225201308
0412030128225230201308
0412030128225240201308
0412040018225225201308
0412040018225230201308
0412040018225240201308
0412040026225225201308
0412040026225230201308
0412040026225240201308
0412040034225210201308
0412040034225225201308
0412040034225230201308
0412040034225240201308
0412040042225210201308
0412040042225225201308
0412040042225230201308
0412040042225240201308
0412040042225290201308
0412040050225225201308
0412040050225230201308
0412040050225240201308
0412040069225225201308
0412040069225230201308
0412040069225240201308
0412040085225225201308
0412040085225230201308
0412040085225240201308
0412040085225270201308
0412040107225225201308
0412040107225230201308
0412040107225240201308
0412040115225225201308
0412040115225230201308
0412040115225240201308
0412040115225290201308
0412040123225225201308
0412040123225230201308
0412040123225240201308
0412040123225290201308
0412040131225225201308
0412040131225230201308
0412040131225240201308
0412040131225290201308
0412040158225225201308
0412040158225230201308
0412040158225240201308
0412040158225290201308
04120401662231F9201308
0412040166225127201308
0412040166225150201308
0412040166225210201308
0412040166225225201308
0412040166225230201308
0412040166225240201308
0412040166225290201308
0412040174225210201308
0412040174225225201308
0412040174225230201308
0412040174225240201308
0412040174225290201308
0412040182225225201308
0412040182225230201308
0412040182225240201308
0412040190225225201308
0412040190225230201308
0412040190225240201308
0412040204225225201308
0412040204225230201308
0412040204225240201308
0412040212225225201308
0412040212225230201308
0412040212225240201308
0412040212225290201308
0412040220225225201308
0412040220225230201308
0412040220225240201308
0412050013225225201308
0412050013225230201308
0412050013225240201308
0412050030225225201308
0412050030225230201308
0412050030225240201308
0412050048225225201308
0412050048225230201308
0412050048225240201308
0412050048225290201308
0412050064225225201308
0412050064225230201308
0412050064225240201308
0412050064225290201308
0412050072225225201308
0412050072225230201308
0412050072225240201308
0412050080225225201308
0412050080225230201308
0412050080225240201308
0412050102225225201308
0412050102225230201308
0412050102225240201308
0412050102225290201308
0412050110225225201308
0412050110225230201308
0412050110225240201308
0412050137225225201308
0412050137225230201308
0412050137225240201308
0412050145225225201308
0412050145225230201308
0412050145225240201308
0412050145225290201308
0412050153225210201308
0412050153225225201308
0412050153225230201308
0412050153225240201308
0412050161225225201308
0412050161225230201308
0412050161225240201308
04120501702231F9201308
0412050170225125201308
0412050170225127201308
0412050170225142201308
0412050170225220201308
0412050170225225201308
0412050170225230201308
0412050170225240201308
0412050170225290201308
0413010015225225201308
0413010015225230201308
0413010015225235201308
0413010023225124201308
0413010023225125201308
0413010023225135201308
0413010023225142201308
0413010023225170201308
0413010023225230201308
0413010023225235201308
0413010031225124201308
0413010031225125201308
0413010031225135201308
0413010031225170201308
0413010031225225201308
0413010031225230201308
0413010031225235201308
0413010040223505201308
0413010040225124201308
0413010040225125201308
0413010040225135201308
0413010040225170201308
0413010040225225201308
0413010040225230201308
0413010040225235201308
0413010058223505201308
0413010058225124201308
0413010058225125201308
0413010058225170201308
0413010058225225201308
0413010058225230201308
0413010058225235201308
0413010066225225201308
0413010066225230201308
0413010066225235201308
0413010074225150201308
0413010074225225201308
0413010074225230201308
0413010074225235201308
0413010082225225201308
0413010082225230201308
0413010082225235201308
0413010090225103201308
0413010090225124201308
0413010090225125201308
0413010090225135201308
0413010090225142201308
0413010090225170201308
0413010090225225201308
0413010090225230201308
0413010090225235201308
0413030016225235201308
0413030024225235201308
0413030032225235201308
0413030040225135201308
0413030040225235201308
0413030059225235201308
0413030067225235201308
0413030075225235201308
0413030083225235201308
0413040011225135201308
0413040011225220201308
0413040011225225201308
0413040011225230201308
0413040011225235201308
0413040020225225201308
0413040020225230201308
0413040020225235201308
0413040038225235201308
0413040046225235201308
0413040054225235201308
0413040062225235201308
0413040070225235201308
0413040089225235201308
0413040097225225201308
0413040097225230201308
0413040097225235201308
0413040100225225201308
0413040100225230201308
0413040100225235201308
0413040119223268201308
0413040119225235201308
0413040127223268201308
0413040127225235201308
0413040135223268201308
0413040135225235201308
0413040143225235201308
0413040151225135201308
0413040151225215201308
0413040151225220201308
0413040151225225201308
0413040151225230201308
0413040151225235201308
0413040160225225201308
0413040160225230201308
0413040160225270201308
0413040178225225201308
0413040178225230201308
0413040178225270201308
0413040186225225201308
0413040186225230201308
0413040186225270201308
0413040194225225201308
0413040194225230201308
0413040194225270201308
0413040208225225201308
0413040208225270201308
0413040216225225201308
0413040216225230201308
0413040216225235201308
0413040224225225201308
0413040224225230201308
0413040224225270201308
0413040232225225201308
0413040232225230201308
0413040232225235201308
0413040232225275201308
0413040240225225201308
0413040240225230201308
0413040240225270201308
0413040259225235201308
0414010027223204201308
0414010027223208201308
0414010027223212201308
0414010027223216201308
0414010027223220201308
0414010027223224201308
0414010027223228201308
0414010027223232201308
0414010027223236201308
0414010027223240201308
0414010027223244201308
0414010027223248201308
0414010027223252201308
0414010027223256201308
0414010027223260201308
0414010027223264201308
0414010027223268201308
0414010027223272201308
0414010027223293201308
0414010027225225201308
0414010035223204201308
0414010035223208201308
0414010035223212201308
0414010035223216201308
0414010035223220201308
0414010035223224201308
0414010035223228201308
0414010035223232201308
0414010035223236201308
0414010035223240201308
0414010035223244201308
0414010035223248201308
0414010035223252201308
0414010035223256201308
0414010035223260201308
0414010035223264201308
0414010035223268201308
0414010035223272201308
0414010035223293201308
0414010035225225201308
0414010256223268201308
0414010256225215201308
0414010256225235201308
0414010256225275201308
0414010272223268201308
0414010272225215201308
0414010272225235201308
0414010272225275201308
0414010329223268201308
0414010329225215201308
0414010329225235201308
0414010329225275201308
0414010345223208201308
0414010345223212201308
0414010345223220201308
0414010345223224201308
0414010345223228201308
0414010345223232201308
0414010345223236201308
0414010345223240201308
0414010345223244201308
0414010345223248201308
0414010345223252201308
0414010345223256201308
0414010345223260201308
0414010345223264201308
0414010345223268201308
0414010345223272201308
0414010345223288201308
0414010345223293201308
0414010345225215201308
0414010345225220201308
0414010345225225201308
0414010345225230201308
0414010345225235201308
0414010361223208201308
0414010361223220201308
0414010361223228201308
0414010361223236201308
0414010361223248201308
0414010361223268201308
0414010361225215201308
0414010361225235201308
0414010361225275201308
0414010370223204201308
0414010370223208201308
0414010370223212201308
0414010370223216201308
0414010370223220201308
0414010370223224201308
0414010370223228201308
0414010370223232201308
0414010370223236201308
0414010370223240201308
0414010370223244201308
0414010370223248201308
0414010370223252201308
0414010370223256201308
0414010370223260201308
0414010370223264201308
0414010370223268201308
0414010370223272201308
0414010370223293201308
0414010388223204201308
0414010388223208201308
0414010388223212201308
0414010388223216201308
0414010388223220201308
0414010388223224201308
0414010388223228201308
0414010388223232201308
0414010388223236201308
0414010388223240201308
0414010388223244201308
0414010388223248201308
0414010388223252201308
0414010388223256201308
0414010388223260201308
0414010388223264201308
0414010388223268201308
0414010388223272201308
0414010388223293201308
0414010388225215201308
0414010388225220201308
0414010388225225201308
0414010388225230201308
0414010388225235201308
0414020022223204201308
0414020022223208201308
0414020022223212201308
0414020022223216201308
0414020022223220201308
0414020022223224201308
0414020022223228201308
0414020022223232201308
0414020022223236201308
0414020022223240201308
0414020022223244201308
0414020022223248201308
0414020022223252201308
0414020022223256201308
0414020022223260201308
0414020022223264201308
0414020022223268201308
0414020022223272201308
0414020022223276201308
0414020022223280201308
0414020022223284201308
0414020022223288201308
0414020022223293201308
0414020030223204201308
0414020030223208201308
0414020030223212201308
0414020030223216201308
0414020030223220201308
0414020030223224201308
0414020030223228201308
0414020030223232201308
0414020030223236201308
0414020030223240201308
0414020030223244201308
0414020030223248201308
0414020030223252201308
0414020030223256201308
0414020030223260201308
0414020030223264201308
0414020030223268201308
0414020030223272201308
0414020030223276201308
0414020030223280201308
0414020030223284201308
0414020030223288201308
0414020030223293201308
0414020049223204201308
0414020049223208201308
0414020049223212201308
0414020049223216201308
0414020049223220201308
0414020049223224201308
0414020049223228201308
0414020049223232201308
0414020049223236201308
0414020049223240201308
0414020049223244201308
0414020049223248201308
0414020049223252201308
0414020049223256201308
0414020049223260201308
0414020049223264201308
0414020049223268201308
0414020049223272201308
0414020049223276201308
0414020049223280201308
0414020049223284201308
0414020049223288201308
0414020049223293201308
0414020057223204201308
0414020057223208201308
0414020057223212201308
0414020057223216201308
0414020057223220201308
0414020057223224201308
0414020057223228201308
0414020057223232201308
0414020057223236201308
0414020057223240201308
0414020057223244201308
0414020057223248201308
0414020057223252201308
0414020057223256201308
0414020057223260201308
0414020057223264201308
0414020057223268201308
0414020057223272201308
0414020057223276201308
0414020057223280201308
0414020057223284201308
0414020057223288201308
0414020057223293201308
0414020065223204201308
0414020065223208201308
0414020065223212201308
0414020065223216201308
0414020065223220201308
0414020065223224201308
0414020065223228201308
0414020065223232201308
0414020065223236201308
0414020065223240201308
0414020065223244201308
0414020065223248201308
0414020065223252201308
0414020065223256201308
0414020065223260201308
0414020065223264201308
0414020065223268201308
0414020065223272201308
0414020065223276201308
0414020065223280201308
0414020065223284201308
0414020065223288201308
0414020065223293201308
0414020073223204201308
0414020073223208201308
0414020073223212201308
0414020073223216201308
0414020073223220201308
0414020073223224201308
0414020073223228201308
0414020073223232201308
0414020073223236201308
0414020073223240201308
0414020073223244201308
0414020073223248201308
0414020073223252201308
0414020073223256201308
0414020073223260201308
0414020073223264201308
0414020073223268201308
0414020073223272201308
0414020073223276201308
0414020073223280201308
0414020073223284201308
0414020073223288201308
0414020073223293201308
0414020081223204201308
0414020081223208201308
0414020081223212201308
0414020081223216201308
0414020081223220201308
0414020081223224201308
0414020081223228201308
0414020081223232201308
0414020081223236201308
0414020081223240201308
0414020081223244201308
0414020081223248201308
0414020081223252201308
0414020081223256201308
0414020081223260201308
0414020081223264201308
0414020081223268201308
0414020081223272201308
0414020081223276201308
0414020081223280201308
0414020081223284201308
0414020081223288201308
0414020081223293201308
0414020090223204201308
0414020090223208201308
0414020090223212201308
0414020090223216201308
0414020090223220201308
0414020090223224201308
0414020090223228201308
0414020090223232201308
0414020090223236201308
0414020090223240201308
0414020090223244201308
0414020090223248201308
0414020090223252201308
0414020090223256201308
0414020090223260201308
0414020090223264201308
0414020090223268201308
0414020090223272201308
0414020090223276201308
0414020090223280201308
0414020090223284201308
0414020090223288201308
0414020090223293201308
0414020120223204201308
0414020120223208201308
0414020120223212201308
0414020120223216201308
0414020120223220201308
0414020120223224201308
0414020120223228201308
0414020120223232201308
0414020120223236201308
0414020120223240201308
0414020120223244201308
0414020120223248201308
0414020120223252201308
0414020120223256201308
0414020120223260201308
0414020120223264201308
0414020120223268201308
0414020120223272201308
0414020120223276201308
0414020120223280201308
0414020120223284201308
0414020120223288201308
0414020120223293201308
0414020138223204201308
0414020138223208201308
0414020138223212201308
0414020138223216201308
0414020138223220201308
0414020138223224201308
0414020138223228201308
0414020138223232201308
0414020138223236201308
0414020138223240201308
0414020138223244201308
0414020138223248201308
0414020138223252201308
0414020138223256201308
0414020138223260201308
0414020138223264201308
0414020138223268201308
0414020138223272201308
0414020138223276201308
0414020138223280201308
0414020138223284201308
0414020138223288201308
0414020138223293201308
0414020146223204201308
0414020146223208201308
0414020146223212201308
0414020146223216201308
0414020146223220201308
0414020146223224201308
0414020146223228201308
0414020146223232201308
0414020146223236201308
0414020146223240201308
0414020146223244201308
0414020146223248201308
0414020146223252201308
0414020146223256201308
0414020146223260201308
0414020146223264201308
0414020146223268201308
0414020146223272201308
0414020146223276201308
0414020146223280201308
0414020146223284201308
0414020146223288201308
0414020146223293201308
0414020154223204201308
0414020154223208201308
0414020154223212201308
0414020154223216201308
0414020154223220201308
0414020154223224201308
0414020154223228201308
0414020154223232201308
0414020154223236201308
0414020154223240201308
0414020154223244201308
0414020154223248201308
0414020154223252201308
0414020154223256201308
0414020154223260201308
0414020154223264201308
0414020154223268201308
0414020154223272201308
0414020154223276201308
0414020154223280201308
0414020154223284201308
0414020154223288201308
0414020154223293201308
0414020162223204201308
0414020162223208201308
0414020162223212201308
0414020162223216201308
0414020162223220201308
0414020162223224201308
0414020162223228201308
0414020162223232201308
0414020162223236201308
0414020162223240201308
0414020162223244201308
0414020162223248201308
0414020162223252201308
0414020162223256201308
0414020162223260201308
0414020162223264201308
0414020162223268201308
0414020162223272201308
0414020162223276201308
0414020162223280201308
0414020162223284201308
0414020162223288201308
0414020162223293201308
0414020170223204201308
0414020170223208201308
0414020170223212201308
0414020170223216201308
0414020170223220201308
0414020170223224201308
0414020170223228201308
0414020170223232201308
0414020170223236201308
0414020170223240201308
0414020170223244201308
0414020170223248201308
0414020170223252201308
0414020170223256201308
0414020170223260201308
0414020170223264201308
0414020170223268201308
0414020170223272201308
0414020170223276201308
0414020170223280201308
0414020170223284201308
0414020170223288201308
0414020170223293201308
0414020170225124201308
0414020170225125201308
0414020170225142201308
0414020170225225201308
0414020200223204201308
0414020200223208201308
0414020200223212201308
0414020200223216201308
0414020200223220201308
0414020200223224201308
0414020200223228201308
0414020200223232201308
0414020200223236201308
0414020200223240201308
0414020200223244201308
0414020200223248201308
0414020200223252201308
0414020200223256201308
0414020200223260201308
0414020200223264201308
0414020200223268201308
0414020200223272201308
0414020200223276201308
0414020200223280201308
0414020200223284201308
0414020200223288201308
0414020200223293201308
0414020219223208201308
0414020219223212201308
0414020219223220201308
0414020219223224201308
0414020219223228201308
0414020219223232201308
0414020219223236201308
0414020219223240201308
0414020219223244201308
0414020219223248201308
0414020219223252201308
0414020219223260201308
0414020219223264201308
0414020219223268201308
0414020219223272201308
0414020219223293201308
0414020243223204201308
0414020243223208201308
0414020243223212201308
0414020243223216201308
0414020243223220201308
0414020243223224201308
0414020243223228201308
0414020243223232201308
0414020243223236201308
0414020243223240201308
0414020243223244201308
0414020243223248201308
0414020243223252201308
0414020243223256201308
0414020243223260201308
0414020243223264201308
0414020243223268201308
0414020243223272201308
0414020243223276201308
0414020243223280201308
0414020243223284201308
0414020243223288201308
0414020243223293201308
0414020278223204201308
0414020278223208201308
0414020278223212201308
0414020278223216201308
0414020278223220201308
0414020278223224201308
0414020278223228201308
0414020278223232201308
0414020278223236201308
0414020278223240201308
0414020278223244201308
0414020278223248201308
0414020278223252201308
0414020278223256201308
0414020278223260201308
0414020278223264201308
0414020278223268201308
0414020278223272201308
0414020278223276201308
0414020278223280201308
0414020278223284201308
0414020278223288201308
0414020278223293201308
0414020294223204201308
0414020294223208201308
0414020294223212201308
0414020294223216201308
0414020294223220201308
0414020294223224201308
0414020294223228201308
0414020294223232201308
0414020294223236201308
0414020294223240201308
0414020294223244201308
0414020294223248201308
0414020294223252201308
0414020294223256201308
0414020294223260201308
0414020294223264201308
0414020294223268201308
0414020294223272201308
0414020294223276201308
0414020294223280201308
0414020294223284201308
0414020294223288201308
0414020294223293201308
0414020359223204201308
0414020359223208201308
0414020359223212201308
0414020359223216201308
0414020359223220201308
0414020359223224201308
0414020359223228201308
0414020359223232201308
0414020359223236201308
0414020359223240201308
0414020359223244201308
0414020359223248201308
0414020359223252201308
0414020359223256201308
0414020359223260201308
0414020359223264201308
0414020359223268201308
0414020359223272201308
0414020359223276201308
0414020359223280201308
0414020359223284201308
0414020359223288201308
0414020359223293201308
0414020367223204201308
0414020367223208201308
0414020367223212201308
0414020367223216201308
0414020367223220201308
0414020367223224201308
0414020367223228201308
0414020367223232201308
0414020367223236201308
0414020367223240201308
0414020367223244201308
0414020367223248201308
0414020367223252201308
0414020367223256201308
0414020367223260201308
0414020367223264201308
0414020367223268201308
0414020367223272201308
0414020367223276201308
0414020367223280201308
0414020367223284201308
0414020367223288201308
0414020367223293201308
0414020375223204201308
0414020375223208201308
0414020375223212201308
0414020375223216201308
0414020375223220201308
0414020375223224201308
0414020375223228201308
0414020375223232201308
0414020375223236201308
0414020375223240201308
0414020375223244201308
0414020375223248201308
0414020375223252201308
0414020375223256201308
0414020375223260201308
0414020375223264201308
0414020375223268201308
0414020375223272201308
0414020375223276201308
0414020375223280201308
0414020375223284201308
0414020375223288201308
0414020375223293201308
0414020383223204201308
0414020383223208201308
0414020383223212201308
0414020383223216201308
0414020383223220201308
0414020383223224201308
0414020383223228201308
0414020383223232201308
0414020383223236201308
0414020383223240201308
0414020383223244201308
0414020383223248201308
0414020383223252201308
0414020383223256201308
0414020383223260201308
0414020383223264201308
0414020383223268201308
0414020383223272201308
0414020383223276201308
0414020383223280201308
0414020383223284201308
0414020383223288201308
0414020383223293201308
0414020405223204201308
0414020405223208201308
0414020405223212201308
0414020405223216201308
0414020405223220201308
0414020405223224201308
0414020405223228201308
0414020405223232201308
0414020405223236201308
0414020405223240201308
0414020405223244201308
0414020405223248201308
0414020405223252201308
0414020405223256201308
0414020405223260201308
0414020405223264201308
0414020405223268201308
0414020405223272201308
0414020405223276201308
0414020405223280201308
0414020405223284201308
0414020405223288201308
0414020405223293201308
0414020413223204201308
0414020413223208201308
0414020413223212201308
0414020413223216201308
0414020413223220201308
0414020413223224201308
0414020413223228201308
0414020413223232201308
0414020413223236201308
0414020413223240201308
0414020413223244201308
0414020413223248201308
0414020413223252201308
0414020413223256201308
0414020413223260201308
0414020413223264201308
0414020413223268201308
0414020413223272201308
0414020413223276201308
0414020413223280201308
0414020413223284201308
0414020413223288201308
0414020413223293201308
0414020421223204201308
0414020421223208201308
0414020421223212201308
0414020421223216201308
0414020421223220201308
0414020421223224201308
0414020421223228201308
0414020421223232201308
0414020421223236201308
0414020421223240201308
0414020421223244201308
0414020421223248201308
0414020421223252201308
0414020421223256201308
0414020421223260201308
0414020421223264201308
0414020421223268201308
0414020421223272201308
0414020421223276201308
0414020421223280201308
0414020421223284201308
0414020421223288201308
0414020421223293201308
0415020018225220201308
0415020018225225201308
0415020018225235201308
0415020026225260201308
0415020026225270201308
0415020042223208201308
0415020042223220201308
0415020042223224201308
0415020042223236201308
0415020042223252201308
0415020042223256201308
0415020042223268201308
0415020042223272201308
0415020042223293201308
0415020042225215201308
0415020042225230201308
0415020042225235201308
0415020042225260201308
0415020042225275201308
0415040027223268201308
0415040027225103201308
0415040027225115201308
0415040027225121201308
0415040027225124201308
0415040027225125201308
0415040027225142201308
0415040027225150201308
0415040027225170201308
0415040027225180201308
0415040027225203201308
0415040027225215201308
0415040027225225201308
0415040027225230201308
0415040027225235201308
0415040027225270201308
04150400352231F9201308
0415040035225135201308
0415040035225150201308
0415040035225203201308
0415040035225210201308
0415040035225215201308
0415040035225220201308
0415040035225225201308
0415040035225230201308
0415040035225235201308
0415040035225240201308
0415040035225260201308
0415040035225270201308
0415040043223505201308
0415040043225115201308
0415040043225124201308
0415040043225125201308
0415040043225135201308
0415040043225142201308
0415040043225210201308
0415040043225220201308
0415040043225225201308
0415040043225230201308
0415040043225235201308
0415040043225250201308
0415040043225270201308
0415040051225320201308
0416010016225225201308
0416010016225285201308
0416010016225290201308
0416010024225225201308
0416010024225230201308
0416010024225285201308
0416010024225290201308
0416010032225225201308
0416010032225230201308
0416010032225285201308
0416010032225290201308
0416010040225225201308
0416010040225230201308
0416010040225285201308
0416010040225290201308
0416010075225225201308
0416010075225230201308
0416010075225285201308
0416010075225290201308
0416010091225225201308
0416010091225230201308
0416010091225285201308
0416010091225290201308
0416010113225225201308
0416010113225230201308
0416010113225285201308
0416010113225290201308
0416010121225225201308
0416010121225285201308
0416010121225290201308
0416010130225225201308
0416010130225285201308
0416010130225290201308
0416010164225225201308
0416010164225230201308
0416010164225285201308
0416010164225290201308
0416010172225225201308
0416010172225230201308
0416010172225285201308
0416010172225290201308
0416010180225225201308
0416010180225230201308
0416010180225285201308
0416010180225290201308
0416010199225225201308
0416010199225230201308
0416010199225285201308
0416010199225290201308
0416010202225225201308
0416010202225230201308
0416010202225285201308
0416010202225290201308
0416010210225225201308
0416010210225230201308
0416010210225285201308
0416010210225290201308
0416010229225225201308
0416010229225230201308
0416010229225285201308
0416010229225290201308
0416020020225220201308
0416020020225225201308
0416020020225230201308
0416020020225250201308
0416020020225280201308
0416020020225285201308
0416020020225290201308
0416020151225215201308
0416020151225225201308
0416020151225230201308
0416020151225275201308
0416020151225290201308
0416020160225215201308
0416020160225225201308
0416020160225230201308
0416020160225275201308
0416020160225290201308
0416020178225215201308
0416020178225225201308
0416020178225230201308
0416020178225275201308
0416020178225290201308
0416020186225215201308
0416020186225225201308
0416020186225230201308
0416020186225275201308
0416020186225290201308
0416020194225215201308
0416020194225225201308
0416020194225230201308
0416020194225240201308
0416020194225290201308
0416020208225215201308
0416020208225225201308
0416020208225230201308
0416020208225240201308
0416020208225275201308
0416020208225290201308
0416020216225225201308
0416020216225230201308
0416020216225250201308
0416020216225255201308
0416020216225290201308
0416020224225220201308
0416020224225225201308
0416020224225230201308
0416020224225250201308
0416020224225280201308
0416020224225285201308
0416020224225290201308
0416020232225225201308
0416020232225230201308
0416020232225250201308
0416020232225285201308
0416020232225290201308
0416020240225215201308
0416020240225225201308
0416020240225230201308
0416020240225250201308
0416020240225255201308
0416020240225280201308
0416020240225290201308
0416020259225225201308
0416020259225230201308
0416020259225250201308
0416020259225280201308
0416020259225285201308
0416020259225290201308
0416030017225215201308
0416030017225225201308
0416030017225230201308
0416030017225275201308
0416030017225290201308
0416030025225215201308
0416030025225225201308
0416030025225230201308
0416030025225275201308
0416030025225290201308
0416030033225215201308
0416030033225225201308
0416030033225230201308
0416030033225275201308
0416030033225290201308
0416030041225215201308
0416030041225225201308
0416030041225230201308
0416030041225275201308
0416030041225290201308
0416030068225215201308
0416030068225225201308
0416030068225230201308
0416030068225275201308
0416030068225290201308
0416030076225215201308
0416030076225225201308
0416030076225290201308
0416030084225215201308
0416030084225225201308
0416030084225230201308
0416030084225290201308
0416030092225215201308
0416030092225225201308
0416030092225230201308
0416030092225275201308
0416030092225290201308
0416030149225215201308
0416030149225225201308
0416030149225230201308
0416030149225235201308
0416030149225290201308
0416030157225215201308
0416030157225225201308
0416030157225230201308
0416030157225235201308
0416030157225290201308
0416030165225215201308
0416030165225225201308
0416030165225230201308
0416030165225235201308
0416030165225290201308
0416030173225215201308
0416030173225230201308
0416030173225290201308
0416030181225215201308
0416030181225230201308
0416030181225290201308
0416030190225215201308
0416030190225225201308
0416030190225290201308
0416030203225215201308
0416030203225225201308
0416030203225230201308
0416030203225290201308
0416030211225215201308
0416030211225225201308
0416030211225230201308
0416030211225275201308
0416030211225290201308
0416030220225215201308
0416030220225225201308
0416030220225230201308
0416030220225275201308
0416030220225290201308
0416030238225215201308
0416030238225230201308
0416030238225275201308
0416030238225290201308
0416030246225215201308
0416030246225230201308
0416030246225265201308
0416030246225290201308
0416030254225215201308
0416030254225275201308
0416030254225290201308
0416030262225215201308
0416030262225275201308
0416030262225290201308
0416030270225215201308
0416030270225225201308
0416030270225230201308
0416030270225275201308
0416030270225290201308
0416030289225215201308
0416030289225275201308
0416030289225290201308
0416030297225215201308
0416030297225230201308
0416030297225290201308
0416030300225215201308
0416030300225230201308
0416030300225290201308
0416030319225215201308
0416030319225230201308
0416030319225290201308
0416030327225215201308
0416030327225230201308
0416030327225290201308
0416030335225215201308
0416030335225225201308
0416030335225230201308
0416030335225290201308
0416030343225215201308
0416030343225225201308
0416030343225230201308
0416030343225290201308
0416030351225215201308
0416030351225225201308
0416030351225230201308
0416030351225275201308
0416030351225290201308
0416030360225215201308
0416030360225225201308
0416030360225230201308
0416030360225240201308
0416030360225290201308
0416040012225220201308
0416040012225225201308
0416040012225230201308
0416040012225290201308
0416040020225220201308
0416040020225225201308
0416040020225230201308
0416040020225290201308
0416040039225220201308
0416040039225225201308
0416040039225230201308
0416040039225240201308
0416040039225290201308
0416040047225220201308
0416040047225225201308
0416040047225230201308
0416040047225290201308
0416040055225220201308
0416040055225225201308
0416040055225230201308
0416040055225290201308
0416040071225220201308
0416040071225225201308
0416040071225230201308
0416040071225290201308
0416040101225220201308
0416040101225225201308
0416040101225230201308
0416040101225290201308
0416040110225220201308
0416040110225225201308
0416040110225230201308
0416040110225290201308
0416040128225220201308
0416040128225225201308
0416040128225230201308
0416040128225290201308
0416040144225220201308
0416040144225225201308
0416040144225230201308
0416040144225290201308
0416040179225121201308
0416040179225220201308
0416040179225225201308
0416040179225290201308
0416040179225320201308
0416040187225121201308
0416040187225220201308
0416040187225225201308
0416040187225290201308
0416040187225320201308
0416040195225121201308
0416040195225220201308
0416040195225225201308
0416040195225290201308
0416040195225320201308
0416040209225220201308
0416040209225225201308
0416040209225230201308
0416040209225250201308
0416040209225290201308
0416040217225220201308
0416040217225225201308
0416040217225230201308
0416040217225290201308
0416040225225220201308
0416040225225225201308
0416040225225230201308
0416040225225290201308
0416040233225220201308
0416040233225225201308
0416040233225230201308
0416040233225290201308
0416040241225220201308
0416040241225225201308
0416040241225230201308
0416040241225290201308
0416040250225220201308
0416040250225225201308
0416040250225230201308
0416040250225290201308
0416040268225220201308
0416040268225225201308
0416040268225230201308
0416040268225290201308
0416040276225220201308
0416040276225225201308
0416040276225230201308
0416040276225280201308
0416040276225290201308
0416050018225225201308
0416050018225230201308
0416050018225280201308
0416050018225290201308
0416050026225220201308
0416050026225225201308
0416050026225230201308
0416050026225280201308
0416050026225290201308
0416050034225220201308
0416050034225225201308
0416050034225230201308
0416050034225280201308
0416050034225290201308
0416050050225225201308
0416050050225230201308
0416050050225280201308
0416050050225290201308
0416050077225225201308
0416050077225230201308
0416050077225280201308
0416050077225290201308
0416050093225225201308
0416050093225230201308
0416050093225280201308
0416050093225290201308
0416050107225225201308
0416050107225230201308
0416050107225290201308
0416050115225225201308
0416050115225230201308
0416050115225280201308
0416050115225290201308
0416060013225225201308
0416060013225250201308
0416060013225290201308
0416060021225225201308
0416060021225230201308
0416060021225250201308
0416060021225290201308
0416060030225225201308
0416060030225230201308
0416060030225250201308
0416060030225290201308
0416060056225225201308
0416060056225230201308
0416060056225250201308
0416060056225280201308
0416060056225285201308
0416060056225290201308
0416060064225225201308
0416060064225230201308
0416060064225250201308
0416060064225290201308
0416060080225250201308
0416060080225290201308
0416060099225230201308
0416060099225250201308
0416060099225290201308
0416060102225230201308
0416060102225250201308
0416060102225290201308
0416060110225225201308
0416060110225230201308
0416060110225250201308
0416060110225290201308
0416060129225225201308
0416060129225230201308
0416060129225250201308
0416060129225290201308
0416080014225225201308
0416080014225230201308
0416080014225235201308
0416080014225290201308
0416080030225225201308
0416080030225230201308
0416080030225235201308
0416080030225290201308
0416080081225215201308
0416080081225225201308
0416080081225230201308
0416080081225235201308
0416080081225240201308
0416080081225250201308
0416080081225255201308
0416080081225275201308
0416080081225290201308
0416080090225225201308
0416080090225230201308
0416080090225235201308
0416080111225215201308
0416080111225235201308
0416080111225240201308
0416080111225250201308
0416080111225255201308
0416080111225290201308
0416080120225215201308
0416080120225225201308
0416080120225230201308
0416080120225235201308
0416080120225290201308
0416090010225225201308
0416090010225230201308
0416090010225270201308
0416090010225290201308
0416090028225225201308
0416090028225230201308
0416090028225270201308
0416090028225290201308
0416090036225225201308
0416090036225230201308
0416090036225270201308
0416090036225290201308
0416090079225230201308
0416090079225260201308
0416090079225270201308
0416090079225290201308
0416090109225270201308
0416090117225225201308
0416090117225230201308
0416090117225270201308
0416090117225290201308
0416090125225270201308
0416090125225290201308
0416090133225215201308
0416090133225225201308
0416090133225230201308
0416090133225270201308
0416090133225290201308
0416110010225203201308
0416110010225230201308
0416110010225240201308
0416110010225290201308
0416110029225230201308
0416110029225240201308
0416110029225290201308
0416110037225225201308
0416110037225230201308
0416110037225240201308
0416110037225290201308
0416110045225225201308
0416110045225230201308
0416110045225240201308
0416110045225290201308
0416110053225225201308
0416110053225230201308
0416110053225240201308
0416110053225290201308
0416110061225230201308
0416110061225240201308
0416110061225290201308
0416110070225230201308
0416110070225240201308
0416110070225290201308
0416110088225215201308
0416110088225220201308
0416110088225225201308
0416110088225230201308
0416110088225240201308
0416110088225290201308
0416120024225225201308
0416120024225250201308
0416120024225255201308
0416120024225290201308
0416120032225225201308
0416120032225250201308
0416120032225255201308
0416120032225290201308
0416120040225225201308
0416120040225250201308
0416120040225255201308
0416120040225290201308
0416120059225225201308
0416120059225250201308
0416120059225255201308
0416120059225290201308
0417010010225151201308
0417010010225225201308
0417010028225151201308
0417010028225225201308
0417010028225250201308
0417010036225151201308
0417010044225151201308
0417010052225151201308
0417010052225225201308
0417010060225151201308
0418010013225109201308
0418010013225203201308
0418010013225210201308
0418010013225225201308
0418010013225230201308
0418010021225203201308
0418010021225210201308
0418010021225220201308
0418010021225225201308
0418010021225230201308
0418010030225109201308
0418010030225203201308
0418010030225210201308
0418010030225225201308
0418010030225230201308
0418010048225109201308
0418010048225210201308
0418010048225220201308
0418010048225225201308
0418010048225230201308
0418010056225109201308
0418010056225210201308
0418010056225225201308
0418010056225230201308
0418010064225109201308
0418010064225210201308
0418010064225225201308
0418010064225230201308
0418010072225109201308
0418010072225210201308
0418010072225220201308
0418010072225225201308
0418010072225230201308
0418010080225109201308
0418010080225210201308
0418010080225220201308
0418010080225225201308
0418010080225230201308
0418010099225109201308
0418010099225210201308
0418010099225220201308
0418010099225225201308
0418010099225230201308
0418020019225109201308
0418020019225203201308
0418020019225210201308
0418020019225225201308
0418020019225230201308
0418020027225109201308
0418020027225203201308
0418020027225210201308
0418020027225225201308
0418020027225230201308
0418020035225109201308
0418020035225125201308
0418020035225210201308
0418020035225220201308
0418020035225225201308
0418020035225230201308
0501010017221105201308
0501010017221205201308
0501010017223415201308
0501010017223505201308
0501010017225125201308
0501010017225185201308
0501010017225340201308
0501010017322205201308
0501010017322230201308
0501010017324205201308
0501010025221105201308
0501010025221205201308
0501010025223415201308
0501010025225185201308
0501010025225335201308
0501010033221105201308
0501010033221205201308
0501010033223415201308
0501010033225185201308
0501010033225335201308
0501010041221105201308
0501010041221205201308
0501010041223415201308
0501010041225185201308
0501010041225335201308
0501010050221105201308
0501010050221205201308
0501010050223415201308
0501010050225185201308
0501010050225335201308
0501010068221105201308
0501010068221205201308
0501010068223415201308
0501010068225185201308
0501010068225335201308
0501010076221105201308
0501010076221205201308
0501010076223415201308
0501010076225185201308
0501010076225335201308
0501010084221105201308
0501010084221205201308
0501010084223415201308
0501010084225185201308
0501010084225335201308
0501010092221105201308
0501010092221205201308
0501010092223415201308
0501010092225185201308
0501010092225335201308
0501020012221105201308
0501020012221205201308
0501020012223415201308
0501020012225185201308
0501020012225335201308
0501020020221105201308
0501020020221205201308
0501020020223415201308
0501020020225185201308
0501020020225335201308
0501020039221105201308
0501020039221205201308
0501020039223415201308
0501020039225185201308
0501020039225335201308
0501030018225121201308
0501030018225185201308
0501030018225225201308
0501030018225230201308
0501030018225340201308
0501030026203015201308
0501030026221105201308
0501030026221205201308
0501030026223415201308
0501030026225121201308
0501030026225185201308
0501030026225225201308
0501030026225335201308
0501030034221105201308
0501030034221205201308
0501030034223415201308
0501030034225121201308
0501030034225185201308
0501030034225225201308
0501030034225335201308
0501030042221105201308
0501030042221205201308
0501030042223415201308
0501030042225185201308
0501030042225335201308
0501030050221105201308
0501030050221205201308
0501030050223415201308
0501030050225185201308
0501030050225335201308
0501030069225121201308
0501030069225122201308
0501030069225185201308
0501030069225340201308
0501030077225121201308
0501030077225122201308
0501030077225185201308
0501030077225340201308
0501030085221105201308
0501030085221205201308
0501030085223415201308
0501030085225121201308
0501030085225185201308
0501030085225225201308
0501030085225275201308
0501030085225335201308
0501030093221105201308
0501030093221205201308
0501030093223415201308
0501030093225185201308
0501030093225335201308
0501030107221105201308
0501030107221205201308
0501030107223415201308
0501030107225121201308
0501030107225122201308
0501030107225185201308
0501030107225335201308
0501030107225340201308
0501030115221105201308
0501030115223505201308
0501030115223540201308
0501030115223545201308
0501030115225121201308
0501030115225122201308
0501030115225185201308
0501030115225250201308
0501030115225335201308
0501030115225340201308
0501030123221105201308
0501030123221205201308
0501030123223415201308
0501030123225121201308
0501030123225185201308
0501030123225225201308
0501030123225335201308
0501040013221105201308
0501040013221205201308
0501040013223415201308
0501040013225185201308
0501040013225335201308
0501040021221105201308
0501040021221205201308
0501040021223415201308
0501040021225185201308
0501040021225335201308
0501040030221105201308
0501040030221205201308
0501040030223415201308
0501040030225185201308
0501040030225335201308
0501040048221105201308
0501040048221205201308
0501040048223415201308
0501040048225185201308
0501040048225335201308
0501040056221105201308
0501040056221205201308
0501040056223415201308
0501040056225185201308
0501040056225335201308
0501040064221105201308
0501040064221205201308
0501040064223415201308
0501040064225185201308
0501040064225335201308
0501040072221105201308
0501040072223415201308
0501040072225185201308
0501040072225335201308
0501050019221105201308
0501050019221205201308
0501050019223415201308
0501050019225109201308
0501050019225110201308
0501050019225185201308
0501050019225210201308
0501050019225220201308
0501050019225225201308
0501050019225240201308
0501050019225285201308
0501050019225335201308
0501050027221105201308
0501050027221205201308
0501050027223415201308
0501050027225185201308
0501050027225335201308
0501050035221105201308
0501050035221205201308
0501050035223415201308
0501050035225109201308
0501050035225110201308
0501050035225210201308
0501050035225220201308
0501050035225225201308
0501050035225240201308
0501050035225285201308
0501050035225335201308
0501050043225109201308
0501050043225210201308
0501050043225220201308
0501050043225225201308
0501050043225240201308
0501050043225285201308
0501060014225112201308
0501060014225115201308
0501060014225203201308
0501060014225210201308
0501060014225260201308
0501060014225320201308
0501060022225203201308
0501060022225210201308
0501060022225315201308
0501060030225112201308
0501060030225203201308
0501060030225210201308
0501060030225260201308
0501060030225320201308
0501060049223119201308
0501060049225112201308
0501060049225203201308
0501060049225210201308
0501060049225260201308
0501060057223119201308
0501060057225112201308
0501060057225115201308
0501060057225203201308
0501060057225210201308
0501060057225260201308
0501060057225315201308
0501060057225320201308
0501070010221105201308
0501070010223415201308
0501070010225185201308
0501070010225335201308
0501070028221105201308
0501070028221205201308
0501070028223415201308
0501070028225185201308
0501070028225335201308
0501070036221105201308
0501070036221205201308
0501070036223415201308
0501070036225185201308
0501070036225335201308
0501070036225340201308
0501070044221205201308
0501070044225210201308
0501070044225225201308
0501070044225240201308
0501070052221205201308
0501070052225220201308
0501070052225225201308
0501070060221205201308
0501070060225109201308
0501070060225210201308
0501070060225220201308
0501070060225225201308
0501070060225240201308
0501070060225285201308
0501070079221205201308
0501070079225109201308
0501070079225210201308
0501070079225220201308
0501070079225225201308
0501070079225240201308
0501070079225285201308
0501070087221105201308
0501070087221205201308
0501070087223415201308
0501070087225109201308
0501070087225110201308
0501070087225210201308
0501070087225220201308
0501070087225225201308
0501070087225240201308
0501070087225285201308
0501070087225335201308
0501070095221105201308
0501070095221205201308
0501070095223415201308
0501070095225120201308
0501070095225165201308
0501070109221105201308
0501070109221205201308
0501070109223415201308
0501070109225109201308
0501070109225110201308
0501070109225285201308
0501070117221105201308
0501070117223415201308
0501070117225109201308
0501070117225110201308
0501070117225285201308
0501080015225109201308
0501080015225127201308
0501080015225148201308
0501080015225165201308
0501080015225185201308
0501080015225210201308
0501080015225225201308
0501080015225230201308
0501080015225305201308
0501080015225310201308
0501080015225335201308
0501080023221105201308
0501080023221205201308
0501080023223415201308
0501080023225335201308
0501080031221105201308
0501080031221205201308
0501080031223415201308
0501080031225335201308
0501080040221105201308
0501080040221205201308
0501080040223415201308
0501080040225335201308
0501080058221105201308
0501080058221205201308
0501080058223415201308
0501080058225335201308
0501080066221205201308
0501080066225320201308
0501080074203015201308
0501080074221105201308
0501080074221205201308
0501080074223415201308
0501080074225335201308
0501080082221105201308
0501080082221205201308
0501080082223415201308
0501080082225335201308
0501080090225109201308
0501080090225120201308
0501080090225127201308
0501080090225165201308
0501080090225320201308
0502010010223119201308
0502010010225109201308
0502010010225112201308
0502010010225115201308
0502010010225120201308
0502010010225124201308
0502010010225125201308
0502010010225127201308
0502010010225150201308
0502010010225151201308
0502010010225155201308
0502010010225165201308
0502010010225170201308
0502010010225210201308
0502010010225215201308
0502010010225220201308
0502010010225225201308
0502010010225230201308
0502010010225240201308
0502010010225260201308
0502010010225270201308
0502010029223119201308
0502010029225109201308
0502010029225112201308
0502010029225115201308
0502010029225120201308
0502010029225124201308
0502010029225125201308
0502010029225127201308
0502010029225150201308
0502010029225151201308
0502010029225155201308
0502010029225165201308
0502010029225170201308
0502010029225180201308
0502010029225210201308
0502010029225215201308
0502010029225220201308
0502010029225225201308
0502010029225230201308
0502010029225240201308
0502010029225260201308
0502010029225270201308
0503010014223119201308
0503010014225109201308
0503010014225112201308
0503010014225115201308
0503010014225120201308
0503010014225124201308
0503010014225125201308
0503010014225127201308
0503010014225150201308
0503010014225151201308
0503010014225155201308
0503010014225165201308
0503010014225170201308
0503010014225180201308
0503010014225210201308
0503010014225215201308
0503010014225220201308
0503010014225225201308
0503010014225230201308
0503010014225240201308
0503010014225260201308
0503010014225265201308
0503010014225270201308
0503010022223119201308
0503010022225109201308
0503010022225112201308
0503010022225115201308
0503010022225120201308
0503010022225124201308
0503010022225125201308
0503010022225127201308
0503010022225150201308
0503010022225151201308
0503010022225155201308
0503010022225165201308
0503010022225170201308
0503010022225180201308
0503010022225210201308
0503010022225215201308
0503010022225220201308
0503010022225225201308
0503010022225230201308
0503010022225240201308
0503010022225260201308
0503010022225265201308
0503010022225270201308
0503020010225220201308
0503020010225225201308
0503020010225230201308
0503020028225115201308
0503020028225225201308
0503020028225230201308
0503020028225285201308
0503030015225109201308
0503030015225115201308
0503030015225120201308
0503030015225124201308
0503030015225127201308
0503030015225150201308
0503030015225151201308
0503030015225210201308
0503030015225220201308
0503030015225225201308
0503030015225230201308
0503030015225240201308
0503030015225285201308
0503030023225203201308
0503030023225210201308
0503030023225220201308
0503030023225225201308
0503030023225230201308
0503030023225240201308
0503030023225270201308
0503030023225285201308
0503030031225210201308
0503030031225220201308
0503030031225225201308
0503030031225230201308
0503030031225240201308
0503030031225270201308
0503030031225285201308
0503030040225203201308
0503030040225210201308
0503030040225220201308
0503030040225225201308
0503030040225230201308
0503030040225240201308
0503030058221105201308
0503030058223208201308
0503030058223505201308
0503030058225225201308
0503030058225230201308
0503030058225235201308
0503030058225265201308
0503030058322205201308
0503030066225220201308
0503030066225225201308
0503030066225230201308
0503030074225210201308
0503030074225225201308
0503030074225230201308
0503030074225240201308
0503030082225203201308
0503030082225210201308
0503030082225225201308
0503030082225230201308
0503030082225285201308
0503030090223505201308
0503030090223520201308
0503030090223525201308
0503030090223535201308
0503030090223540201308
0503030090225103201308
0503030090225109201308
0503030090225110201308
0503030090225112201308
0503030090225115201308
0503030090225120201308
0503030090225121201308
0503030090225124201308
0503030090225125201308
0503030090225127201308
0503030090225133201308
0503030090225135201308
0503030090225136201308
0503030090225150201308
0503030090225155201308
0503030090225160201308
0503030090225165201308
0503030090225170201308
0503030090225180201308
0503030090225185201308
0503030090225210201308
0503030090225215201308
0503030090225220201308
0503030090225225201308
0503030090225230201308
0503030090225235201308
0503030090225240201308
0503030090225250201308
0503030090225255201308
0503030090225260201308
0503030090225265201308
0503030090225270201308
0503030090225275201308
0503030090225285201308
0503030090225330201308
0503030090225350201308
0503030104225235201308
0503040010223520201308
0503040010225120201308
0503040010225210201308
0503040010225220201308
0503040010225225201308
0503040010225230201308
0503040010225240201308
0503040029225210201308
0503040029225220201308
0503040029225225201308
0503040029225230201308
0503040029225240201308
0503040029225285201308
0503040037225210201308
0503040037225220201308
0503040037225225201308
0503040037225230201308
0503040037225240201308
0503040037225285201308
0503040053223505201308
0503040053223520201308
0503040053223525201308
0503040053223535201308
0503040053223540201308
0503040053225103201308
0503040053225109201308
0503040053225110201308
0503040053225112201308
0503040053225115201308
0503040053225120201308
0503040053225121201308
0503040053225124201308
0503040053225125201308
0503040053225127201308
0503040053225133201308
0503040053225135201308
0503040053225136201308
0503040053225150201308
0503040053225155201308
0503040053225160201308
0503040053225165201308
0503040053225170201308
0503040053225180201308
0503040053225185201308
0503040053225210201308
0503040053225215201308
0503040053225220201308
0503040053225225201308
0503040053225230201308
0503040053225235201308
0503040053225240201308
0503040053225250201308
0503040053225255201308
0503040053225260201308
0503040053225265201308
0503040053225270201308
0503040053225275201308
0503040053225285201308
0503040053225330201308
0503040053225350201308
0503040053251510201308
0503040053251520201308
0503040053251605201308
0503040061223505201308
0503040061223520201308
0503040061223525201308
0503040061223535201308
0503040061223540201308
0503040061225103201308
0503040061225109201308
0503040061225110201308
0503040061225112201308
0503040061225115201308
0503040061225120201308
0503040061225121201308
0503040061225124201308
0503040061225125201308
0503040061225127201308
0503040061225133201308
0503040061225135201308
0503040061225136201308
0503040061225150201308
0503040061225155201308
0503040061225160201308
0503040061225165201308
0503040061225170201308
0503040061225180201308
0503040061225185201308
0503040061225210201308
0503040061225215201308
0503040061225220201308
0503040061225225201308
0503040061225230201308
0503040061225235201308
0503040061225240201308
0503040061225250201308
0503040061225255201308
0503040061225260201308
0503040061225265201308
0503040061225270201308
0503040061225275201308
0503040061225285201308
0503040061225330201308
0503040061225350201308
0503040061251510201308
0503040061251520201308
0503040061251605201308
0504010018221105201308
0504010018223415201308
0504010018223505201308
0504010018225265201308
0504010026221105201308
0504010026223415201308
0504010026223505201308
0504010026225265201308
0504010034221105201308
0504010034223415201308
0504010034223505201308
0504010034225265201308
0504020013221105201308
0504020013223415201308
0504020013223505201308
0504020021221105201308
0504020021223415201308
0504020021223505201308
0504020030221105201308
0504020030223415201308
0504020030223505201308
0504020048221105201308
0504020048223415201308
0504020048223505201308
0504020056221105201308
0504020056223415201308
0504020056223505201308
0504030019221105201308
0504030019223415201308
0504030019223505201308
0504030027221105201308
0504030027223415201308
0504030027223505201308
0504040014221105201308
0504040014223415201308
0504040014223505201308
0504040022221105201308
0504040022223415201308
0504040022223505201308
0505010011225121201308
0505010011225124201308
0505010011225185201308
0505010011225340201308
0505010020225121201308
0505010020225124201308
0505010020225185201308
0505010020225340201308
0505010038225121201308
0505010038225124201308
0505010038225185201308
0505010038225340201308
0505010046225121201308
0505010046225124201308
0505010046225185201308
0505010046225340201308
0505010054225121201308
0505010054225124201308
0505010054225185201308
0505010054225340201308
0505010062225121201308
0505010062225124201308
0505010062225185201308
0505010062225340201308
0505010070225121201308
0505010070225124201308
0505010070225185201308
0505010070225340201308
0505010089225121201308
0505010089225124201308
0505010089225185201308
0505010089225340201308
0505010097225265201308
0505010100225265201308
0505010119225265201308
0505010127225121201308
0505010127225225201308
0505010127225230201308
0505010127225235201308
0505010127225265201308
0505020017225109201308
0505020017225210201308
0505020017225285201308
0505020025225109201308
0505020025225210201308
0505020025225285201308
0505020033225109201308
0505020033225210201308
0505020033225220201308
0505020033225225201308
0505020033225285201308
0505020041225203201308
0505020041225210201308
0505020041225225201308
0505020041225240201308
0505020050225203201308
0505020050225220201308
0505020050225225201308
0505020068225203201308
0505020068225220201308
0505020068225225201308
0505020076225203201308
0505020076225220201308
0505020076225225201308
0505020084225203201308
0505020084225210201308
0505020084225225201308
0505020084225240201308
0505020092225109201308
0505020092225203201308
0505020092225210201308
0505020092225225201308
0505020092225285201308
0505020106225109201308
0505020106225203201308
0505020106225210201308
0505020106225225201308
0505020106225285201308
0505020114225203201308
0505020114225220201308
0505020114225225201308
0505020114225285201308
0505020122225203201308
0505020122225210201308
0505020122225225201308
0505020122225240201308
0506010015225121201308
0506010015225265201308
0506010023223415201308
0506010023225103201308
0506010023225109201308
0506010023225120201308
0506010023225121201308
0506010023225127201308
0506010023225165201308
0506010023225185201308
0506010023225305201308
0506010023225320201308
0506010023225335201308
0506010031225103201308
0506010031225109201308
0506010031225127201308
0506010031225165201308
0506010040223415201308
0506010040225103201308
0506010040225109201308
0506010040225120201308
0506010040225121201308
0506010040225127201308
0506010040225165201308
0506010040225185201308
0506010040225305201308
0506010040225320201308
0506010040225335201308
0506010058223505201308
0506010058223520201308
0506010058223525201308
0506010058223535201308
0506010058223540201308
0506010058225103201308
0506010058225109201308
0506010058225110201308
0506010058225112201308
0506010058225115201308
0506010058225120201308
0506010058225121201308
0506010058225124201308
0506010058225125201308
0506010058225127201308
0506010058225133201308
0506010058225135201308
0506010058225136201308
0506010058225150201308
0506010058225155201308
0506010058225160201308
0506010058225165201308
0506010058225170201308
0506010058225180201308
0506010058225185201308
0506010058225210201308
0506010058225215201308
0506010058225220201308
0506010058225225201308
0506010058225230201308
0506010058225235201308
0506010058225240201308
0506010058225250201308
0506010058225255201308
0506010058225260201308
0506010058225265201308
0506010058225270201308
0506010058225275201308
0506010058225285201308
0506010058225330201308
0506010058225350201308
0506010058251510201308
0506010058251520201308
0506010058251605201308
0506020010225103201308
0506020010225109201308
0506020010225110201308
0506020010225121201308
0506020010225125201308
0506020010225127201308
0506020010225133201308
0506020010225135201308
0506020010225165201308
0506020010225185201308
0506020029225103201308
0506020029225109201308
0506020029225110201308
0506020029225121201308
0506020029225125201308
0506020029225127201308
0506020029225133201308
0506020029225135201308
0506020029225165201308
0506020029225185201308
0506020037225103201308
0506020037225109201308
0506020037225110201308
0506020037225121201308
0506020037225125201308
0506020037225127201308
0506020037225133201308
0506020037225135201308
0506020037225165201308
0506020037225185201308
0506020045225103201308
0506020045225109201308
0506020045225110201308
0506020045225112201308
0506020045225120201308
0506020045225121201308
0506020045225125201308
0506020045225135201308
0506020045225165201308
0506020045225185201308
0506020045225210201308
0506020045225220201308
0506020045225225201308
0506020045225240201308
0506020045225265201308
0506020045225285201308
0506020053225103201308
0506020053225109201308
0506020053225112201308
0506020053225120201308
0506020053225121201308
0506020053225124201308
0506020053225125201308
0506020053225150201308
0506020053225165201308
0506020053225185201308
0506020053225225201308
0506020053225285201308
0506020061225103201308
0506020061225112201308
0506020061225120201308
0506020061225121201308
0506020061225124201308
0506020061225125201308
0506020061225150201308
0506020061225165201308
0506020061225185201308
0506020061225210201308
0506020061225240201308
0506020070225103201308
0506020070225112201308
0506020070225120201308
0506020070225121201308
0506020070225124201308
0506020070225125201308
0506020070225150201308
0506020070225165201308
0506020070225185201308
0506020070225210201308
0506020070225225201308
0506020070225240201308
0506020088225103201308
0506020088225109201308
0506020088225112201308
0506020088225120201308
0506020088225121201308
0506020088225124201308
0506020088225125201308
0506020088225150201308
0506020088225165201308
0506020088225185201308
0506020088225220201308
0506020088225225201308
0506020088225285201308
0506020096225103201308
0506020096225112201308
0506020096225120201308
0506020096225121201308
0506020096225124201308
0506020096225125201308
0506020096225150201308
0506020096225165201308
0506020096225185201308
0506020096225220201308
0506020100225103201308
0506020100225121201308
0506020100225124201308
0506020100225125201308
0506020100225127201308
0506020100225150201308
0506020100225185201308
0506020118225103201308
0506020118225121201308
0506020118225124201308
0506020118225125201308
0506020118225127201308
0506020118225150201308
0506020118225185201308
0602010012223405201308
0602010020223405201308
0602010039223405201308
0602010047223405201308
0602010055223405201308
0602010063223405201308
0602010071223405201308
0602010080223405201308
0602010098223405201308
0602010110223405201308
0602010128223405201308
0602010136223405201308
0602010144223405201308
0602010152223405201308
0602010160223405201308
0603010016223405201308
0603020011223405201308
0603020020223405201308
0603020038223405201308
0603020046223405201308
0603020054223405201308
0603020062223405201308
0603020070223405201308
0603020089223405201308
0603020097223405201308
0603020100223405201308
0603030017223405201308
0603030025223405201308
0603030033223405201308
0603030041223405201308
0603040012223405201308
0603050018223405201308
0603050026223405201308
0603050034223405201308
0603050042223405201308
0603050050223405201308
0603050069223405201308
0603050077223405201308
0603050085223405201308
0603050093223405201308
0603050107223405201308
0603060013223405201308
0603070019223405201308
0603070027223405201308
0603070035223405201308
0603070043223405201308
0603070051223405201308
0603080014223405201308
0603080022223405201308
0603080030223405201308
0603080049223405201308
0603080057223405201308
0603080065223405201308
0603080073223405201308
0603080081223405201308
0603080090223405201308
0603080103223405201308
0603080111223405201308
0603080120223405201308
0603080138223405201308
0603080146223405201308
0603080154223405201308
0603080162223405201308
0603080170223405201308
0603080189223405201308
0603080197223405201308
0603080200223405201308
0603080219223405201308
0603080227223405201308
0604130066223405201308
0604130082223405201308
0604130090223405201308
0604130104223405201308
0604130112223405201308
0604310021223405201308
0701010010223605201308
0701010010223625201308
0701010010223630201308
0701010010223635201308
0701010010223640201308
0701010010223655201308
0701010010223660201308
0701010010223905201308
0701010010225112201308
0701010010225160201308
0701010010225180201308
0701010010225270201308
0701010029223605201308
0701010029223625201308
0701010029223630201308
0701010029223635201308
0701010029223640201308
0701010029223655201308
0701010029223660201308
0701010029223905201308
0701010029225112201308
0701010029225160201308
0701010029225180201308
0701010029225270201308
0701010037223605201308
0701010037223625201308
0701010037223630201308
0701010037223635201308
0701010037223640201308
0701010037223655201308
0701010037223660201308
0701010037223905201308
0701010037225112201308
0701010037225125201308
0701010037225160201308
0701010037225180201308
0701010037225270201308
0701010045223605201308
0701010045223625201308
0701010045223630201308
0701010045223635201308
0701010045223660201308
0701010045223905201308
0701010045225112201308
0701010045225160201308
0701010045225270201308
0701010053223605201308
0701010053223625201308
0701010053223630201308
0701010053223635201308
0701010053223660201308
0701010053223905201308
0701010053225112201308
0701010053225160201308
0701010053225270201308
0701010061223605201308
0701010061223630201308
0701010061223635201308
0701010061223660201308
0701010061225160201308
0701010061225270201308
0701010070223605201308
0701010070223630201308
0701010070223635201308
0701010070223660201308
0701010070225160201308
0701010070225270201308
0701010088223605201308
0701010088223630201308
0701010088223635201308
0701010088223660201308
0701010088225160201308
0701010088225270201308
0701010096223605201308
0701010096223630201308
0701010096223635201308
0701010096223660201308
0701010096225160201308
0701010096225270201308
0701010100223605201308
0701010100223630201308
0701010100223635201308
0701010100225112201308
0701010100225136201308
0701010100225160201308
0701010100225260201308
0701010100225270201308
0701010118223605201308
0701010118223625201308
0701010118223630201308
0701010118223635201308
0701010118223640201308
0701010118223655201308
0701010118223660201308
0701010118223905201308
0701010118225112201308
0701010118225160201308
0701010118225270201308
0701010126223605201308
0701010126223625201308
0701010126223630201308
0701010126223635201308
0701010126223640201308
0701010126223655201308
0701010126223660201308
0701010126223905201308
0701010126225112201308
0701010126225125201308
0701010126225160201308
0701010126225180201308
0701010126225270201308
0701010134223605201308
0701010134223625201308
0701010134223630201308
0701010134223635201308
0701010134223640201308
0701010134223655201308
0701010134223660201308
0701010134223905201308
0701010134225112201308
0701010134225125201308
0701010134225160201308
0701010134225180201308
0701010134225270201308
0701010142223605201308
0701010142223630201308
0701010142223635201308
0701010142223640201308
0701010142223655201308
0701010142223660201308
0701010142225136201308
0701010142225160201308
0701010142225270201308
0701010150223605201308
0701010150223630201308
0701010150223635201308
0701010150223655201308
0701010150223660201308
0701010150225160201308
0701010150225270201308
0701010169223605201308
0701010169223630201308
0701010169223635201308
0701010169223640201308
0701010169223655201308
0701010169223660201308
0701010169225160201308
0701010169225270201308
0701010177223605201308
0701010177223630201308
0701010177223635201308
0701010177223640201308
0701010177223655201308
0701010177223660201308
0701010177225160201308
0701010177225270201308
0701010185223605201308
0701010185223905201308
0701010185225112201308
0701010185225160201308
0701010185225270201308
0701010193223605201308
0701010193223905201308
0701010193225112201308
0701010193225160201308
0701010193225270201308
0701010207223605201308
0701010207223905201308
0701010207225112201308
0701010207225160201308
0701010207225270201308
0701010215223605201308
0701010215223905201308
0701010215225112201308
0701010215225160201308
0701010215225270201308
0701010223223605201308
0701010223223905201308
0701010223225112201308
0701010223225160201308
0701010223225270201308
0701010231223605201308
0701010231223905201308
0701010231225112201308
0701010231225160201308
0701010231225270201308
0701010240223605201308
0701010240223905201308
0701010240225112201308
0701010240225160201308
0701010240225270201308
0701010258223605201308
0701010258223905201308
0701010258225112201308
0701010258225160201308
0701010258225270201308
0701010266223605201308
0701010266223905201308
0701010266225112201308
0701010266225160201308
0701010266225270201308
0701010274223605201308
0701010274223905201308
0701010274225112201308
0701010274225160201308
0701010274225270201308
0701010282223605201308
0701010282223905201308
0701010282225112201308
0701010282225160201308
0701010282225270201308
0701010290223605201308
0701010290223905201308
0701010290225112201308
0701010290225270201308
0701010304223605201308
0701010304223905201308
0701010304225112201308
0701010304225160201308
0701010304225270201308
0701010312223605201308
0701010312223905201308
0701010312225112201308
0701010312225160201308
0701010312225270201308
0701010320223605201308
0701010320223905201308
0701010320225112201308
0701010320225160201308
0701010320225270201308
0701010339223605201308
0701010339223905201308
0701010339225112201308
0701010339225160201308
0701010339225270201308
0701020016223605201308
0701020016223630201308
0701020016223635201308
0701020016223640201308
0701020016223655201308
0701020016223660201308
0701020016225160201308
0701020016225270201308
0701020024223605201308
0701020024223630201308
0701020024223635201308
0701020024223640201308
0701020024223655201308
0701020024223660201308
0701020024225160201308
0701020024225270201308
0701020032223605201308
0701020032223630201308
0701020032223635201308
0701020032223640201308
0701020032223655201308
0701020032223660201308
0701020032225160201308
0701020032225270201308
0701020040223605201308
0701020040223630201308
0701020040223635201308
0701020040223640201308
0701020040223655201308
0701020040223660201308
0701020040225136201308
0701020040225160201308
0701020040225270201308
0701020059223605201308
0701020059223630201308
0701020059223635201308
0701020059223640201308
0701020059223655201308
0701020059223660201308
0701020059225112201308
0701020059225160201308
0701020059225270201308
0701020067223605201308
0701020067223630201308
0701020067223635201308
0701020067223640201308
0701020067223655201308
0701020067223660201308
0701020067225160201308
0701020067225270201308
0701020075223605201308
0701020075223630201308
0701020075223635201308
0701020075223640201308
0701020075223655201308
0701020075223660201308
0701020075225112201308
0701020075225160201308
0701020075225270201308
0701020083223605201308
0701020083223630201308
0701020083223635201308
0701020083223640201308
0701020083223655201308
0701020083223660201308
0701020083225160201308
0701020083225270201308
0701020091223605201308
0701020091223630201308
0701020091223635201308
0701020091223640201308
0701020091223655201308
0701020091223660201308
0701020091225160201308
0701020091225270201308
0701020105223605201308
0701020105223630201308
0701020105223635201308
0701020105223640201308
0701020105223655201308
0701020105223660201308
0701020105225160201308
0701020105225270201308
0701020113223605201308
0701020113223630201308
0701020113223635201308
0701020113223640201308
0701020113223655201308
0701020113223660201308
0701020113223905201308
0701020113225160201308
0701020113225270201308
0701020121223605201308
0701020121223630201308
0701020121223635201308
0701020121223640201308
0701020121223655201308
0701020121223660201308
0701020121225160201308
0701020121225270201308
0701020130223605201308
0701020130223630201308
0701020130223635201308
0701020130223640201308
0701020130223655201308
0701020130223660201308
0701020130225160201308
0701020130225270201308
0701020148223605201308
0701020148223630201308
0701020148223635201308
0701020148223640201308
0701020148223655201308
0701020148223660201308
0701020148225112201308
0701020148225160201308
0701020148225270201308
0701020156223605201308
0701020156223630201308
0701020156223635201308
0701020156223640201308
0701020156223655201308
0701020156223660201308
0701020156225136201308
0701020156225160201308
0701020156225270201308
0701020164223605201308
0701020164223630201308
0701020164223635201308
0701020164223640201308
0701020164223655201308
0701020164223660201308
0701020164225160201308
0701020164225270201308
0701020172223605201308
0701020172223630201308
0701020172223635201308
0701020172223640201308
0701020172223655201308
0701020172223660201308
0701020172225160201308
0701020172225270201308
0701020180223605201308
0701020180223630201308
0701020180223635201308
0701020180223640201308
0701020180223655201308
0701020180223660201308
0701020180225160201308
0701020180225270201308
0701020199223605201308
0701020199223630201308
0701020199223635201308
0701020199223640201308
0701020199223655201308
0701020199223660201308
0701020199225160201308
0701020199225270201308
0701020202223605201308
0701020202223630201308
0701020202223635201308
0701020202223640201308
0701020202223655201308
0701020202223660201308
0701020202225160201308
0701020202225270201308
0701020210223605201308
0701020210223630201308
0701020210223635201308
0701020210223640201308
0701020210223655201308
0701020210223660201308
0701020210225160201308
0701020210225270201308
0701020229223605201308
0701020229223630201308
0701020229223635201308
0701020229223640201308
0701020229223655201308
0701020229223660201308
0701020229225160201308
0701020229225270201308
0701020237223605201308
0701020237223630201308
0701020237223635201308
0701020237223640201308
0701020237223655201308
0701020237223660201308
0701020237225160201308
0701020237225270201308
0701020245223605201308
0701020245223630201308
0701020245223635201308
0701020245223640201308
0701020245223655201308
0701020245223660201308
0701020245225160201308
0701020245225270201308
0701020253223605201308
0701020253223630201308
0701020253223635201308
0701020253223640201308
0701020253223655201308
0701020253223660201308
0701020253225160201308
0701020253225270201308
0701020261223605201308
0701020261223630201308
0701020261223635201308
0701020261223640201308
0701020261223655201308
0701020261223660201308
0701020261225160201308
0701020261225270201308
0701020270223605201308
0701020270223630201308
0701020270223635201308
0701020270223640201308
0701020270223655201308
0701020270223660201308
0701020270225160201308
0701020270225270201308
0701020288223605201308
0701020288223630201308
0701020288223635201308
0701020288223640201308
0701020288223655201308
0701020288223660201308
0701020288225112201308
0701020288225160201308
0701020288225260201308
0701020288225270201308
0701020296223605201308
0701020296223630201308
0701020296223635201308
0701020296223640201308
0701020296223655201308
0701020296223660201308
0701020296225160201308
0701020296225270201308
0701020300223605201308
0701020300223630201308
0701020300223635201308
0701020300223640201308
0701020300223655201308
0701020300223660201308
0701020300225112201308
0701020300225160201308
0701020300225270201308
0701020318223605201308
0701020318223630201308
0701020318223635201308
0701020318223640201308
0701020318223655201308
0701020318223660201308
0701020318225112201308
0701020318225160201308
0701020318225260201308
0701020318225270201308
0701020326223605201308
0701020326223630201308
0701020326223635201308
0701020326223640201308
0701020326223655201308
0701020326223660201308
0701020326225112201308
0701020326225160201308
0701020326225270201308
0701020334223605201308
0701020334223635201308
0701020334223655201308
0701020334223660201308
0701020334225160201308
0701020334225270201308
0701020342223605201308
0701020342223635201308
0701020342223655201308
0701020342223660201308
0701020342225160201308
0701020342225270201308
0701020350223605201308
0701020350223635201308
0701020350223655201308
0701020350223660201308
0701020350225160201308
0701020350225270201308
0701020369223605201308
0701020369223635201308
0701020369223655201308
0701020369223660201308
0701020369225160201308
0701020369225270201308
0701020377223605201308
0701020377223635201308
0701020377223655201308
0701020377223660201308
0701020377225160201308
0701020377225270201308
0701020385223605201308
0701020385223635201308
0701020385223655201308
0701020385223660201308
0701020385225160201308
0701020385225270201308
0701020393223605201308
0701020393223635201308
0701020393223655201308
0701020393223660201308
0701020393223905201308
0701020393225160201308
0701020393225270201308
0701020407223605201308
0701020407223635201308
0701020407223655201308
0701020407223660201308
0701020407225160201308
0701020407225270201308
0701020415223605201308
0701020415223635201308
0701020415223655201308
0701020415223660201308
0701020415225160201308
0701020415225270201308
0701020423223605201308
0701020423223635201308
0701020423223655201308
0701020423223660201308
0701020423225160201308
0701020423225270201308
0701020431223605201308
0701020431223635201308
0701020431223655201308
0701020431223660201308
0701020431223905201308
0701020431225160201308
0701020431225270201308
0701020440223605201308
0701020440223635201308
0701020440223655201308
0701020440223660201308
0701020440223905201308
0701020440225160201308
0701020440225270201308
0701020458223605201308
0701020458223635201308
0701020458223655201308
0701020458223660201308
0701020458223905201308
0701020458225160201308
0701020458225270201308
0701020466223605201308
0701020466223635201308
0701020466223655201308
0701020466223660201308
0701020466223905201308
0701020466225160201308
0701020466225270201308
0701020474223605201308
0701020474223635201308
0701020474223655201308
0701020474223660201308
0701020474223905201308
0701020474225160201308
0701020474225270201308
0701020482223605201308
0701020482223635201308
0701020482223655201308
0701020482223660201308
0701020482223905201308
0701020482225160201308
0701020482225270201308
0701020490223605201308
0701020490223635201308
0701020490223655201308
0701020490223660201308
0701020490223905201308
0701020490225160201308
0701020490225270201308
0701020504223605201308
0701020504223635201308
0701020504223655201308
0701020504223660201308
0701020504223905201308
0701020504225160201308
0701020504225270201308
0701020512223505201308
0701020512223605201308
0701020512225121201308
0701020512225160201308
0701020512225270201308
0701020520223605201308
0701020520223635201308
0701020520223655201308
0701020520223660201308
0701020520225160201308
0701020520225270201308
0701020539223605201308
0701020539223635201308
0701020539223655201308
0701020539223660201308
0701020539225160201308
0701020539225270201308
0701020547223605201308
0701020547223635201308
0701020547223655201308
0701020547223660201308
0701020547225160201308
0701020547225270201308
0701020555225160201308
0701020555225270201308
0701020563223605201308
0701020563223630201308
0701020563223635201308
0701020563223640201308
0701020563223655201308
0701020563223660201308
0701020563225160201308
0701020563225270201308
0701020571223605201308
0701020571223905201308
0701020571225112201308
0701020571225160201308
0701020571225270201308
0701020580223605201308
0701020580223905201308
0701020580225112201308
0701020580225160201308
0701020580225270201308
0701030011223810201308
0701030011225275201308
0701030020223810201308
0701030020225275201308
0701030038223810201308
0701030038225275201308
0701030046223810201308
0701030046225275201308
0701030054223810201308
0701030054225275201308
0701030062223810201308
0701030062225275201308
0701030070223810201308
0701030070225275201308
0701030089223810201308
0701030089225275201308
0701030097223810201308
0701030097225275201308
0701030100223810201308
0701030100225275201308
0701030119223810201308
0701030119225275201308
0701030127223810201308
0701030127225275201308
0701030135223810201308
0701030135225275201308
0701030143223810201308
0701030143225275201308
0701030151223810201308
0701030151225275201308
0701030160223810201308
0701030160225275201308
0701030178223810201308
0701030178225275201308
0701030186223810201308
0701030186225275201308
0701030194223810201308
0701030194225275201308
0701030208223810201308
0701030208225275201308
0701030216223810201308
0701030216225275201308
0701030224223810201308
0701030224225275201308
0701030232223810201308
0701030232225275201308
0701030240223810201308
0701030240225275201308
0701030259223810201308
0701030259225275201308
0701030267223810201308
0701030267225275201308
0701030275223810201308
0701030275225275201308
0701030283223810201308
0701030283225275201308
0701030291223810201308
0701030291225275201308
0701030305223810201308
0701030305225275201308
0701030321223810201308
0701030321225275201308
0701040017225136201308
0701040017225160201308
0701040017225265201308
0701040025225265201308
0701040033225265201308
0701040041225265201308
0701040050225265201308
0701040068225265201308
0701040076225265201308
0701040084225265201308
0701040092225265201308
0701040106225265201308
0701040114225265201308
0701040122225265201308
0701040130225265201308
0701040149223605201308
0701040149223905201308
0701040149225265201308
0701040157223605201308
0701040157223905201308
0701040157225265201308
07010500122235C3201308
0701050012225165201308
0701050012225220201308
0701050012225225201308
0701050012225280201308
07010500202235C3201308
0701050020225165201308
0701050020225220201308
0701050020225225201308
0701050020225280201308
07010500472235C3201308
0701050047225165201308
0701050047225220201308
0701050047225225201308
0701050047225280201308
07010600182235C3201308
0701060018225165201308
0701060018225220201308
0701060018225225201308
0701060018225280201308
0701060018225285201308
07010600262235C3201308
0701060026225220201308
0701060026225225201308
0701060026225280201308
0701060026225285201308
07010600342235C3201308
0701060034225220201308
0701060034225225201308
0701060034225280201308
0701060034225285201308
07010600422235C3201308
0701060042225220201308
0701060042225225201308
0701060042225280201308
0701060042225285201308
0701070013223208201308
0701070013223212201308
0701070013223216201308
0701070013223220201308
0701070013223224201308
0701070013223228201308
0701070013223236201308
0701070013223240201308
0701070013223244201308
0701070013223248201308
0701070013223252201308
0701070013223256201308
0701070013223260201308
0701070013223264201308
0701070013223268201308
0701070013223272201308
0701070013223280201308
0701070013223284201308
0701070013223288201308
0701070013223293201308
0701070021223208201308
0701070021223236201308
0701070021223240201308
0701070021223272201308
0701070030223204201308
0701070030223208201308
0701070030223212201308
0701070030223216201308
0701070030223220201308
0701070030223224201308
0701070030223228201308
0701070030223232201308
0701070030223236201308
0701070030223240201308
0701070030223244201308
0701070030223248201308
0701070030223252201308
0701070030223256201308
0701070030223260201308
0701070030223264201308
0701070030223268201308
0701070030223272201308
0701070030223293201308
0701070048223204201308
0701070048223208201308
0701070048223212201308
0701070048223216201308
0701070048223220201308
0701070048223224201308
0701070048223228201308
0701070048223232201308
0701070048223236201308
0701070048223240201308
0701070048223244201308
0701070048223248201308
0701070048223252201308
0701070048223256201308
0701070048223260201308
0701070048223264201308
0701070048223268201308
0701070048223272201308
0701070048223293201308
0701070056223204201308
0701070056223208201308
0701070056223212201308
0701070056223216201308
0701070056223220201308
0701070056223224201308
0701070056223228201308
0701070056223232201308
0701070056223236201308
0701070056223240201308
0701070056223244201308
0701070056223248201308
0701070056223252201308
0701070056223256201308
0701070056223260201308
0701070056223264201308
0701070056223268201308
0701070056223272201308
0701070056223288201308
0701070056223293201308
0701070064223208201308
0701070064223212201308
0701070064223216201308
0701070064223220201308
0701070064223224201308
0701070064223228201308
0701070064223236201308
0701070064223240201308
0701070064223244201308
0701070064223248201308
0701070064223252201308
0701070064223256201308
0701070064223260201308
0701070064223264201308
0701070064223268201308
0701070064223272201308
0701070064223280201308
0701070064223284201308
0701070064223288201308
0701070064223293201308
0701070072223204201308
0701070072223208201308
0701070072223212201308
0701070072223216201308
0701070072223220201308
0701070072223224201308
0701070072223228201308
0701070072223232201308
0701070072223236201308
0701070072223240201308
0701070072223244201308
0701070072223248201308
0701070072223252201308
0701070072223256201308
0701070072223260201308
0701070072223264201308
0701070072223268201308
0701070072223272201308
0701070072223288201308
0701070072223293201308
0701070080223208201308
0701070080223212201308
0701070080223216201308
0701070080223220201308
0701070080223224201308
0701070080223228201308
0701070080223236201308
0701070080223240201308
0701070080223244201308
0701070080223248201308
0701070080223252201308
0701070080223256201308
0701070080223260201308
0701070080223264201308
0701070080223268201308
0701070080223272201308
0701070080223280201308
0701070080223284201308
0701070080223288201308
0701070080223293201308
0701070099223208201308
0701070099223212201308
0701070099223220201308
0701070099223224201308
0701070099223228201308
0701070099223236201308
0701070099223240201308
0701070099223248201308
0701070099223252201308
0701070099223256201308
0701070099223264201308
0701070099223272201308
0701070099223293201308
0701070099322410201308
0701070102223208201308
0701070102223212201308
0701070102223220201308
0701070102223224201308
0701070102223228201308
0701070102223236201308
0701070102223240201308
0701070102223248201308
0701070102223252201308
0701070102223256201308
0701070102223264201308
0701070102223272201308
0701070102223293201308
0701070102322410201308
0701070110223208201308
0701070110223236201308
0701070110223252201308
0701070110223256201308
0701070110223268201308
0701070110223272201308
0701070110322410201308
0701070129223208201308
0701070129223212201308
0701070129223220201308
0701070129223224201308
0701070129223228201308
0701070129223236201308
0701070129223240201308
0701070129223248201308
0701070129223252201308
0701070129223256201308
0701070129223264201308
0701070129223272201308
0701070129223293201308
0701070129322410201308
0701070137223208201308
0701070137223212201308
0701070137223220201308
0701070137223224201308
0701070137223228201308
0701070137223236201308
0701070137223240201308
0701070137223248201308
0701070137223252201308
0701070137223256201308
0701070137223264201308
0701070137223272201308
0701070137223293201308
0701070137322410201308
0701070145223208201308
0701070145223212201308
0701070145223220201308
0701070145223224201308
0701070145223228201308
0701070145223236201308
0701070145223240201308
0701070145223248201308
0701070145223252201308
0701070145223256201308
0701070145223264201308
0701070145223272201308
0701070145223293201308
0701070145322410201308
0701070153223208201308
0701070153223224201308
0701070153223248201308
0701070153223252201308
0701070153223256201308
0701070153223264201308
0701070153223268201308
0701070161223208201308
0701070161223236201308
0701070161223240201308
0701070161223272201308
0701070170223208201308
0701070170223236201308
0701070170223240201308
0701070170223272201308
0701080027223208201308
0701080027223236201308
0701080027223252201308
0701080027223268201308
0701080027223272201308
0701080027225235201308
0701080043223208201308
0701080043223236201308
0701080043223252201308
0701080043223256201308
0701080043223268201308
0701080043223272201308
0701080051223208201308
0701080051223236201308
0701080051223252201308
0701080051223256201308
0701080051223268201308
0701080051223272201308
0701080060223208201308
0701080060223236201308
0701080060223252201308
0701080060223256201308
0701080060223268201308
0701080060223272201308
0701080078223208201308
0701080078223236201308
0701080078223252201308
0701080078223256201308
0701080078223268201308
0701080078223272201308
0701080086223208201308
0701080086223236201308
0701080086223240201308
0701080086223252201308
0701080086223268201308
0701080086223272201308
0701080094223208201308
0701080094223236201308
0701080094223252201308
0701080094223256201308
0701080116223208201308
0701080116223236201308
0701080116223252201308
0701080116223256201308
0701080116223268201308
0701080116223272201308
0701080124223208201308
0701080124223236201308
0701080124223252201308
0701080124223268201308
0701080124223272201308
0701080132223252201308
0701080132223256201308
0701080132225235201308
0701080140223208201308
0701080140223236201308
0701080140223252201308
0701080140223268201308
0701080140223272201308
0701080159223208201308
0701080159223236201308
0701080159223252201308
0701080159223268201308
0701080159223272201308
0701080167223208201308
0701080167223236201308
0701080167223252201308
0701080167223268201308
0701080167223272201308
0701080175223208201308
0701080175223236201308
0701080175223252201308
0701080175223268201308
0701080175223272201308
0701080183223208201308
0701080183223236201308
0701080183223252201308
0701080183223268201308
0701080183223272201308
0701080191223208201308
0701080191223236201308
0701080191223252201308
0701080191223268201308
0701080191223272201308
0701090014225160201308
0701090014225270201308
0701090022223605201308
0701090022223635201308
0701090022223655201308
0701090022223660201308
0701090022225160201308
0701090022225270201308
0701090030223605201308
0701090030223635201308
0701090030223655201308
0701090030223660201308
0701090030225160201308
0701090030225270201308
0701090049223605201308
0701090049223635201308
0701090049223655201308
0701090049223660201308
0701090049225160201308
0701090049225270201308
0701090057223605201308
0701090057223635201308
0701090057223655201308
0701090057223660201308
0701090057223905201308
0701090057225160201308
0701090057225270201308
0701090065223605201308
0701090065223635201308
0701090065223655201308
0701090065223660201308
0701090065225160201308
0701090065225270201308
0701090073223605201308
0701090073223635201308
0701090073223655201308
0701090073223660201308
0701090073225160201308
0701090073225270201308
0701090081223605201308
0701090081223635201308
0701090081223655201308
0701090081223660201308
0701090081225160201308
0701090081225270201308
0701090090223605201308
0701090090223635201308
0701090090223655201308
0701090090223660201308
0701090090225160201308
0701090090225270201308
0701100010223605201308
0701100010225220201308
0701100010225225201308
0701100010225230201308
0701100010225235201308
0701100028223605201308
0701100028225220201308
0701100028225225201308
0701100028225230201308
0701100028225235201308
0701100036225220201308
0701100036225225201308
0701100036225230201308
0701100036225235201308
0701100044223605201308
0701100044225220201308
0701100044225225201308
0701100044225230201308
0701100044225235201308
0701100052223605201308
0701100052225220201308
0701100052225225201308
0701100052225230201308
0701100052225235201308
0701100060223605201308
0701100060225225201308
0701100060225230201308
0701100060225235201308
0701100079223605201308
0701100079225220201308
0701100079225225201308
0701100079225230201308
0701100079225235201308
0701100087223605201308
0701100087225220201308
0701100087225225201308
0701100087225230201308
0701100087225235201308
0701100095223605201308
0701100095225220201308
0701100095225225201308
0701100095225230201308
0701100095225235201308
0701100109223605201308
0701100109225225201308
0701100109225230201308
0701100109225235201308
0702020028223208201308
0702020028223236201308
0702020028223252201308
0702020028223268201308
0702020028223272201308
0702020036223208201308
0702020036223236201308
0702020036223252201308
0702020036223268201308
0702020036223272201308
0702020044223208201308
0702020044223236201308
0702020044223240201308
0702020044223252201308
0702020044223268201308
0702020044223272201308
0702020214223268201308
0702020214225215201308
0702020214225235201308
0702020214225275201308
0702060011225285201308
0702070041225265201308
0702070050225265201308
0702100013225109201308
0702100013225210201308
0702100013225225201308
0702100013225230201308
0702100021225109201308
0702100021225210201308
0702100021225225201308
0702100021225230201308
0702100030225109201308
0702100030225210201308
0702100030225225201308
0702100030225230201308
0702100048223505201308
0702100048223535201308
0702100048225109201308
0702100056223505201308
0702100056223535201308
0702100056225109201308
0702100064223505201308
0702100064223535201308
0702100064225109201308
0702100072223505201308
0702100072223535201308
0702100072225109201308
0702100080223505201308
0702100080223535201308
0702100080225109201308
0702100099225109201308
0702100099225210201308
0702100099225225201308
0702100099225230201308
0702100102225109201308
0702100102225210201308
0702100102225225201308
0702100102225230201308
0702110043225225201308
0702110043225230201308
0702110043225235201308
0702120065221105201308
0702120065223415201308
0702120065223505201308
0702120065225265201308
0801010012223505201308
0801010012223545201308
0801010012223565201308
0801010012225125201308
0801010012225142201308
0801010012225170201308
0801010012225250201308
0801010020223505201308
0801010020223545201308
0801010020223565201308
0801010020225142201308
0801010020225170201308
0801010020225250201308
0802020011223570201308
0803010010225109201308
0803010010225112201308
0803010010225120201308
0803010010225121201308
0803010010225124201308
0803010010225125201308
0803010010225160201308
0803010010225165201308
0803010010225170201308
0803010010225210201308
0803010010225215201308
0803010010225220201308
0803010010225225201308
0803010010225230201308
0803010010225235201308
0803010010225240201308
0803010010225250201308
0803010010225255201308
0803010010225260201308
0803010010225265201308
0803010010225270201308
0803010028225109201308
0803010028225112201308
0803010028225120201308
0803010028225121201308
0803010028225124201308
0803010028225125201308
0803010028225160201308
0803010028225165201308
0803010028225170201308
0803010028225210201308
0803010028225215201308
0803010028225220201308
0803010028225225201308
0803010028225230201308
0803010028225235201308
0803010028225240201308
0803010028225250201308
0803010028225255201308
0803010028225260201308
0803010028225265201308
0803010028225270201308
0803010036225109201308
0803010036225112201308
0803010036225120201308
0803010036225121201308
0803010036225125201308
0803010036225160201308
0803010036225165201308
0803010036225170201308
0803010036225210201308
0803010036225215201308
0803010036225220201308
0803010036225225201308
0803010036225230201308
0803010036225235201308
0803010036225240201308
0803010036225250201308
0803010036225255201308
0803010036225260201308
0803010036225265201308
0803010036225305201308
0803010044225109201308
0803010044225112201308
0803010044225120201308
0803010044225121201308
0803010044225124201308
0803010044225125201308
0803010044225160201308
0803010044225165201308
0803010044225170201308
0803010044225210201308
0803010044225215201308
0803010044225220201308
0803010044225225201308
0803010044225230201308
0803010044225235201308
0803010044225240201308
0803010044225250201308
0803010044225255201308
0803010044225260201308
0803010044225265201308
0803010044225270201308
0803010052225109201308
0803010052225112201308
0803010052225120201308
0803010052225121201308
0803010052225124201308
0803010052225125201308
0803010052225160201308
0803010052225165201308
0803010052225210201308
0803010052225220201308
0803010052225225201308
0803010052225230201308
0803010052225235201308
0803010052225240201308
0803010052225250201308
0803010052225260201308
0803010052225265201308
0803010052225270201308
0803010052225275201308
0803010060225109201308
0803010060225112201308
0803010060225120201308
0803010060225121201308
0803010060225124201308
0803010060225125201308
0803010060225160201308
0803010060225165201308
0803010060225210201308
0803010060225215201308
0803010060225220201308
0803010060225225201308
0803010060225230201308
0803010060225235201308
0803010060225240201308
0803010060225250201308
0803010060225255201308
0803010060225260201308
0803010060225265201308
0803010060225270201308
0803010079225109201308
0803010079225112201308
0803010079225120201308
0803010079225121201308
0803010079225124201308
0803010079225125201308
0803010079225160201308
0803010079225165201308
0803010079225170201308
0803010079225210201308
0803010079225215201308
0803010079225220201308
0803010079225225201308
0803010079225230201308
0803010079225235201308
0803010079225240201308
0803010079225255201308
0803010079225260201308
0803010079225265201308
0803010079225270201308
0803010087225109201308
0803010087225112201308
0803010087225120201308
0803010087225121201308
0803010087225124201308
0803010087225125201308
0803010087225160201308
0803010087225165201308
0803010087225170201308
0803010087225210201308
0803010087225215201308
0803010087225220201308
0803010087225225201308
0803010087225230201308
0803010087225235201308
0803010087225240201308
0803010087225250201308
0803010087225255201308
0803010087225260201308
0803010087225265201308
0803010087225270201308
0803010095225103201308
0803010095225105201308
0803010095225109201308
0803010095225110201308
0803010095225112201308
0803010095225115201308
0803010095225120201308
0803010095225121201308
0803010095225124201308
0803010095225125201308
0803010095225127201308
0803010095225133201308
0803010095225135201308
0803010095225136201308
0803010095225139201308
0803010095225140201308
0803010095225142201308
0803010095225148201308
0803010095225151201308
0803010095225155201308
0803010095225160201308
0803010095225165201308
0803010095225175201308
0803010095225180201308
0803010095225185201308
0803010095225195201308
0803010095225210201308
0803010095225220201308
0803010095225225201308
0803010095225230201308
0803010095225235201308
0803010095225240201308
0803010095225250201308
0803010095225260201308
0803010095225265201308
0803010095225270201308
0803010095225275201308
0803010095225280201308
0803010095225285201308
0803010095225310201308
0803010095225315201308
0803010095225320201308
0803010095225330201308
0803010095225340201308
0803010109225109201308
0803010109225112201308
0803010109225120201308
0803010109225121201308
0803010109225124201308
0803010109225125201308
0803010109225142201308
0803010109225160201308
0803010109225165201308
0803010109225180201308
0803010109225210201308
0803010109225215201308
0803010109225220201308
0803010109225225201308
0803010109225230201308
0803010109225235201308
0803010109225240201308
0803010109225250201308
0803010109225260201308
0803010109225265201308
0803010109225270201308
0803010117225109201308
0803010117225112201308
0803010117225120201308
0803010117225121201308
0803010117225124201308
0803010117225125201308
0803010117225160201308
0803010117225165201308
0803010117225170201308
0803010117225210201308
0803010117225215201308
0803010117225220201308
0803010117225225201308
0803010117225230201308
0803010117225235201308
0803010117225240201308
0803010117225250201308
0803010117225255201308
0803010117225260201308
0803010117225265201308
0803010117225270201308
0803010125225109201308
0803010125225112201308
0803010125225120201308
0803010125225121201308
0803010125225124201308
0803010125225125201308
0803010125225135201308
0803010125225142201308
0803010125225160201308
0803010125225165201308
0803010125225175201308
0803010125225210201308
0803010125225220201308
0803010125225225201308
0803010125225230201308
0803010125225240201308
0803010125225250201308
0803010125225260201308
0803010125225265201308
0803010125225270201308
0803010125225275201308
0803010133225109201308
0803010133225112201308
0803010133225118201308
0803010133225120201308
0803010133225121201308
0803010133225124201308
0803010133225125201308
0803010133225165201308
0803010133225170201308
0803010133225210201308
0803010133225215201308
0803010133225220201308
0803010133225225201308
0803010133225230201308
0803010133225235201308
0803010133225240201308
0803010133225255201308
0803010133225260201308
0803010133225270201308
0803010141225109201308
0803010141225112201308
0803010141225120201308
0803010141225121201308
0803010141225124201308
0803010141225125201308
0803010141225160201308
0803010141225165201308
0803010141225170201308
0803010141225210201308
0803010141225215201308
0803010141225220201308
0803010141225225201308
0803010141225230201308
0803010141225235201308
0803010141225240201308
0803010141225250201308
0803010141225255201308
0803010141225260201308
0803010141225265201308
0803010141225270201308
