02110700920602110700410710001201308
02110700920602110702030710001201308
02110700920602110702110710001201308
02110701060602110700250710001201308
02110701060602110700410710001201308
02110701060602110701570710001201308
02110701060602110702030710001201308
02110701060602110702110710001201308
02110701060602110702620710001201308
02110702970602110700410710001201308
02110702970602110702030710001201308
02110702970602110702110710001201308
02110703000602110700250710001201308
02110703000602110700410710001201308
02110703000602110701570710001201308
02110703000602110702030710001201308
02110703000602110702110710001201308
02110703000602110702620710001201308
02110703190602110700330710001201308
02110703190602110702460710001201308
03010101020603030500390710001201308
03010101020603030500470710001201308
03010101020603030500550710001201308
03010101020603030500630710001201308
03010101020603030500710710001201308
03010101020603030500800710001201308
03010101020603030500980710001201308
03010101020603030501010710001201308
03010101020603030501100710001201308
03010101020603030501520710001201308
03010101020603030501600710001201308
03010101020603030501790710001201308
03010101020603030501870710001201308
03010101020603030501950710001201308
03010101020603030502090710001201308
03010101020603030502170710001201308
03010101020603030502250710001201308
03010500150603010500660710031201308
03010500740303010500660510031201308
03010700160602110700250710001201308
03010700160602110700330710001201308
03010700160602110702030710001201308
03010700160602110702110710001201308
03010700320602110700250710001201308
03010700320602110700330710001201308
03010700320602110700410710001201308
03010700320602110702030710001201308
03010700320602110702110710001201308
03010700320602110702460710001201308
03010700320607010301510710002201308
03010800200903010800380910030201308
03010800200903010801940910030201308
03010800200903010802080910000201308
03010800200903010802160910000201308
03010800200903010802240910000201308
03010800200903010802400910000201308
03010800200903010802750910000201308
03010800200903010802830910000201308
03010800200903010802910910000201308
03010800200903010803480910000201308
03010800200903010803560910000201308
03010800380903010800200910030201308
03010800380903010801940910030201308
03010800380903010802080910000201308
03010800380903010802160910000201308
03010800380903010802240910000201308
03010800380903010802400910000201308
03010800380903010802750910000201308
03010800380903010802830910000201308
03010800380903010802910910000201308
03010800380903010803480910000201308
03010800380903010803560910000201308
03010800460903010800200930001201308
03010800460903010800380930001201308
03010800460903010801940930001201308
03010800460903010802080930001201308
03010800460903010802160930001201308
03010800460903010802240930001201308
03010800460903010802400930001201308
03010800460903010802750930001201308
03010800460903010802830930001201308
03010800460903010802910930001201308
03010800460903010803480930001201308
03010800460903010803560930001201308
03010801940903010800200910030201308
03010801940903010800380910030201308
03010801940903010802080910000201308
03010801940903010802160910000201308
03010801940903010802240910000201308
03010801940903010802400910000201308
03010801940903010802750910000201308
03010801940903010802830910000201308
03010801940903010802910910000201308
03010801940903010803480910000201308
03010801940903010803560910000201308
03010802080903010800200910000201308
03010802080903010800380910000201308
03010802080903010801940910000201308
03010802080903010802160910000201308
03010802080903010802240910000201308
03010802080903010802400910000201308
03010802080903010802750910000201308
03010802080903010802830910000201308
03010802080903010802910910000201308
03010802080903010803480910000201308
03010802080903010803560910000201308
03010802160903010800200910000201308
03010802160903010800380910000201308
03010802160903010801940910000201308
03010802160903010802080910000201308
03010802160903010802240910000201308
03010802160903010802400910000201308
03010802160903010802750910000201308
03010802160903010802830910000201308
03010802160903010802910910000201308
03010802160903010803480910000201308
03010802160903010803560910000201308
03010802240903010800200910000201308
03010802240903010800380910000201308
03010802240903010801940910000201308
03010802240903010802080910000201308
03010802240903010802160910000201308
03010802240903010802400910000201308
03010802240903010802750910000201308
03010802240903010802830910000201308
03010802240903010802910910000201308
03010802240903010803480910000201308
03010802240903010803560910000201308
03010802400903010800200910000201308
03010802400903010800380910000201308
03010802400903010801940910000201308
03010802400903010802080910000201308
03010802400903010802160910000201308
03010802400903010802240910000201308
03010802400903010802750910000201308
03010802400903010802830910000201308
03010802400903010802910910000201308
03010802400903010803480910000201308
03010802400903010803560910000201308
03010802750903010800200910000201308
03010802750903010800380910000201308
03010802750903010801940910000201308
03010802750903010802080910000201308
03010802750903010802160910000201308
03010802750903010802240910000201308
03010802750903010802400910000201308
03010802750903010802830910000201308
03010802750903010802910910000201308
03010802750903010803480910000201308
03010802750903010803560910000201308
03010802830903010800200910000201308
03010802830903010800380910000201308
03010802830903010801940910000201308
03010802830903010802080910000201308
03010802830903010802160910000201308
03010802830903010802240910000201308
03010802830903010802400910000201308
03010802830903010802750910000201308
03010802830903010802910910000201308
03010802830903010803480910000201308
03010802830903010803560910000201308
03010802910903010800200910000201308
03010802910903010800380910000201308
03010802910903010801940910000201308
03010802910903010802080910000201308
03010802910903010802160910000201308
03010802910903010802240910000201308
03010802910903010802400910000201308
03010802910903010802750910000201308
03010802910903010802830910000201308
03010802910903010803480910000201308
03010802910903010803560910000201308
03010803480903010800200910000201308
03010803480903010800380910000201308
03010803480903010801940910000201308
03010803480903010802080910000201308
03010803480903010802160910000201308
03010803480903010802240910000201308
03010803480903010802400910000201308
03010803480903010802750910000201308
03010803480903010802830910000201308
03010803480903010802910910000201308
03010803480903010803560910000201308
03010803560903010800200910000201308
03010803560903010800380910000201308
03010803560903010801940910000201308
03010803560903010802080910000201308
03010803560903010802160910000201308
03010803560903010802240910000201308
03010803560903010802400910000201308
03010803560903010802750910000201308
03010803560903010802830910000201308
03010803560903010802910910000201308
03010803560903010803480910000201308
03010803640903010800200930001201308
03010803640903010800380930001201308
03010803640903010801940930001201308
03010803640903010802080930001201308
03010803640903010802160930001201308
03010803640903010802240930001201308
03010803640903010802400930001201308
03010803640903010802750930001201308
03010803640903010802830930001201308
03010803640903010802910930001201308
03010803640903010803480930001201308
03010803640903010803560930001201308
03010803720903010800200930001201308
03010803720903010800380930001201308
03010803720903010801940930001201308
03010803720903010802080930001201308
03010803720903010802160930001201308
03010803720903010802240930001201308
03010803720903010802400930001201308
03010803720903010802750930001201308
03010803720903010802830930001201308
03010803720903010802910930001201308
03010803720903010803480930001201308
03010803720903010803560930001201308
03010803800903010800200930001201308
03010803800903010800380930001201308
03010803800903010801940930001201308
03010803800903010802080930001201308
03010803800903010802160930001201308
03010803800903010802240930001201308
03010803800903010802400930001201308
03010803800903010802750930001201308
03010803800903010802830930001201308
03010803800903010802910930001201308
03010803800903010803480930001201308
03010803800903010803560930001201308
03011100180604130100310710015201308
03011100180604130100400710015201308
03011100180607011000100710002201308
03011100180607011000280710002201308
03011100180607011000360710002201308
03011100180607011000440710002201308
03011100180607011000520710001201308
03011100180607011000600710001201308
03011100180607011000790710001201308
03011100180607011000870710001201308
03011100180607011000950710001201308
03011100180607011001090710001201308
03011100260604130100580710008201308
03030100370304180100720410001201308
03030100370307020401500410000201308
03030100370307020500670410000201308
03030100370307020503420410000201308
03030200320306030200620410084201308
03030200320306030200700410028201308
03030200320306030200890410056201308
03030200320306030200970410084201308
03030200320306030201000410010201308
03030400680303030400760320000201308
03030400680303030400840320000201308
03030400760303030400680320000201308
03030400760303030400840320000201308
03030400840303030400680320000201308
03030400840303030400760320000201308
03030400920303030400920310001201308
03030500120603030500390710001201308
03030500120603030500470710001201308
03030500120603030500550710001201308
03030500120603030500630710001201308
03030500120603030500710710001201308
03030500120603030500800710001201308
03030500120603030500980710001201308
03030500120603030501010710001201308
03030500120603030501100710001201308
03030500120603030501520710001201308
03030500120603030501600710001201308
03030500120603030501790710001201308
03030500120603030501870710001201308
03030500120603030501950710001201308
03030500120603030502090710001201308
03030500120603030502170710001201308
03030500120603030502250710001201308
03030500390703030500470720001201308
03030500390703030500550720001201308
03030500390703030500630720001201308
03030500390703030500710720001201308
03030500390703030500800720001201308
03030500390703030501010720001201308
03030500390703030501100720001201308
03030500390703030501520720001201308
03030500390703030501600720001201308
03030500390703030501790720001201308
03030500390703030501870720001201308
03030500390703030501950720001201308
03030500390703030502090720001201308
03030500390703030502170720001201308
03030500390703030502250720001201308
03030500470703030500390720001201308
03030500470703030500550720001201308
03030500470703030500630720001201308
03030500470703030500710720001201308
03030500470703030500800720001201308
03030500470703030501010720001201308
03030500470703030501100720001201308
03030500470703030501520720001201308
03030500470703030501600720001201308
03030500470703030501790720001201308
03030500470703030501870720001201308
03030500470703030501950720001201308
03030500470703030502090720001201308
03030500470703030502170720001201308
03030500470703030502250720001201308
03030500550703030500390720001201308
03030500550703030500470720001201308
03030500550703030500630720001201308
03030500550703030500710720001201308
03030500550703030500800720001201308
03030500550703030501010720001201308
03030500550703030501100720001201308
03030500550703030501520720001201308
03030500550703030501600720001201308
03030500550703030501790720001201308
03030500550703030501870720001201308
03030500550703030501950720001201308
03030500550703030502090720001201308
03030500550703030502170720001201308
03030500550703030502250720001201308
03030500630703030500390720001201308
03030500630703030500470720001201308
03030500630703030500550720001201308
03030500630703030500710720001201308
03030500630703030500800720001201308
03030500630703030501010720001201308
03030500630703030501100720001201308
03030500630703030501520720001201308
03030500630703030501600720001201308
03030500630703030501790720001201308
03030500630703030501870720001201308
03030500630703030501950720001201308
03030500630703030502090720001201308
03030500630703030502170720001201308
03030500630703030502250720001201308
03030500710703030500390720001201308
03030500710703030500470720001201308
03030500710703030500550720001201308
03030500710703030500630720001201308
03030500710703030500800720001201308
03030500710703030501010720001201308
03030500710703030501100720001201308
03030500710703030501520720001201308
03030500710703030501600720001201308
03030500710703030501790720001201308
03030500710703030501870720001201308
03030500710703030501950720001201308
03030500710703030502090720001201308
03030500710703030502170720001201308
03030500710703030502250720001201308
03030500800703030500390720001201308
03030500800703030500470720001201308
03030500800703030500550720001201308
03030500800703030500630720001201308
03030500800703030500710720001201308
03030500800703030501010720001201308
03030500800703030501100720001201308
03030500800703030501520720001201308
03030500800703030501600720001201308
03030500800703030501790720001201308
03030500800703030501870720001201308
03030500800703030501950720001201308
03030500800703030502090720001201308
03030500800703030502170720001201308
03030500800703030502250720001201308
03030501010703030500390720001201308
03030501010703030500470720001201308
03030501010703030500550720001201308
03030501010703030500630720001201308
03030501010703030500710720001201308
03030501010703030500800720001201308
03030501010703030501100720001201308
03030501010703030501520720001201308
03030501010703030501600720001201308
03030501010703030501790720001201308
03030501010703030501870720001201308
03030501010703030501950720001201308
03030501010703030502090720001201308
03030501010703030502170720001201308
03030501010703030502250720001201308
03030501100703030500390720001201308
03030501100703030500470720001201308
03030501100703030500550720001201308
03030501100703030500630720001201308
03030501100703030500710720001201308
03030501100703030500800720001201308
03030501100703030501010720001201308
03030501100703030501520720001201308
03030501100703030501600720001201308
03030501100703030501790720001201308
03030501100703030501870720001201308
03030501100703030501950720001201308
03030501100703030502090720001201308
03030501100703030502170720001201308
03030501100703030502250720001201308
03030501520703030500390720001201308
03030501520703030500470720001201308
03030501520703030500550720001201308
03030501520703030500630720001201308
03030501520703030500710720001201308
03030501520703030500800720001201308
03030501520703030501010720001201308
03030501520703030501100720001201308
03030501520703030501600720001201308
03030501520703030501790720001201308
03030501520703030501870720001201308
03030501520703030501950720001201308
03030501520703030502090720001201308
03030501520703030502170720001201308
03030501520703030502250720001201308
03030501600703030500390720001201308
03030501600703030500470720001201308
03030501600703030500550720001201308
03030501600703030500630720001201308
03030501600703030500710720001201308
03030501600703030500800720001201308
03030501600703030501010720001201308
03030501600703030501100720001201308
03030501600703030501520720001201308
03030501600703030501790720001201308
03030501600703030501870720001201308
03030501600703030501950720001201308
03030501600703030502090720001201308
03030501600703030502170720001201308
03030501600703030502250720001201308
03030501790703030500390720001201308
03030501790703030500470720001201308
03030501790703030500550720001201308
03030501790703030500630720001201308
03030501790703030500710720001201308
03030501790703030500800720001201308
03030501790703030501010720001201308
03030501790703030501100720001201308
03030501790703030501520720001201308
03030501790703030501600720001201308
03030501790703030501870720001201308
03030501790703030501950720001201308
03030501790703030502090720001201308
03030501790703030502170720001201308
03030501790703030502250720001201308
03030501870703030500390720001201308
03030501870703030500470720001201308
03030501870703030500550720001201308
03030501870703030500630720001201308
03030501870703030500710720001201308
03030501870703030500800720001201308
03030501870703030501010720001201308
03030501870703030501100720001201308
03030501870703030501520720001201308
03030501870703030501600720001201308
03030501870703030501790720001201308
03030501870703030501950720001201308
03030501870703030502090720001201308
03030501870703030502170720001201308
03030501870703030502250720001201308
03030501950703030500390720001201308
03030501950703030500470720001201308
03030501950703030500550720001201308
03030501950703030500630720001201308
03030501950703030500710720001201308
03030501950703030500800720001201308
03030501950703030501010720001201308
03030501950703030501100720001201308
03030501950703030501520720001201308
03030501950703030501600720001201308
03030501950703030501790720001201308
03030501950703030501870720001201308
03030501950703030502090720001201308
03030501950703030502170720001201308
03030501950703030502250720001201308
03030502090703030500390720001201308
03030502090703030500470720001201308
03030502090703030500550720001201308
03030502090703030500630720001201308
03030502090703030500710720001201308
03030502090703030500800720001201308
03030502090703030501010720001201308
03030502090703030501100720001201308
03030502090703030501520720001201308
03030502090703030501600720001201308
03030502090703030501790720001201308
03030502090703030501870720001201308
03030502090703030501950720001201308
03030502090703030502170720001201308
03030502090703030502250720001201308
03030502170703030500390720001201308
03030502170703030500470720001201308
03030502170703030500550720001201308
03030502170703030500630720001201308
03030502170703030500710720001201308
03030502170703030500800720001201308
03030502170703030501010720001201308
03030502170703030501100720001201308
03030502170703030501520720001201308
03030502170703030501600720001201308
03030502170703030501790720001201308
03030502170703030501870720001201308
03030502170703030501950720001201308
03030502170703030502090720001201308
03030502170703030502250720001201308
03030502250703030500390720001201308
03030502250703030500470720001201308
03030502250703030500550720001201308
03030502250703030500630720001201308
03030502250703030500710720001201308
03030502250703030500800720001201308
03030502250703030501010720001201308
03030502250703030501100720001201308
03030502250703030501520720001201308
03030502250703030501600720001201308
03030502250703030501790720001201308
03030502250703030501870720001201308
03030502250703030501950720001201308
03030502250703030502090720001201308
03030502250703030502170720001201308
03030600260307020402660410000201308
03030600260307020503420410000201308
03030600340307020402660410000201308
03030600420302110200100410001201308
03030600500303090600100410001201308
03030600690303090600100410001201308
03030600690307020500670410000201308
03030600690307020501210410000201308
03030600690307020503420410000201308
03030600770303090600100410001201308
03030600770307020500670410000201308
03030600770307020503420410000201308
03030601230302110200280410000201308
03030601310303090600100410001201308
03030601310307020500670410000201308
03030601310307020500750410000201308
03030601310307020503420410000201308
03030601900302020312090410002201308
03030601900302110200100410001201308
03030601900303090600100410001201308
03030601900306030500420410001201308
03030601900306030500500410002201308
03030601900306030500690410001201308
03030601900306030500770410001201308
03030601900306030500850410001201308
03030601900306030500930410001201308
03030601900306030501070410040201308
03030601900307020501210410000201308
03030602120302110200100410001201308
03030602120302110200280410002201308
03030602120307020501210410000201308
03030602390307020402660410000201308
03030602800302020312090410002201308
03030602800302110200100410001201308
03030602800306030501070410040201308
03031100400307020402660410000201308
03031100400307020501210410000201308
03031600120307020401180410001201308
03031600200307020401180410001201308
03031600390307020401180410001201308
03031600470307020401180410001201308
03031600550307020401180410001201308
03031600630306030600130410002201308
03031600630307020401180410001201308
03031600710307020401180410001201308
03031701310308020102530410000201308
03031701310308020102610410000201308
03031701310308020102700410000201308
03031701400308020102530410000201308
03031701400308020102610410000201308
03031701400308020102700410000201308
03031701580308020102530410000201308
03031701580308020102610410000201308
03031701580308020102700410000201308
03031701660308020102530410000201308
03031701660308020102610410000201308
03031701660308020102700410000201308
03031701740308020102530410000201308
03031701740308020102610410000201308
03031701740308020102700410000201308
03031701820308020102530410000201308
03031701820308020102610410000201308
03031701820308020102700410000201308
03031800130303031800300310000201308
03031800130303031800480310000201308
03031800130303031800560310000201308
03031800130303031800640310000201308
03040100140603040102000710001201308
03040100220603040102000710001201308
03040100730603040100810710001201308
03040100730603040100900630144201308
03040100730603040101970710001201308
03040100730603040102600630090201308
03040100730603040102860630144201308
03040100730603040102940630144201308
03040100730603040103400710004201308
03040100900603040100810710001201308
03040100900603040101540710001201308
03040100900603040101700710025201308
03040100900603040101890710001201308
03040100900603040102000710001201308
03040100900603040102600630090201308
03040100900603040102860630144201308
03040100900603040102940630144201308
03040100900603040103080710004201308
03040100900603040103160710001201308
03040101200603040101890710001201308
03040101200603040102000710001201308
03040101200603040103080710002201308
03040101380603040101890710001201308
03040101380603040102000710001201308
03040101380603040103080710002201308
03040101460603040101890710001201308
03040101460603040102000710001201308
03040101890703040102000720001201308
03040101890703040103160720001201308
03040102000703040101890720001201308
03040102000703040103160720001201308
03040102350603040100810710001201308
03040102350603040101540710001201308
03040102350603040101700710025201308
03040102350603040101890710001201308
03040102350603040102000710001201308
03040102350603040103080710004201308
03040102600603040102000710001201308
03040102860603040100810710001201308
03040102860603040100900630144201308
03040102860603040101540710001201308
03040102860603040101700710025201308
03040102860603040101890710001201308
03040102860603040102000710001201308
03040102860603040102600630090201308
03040102860603040102940630144201308
03040102860603040103080710004201308
03040102860603040103160710001201308
03040102940603040100810710001201308
03040102940603040100900630144201308
03040102940603040101540710001201308
03040102940603040101700710025201308
03040102940603040101890710001201308
03040102940603040102000710001201308
03040102940603040102600630090201308
03040102940603040102860630144201308
03040102940603040103080710004201308
03040102940603040103160710001201308
03040103160703040101890720001201308
03040103160703040102000720001201308
03040200100603040800550630001201308
03040200100603040800550710001201308
03040200100603040800710630001201308
03040200100603040800710710001201308
03040200280603040800550630001201308
03040200280603040800550710001201308
03040200280603040800710630001201308
03040200280603040800710710001201308
03040200360603040200100630000201308
03040200360603040200280630000201308
03040200360603040200440630000201308
03040200360603040200520630000201308
03040200360603040200950630000201308
03040200360603040201090630000201308
03040200360603040201170630000201308
03040200360603040201250630000201308
03040200360603040201500630000201308
03040200360603040201680630000201308
03040200360603040201760630000201308
03040200360603040201920630000201308
03040200360603040202060630000201308
03040200360603040202140630000201308
03040200360603040202220630000201308
03040200360603040202300630000201308
03040200360603040202490630000201308
03040200360603040202570630000201308
03040200360603040202650630000201308
03040200360603040202900630000201308
03040200360603040203030630000201308
03040200360603040203110630000201308
03040200360603040203200630000201308
03040200360603040203620630000201308
03040200360603040300150630000201308
03040200360603040300230630000201308
03040200360603040300310630000201308
03040200360603040300400630000201308
03040200360603040300580630000201308
03040200360603040300660630000201308
03040200360603040300740630000201308
03040200360603040300820630000201308
03040200360603040300900630000201308
03040200360603040301040630000201308
03040200360603040301120630000201308
03040200360603040301200630000201308
03040200360603040301390630000201308
03040200360603040301470630000201308
03040200360603040301550630000201308
03040200360603040301630630000201308
03040200360603040301710630000201308
03040200360603040301800630000201308
03040200360603040301980630000201308
03040200360603040302010630000201308
03040200360603040302100630000201308
03040200360603040400100630000201308
03040200360603040400530630000201308
03040200360603040400610630000201308
03040200360603040400700630000201308
03040200360603040400880630000201308
03040200360603040400960630000201308
03040200360603040401000630000201308
03040200360603040401180630000201308
03040200360603040401500630000201308
03040200360603040401690630000201308
03040200360603040401850630000201308
03040200360603040500240630000201308
03040200360603040500320630000201308
03040200360603040501640630000201308
03040200360603040501720630000201308
03040200360603040501800630000201308
03040200360603040502100630000201308
03040200360603040502290630000201308
03040200360603040502610630000201308
03040200360603040502700630000201308
03040200360603040502880630000201308
03040200360603040502960630000201308
03040200360603040503000630000201308
03040200360603040503180630000201308
03040200360603040503260630000201308
03040200360603040600110630000201308
03040200360603040600380630000201308
03040200360603040600700630000201308
03040200360603040600890630000201308
03040200360603040600970630000201308
03040200360603040601000630000201308
03040200360603040601190630000201308
03040200360603040601270630000201308
03040200360603040601350630000201308
03040200360603040601510630000201308
03040200360603040800550630001201308
03040200360603040800550710001201308
03040200360603040800710630001201308
03040200360603040800710710001201308
03040200440603040800550630001201308
03040200440603040800550710001201308
03040200440603040800710630001201308
03040200440603040800710710001201308
03040200520603040800550630001201308
03040200520603040800550710001201308
03040200520603040800710630001201308
03040200520603040800710710001201308
03040200600603040200100630000201308
03040200600603040200280630000201308
03040200600603040200440630000201308
03040200600603040200520630000201308
03040200600603040200950630000201308
03040200600603040201090630000201308
03040200600603040201170630000201308
03040200600603040201250630000201308
03040200600603040201330630000201308
03040200600603040201410630000201308
03040200600603040201500630000201308
03040200600603040201680630000201308
03040200600603040201760630000201308
03040200600603040201920630000201308
03040200600603040202060630000201308
03040200600603040202140630000201308
03040200600603040202220630000201308
03040200600603040202300630000201308
03040200600603040202490630000201308
03040200600603040202570630000201308
03040200600603040202650630000201308
03040200600603040202900630000201308
03040200600603040203030630000201308
03040200600603040203110630000201308
03040200600603040203200630000201308
03040200600603040203620630000201308
03040200600603040203700630000201308
03040200600603040203970630000201308
03040200600603040300150630000201308
03040200600603040300230630000201308
03040200600603040300310630000201308
03040200600603040300400630000201308
03040200600603040300580630000201308
03040200600603040300660630000201308
03040200600603040300740630000201308
03040200600603040300820630000201308
03040200600603040300900630000201308
03040200600603040301040630000201308
03040200600603040301120630000201308
03040200600603040301200630000201308
03040200600603040301390630000201308
03040200600603040301470630000201308
03040200600603040301550630000201308
03040200600603040301630630000201308
03040200600603040301710630000201308
03040200600603040301800630000201308
03040200600603040301980630000201308
03040200600603040302010630000201308
03040200600603040302100630000201308
03040200600603040302280630000201308
03040200600603040400100630000201308
03040200600603040400290630000201308
03040200600603040400530630000201308
03040200600603040400610630000201308
03040200600603040400700630000201308
03040200600603040400880630000201308
03040200600603040400960630000201308
03040200600603040401000630000201308
03040200600603040401180630000201308
03040200600603040401500630000201308
03040200600603040401690630000201308
03040200600603040401770630000201308
03040200600603040401850630000201308
03040200600603040500160630001201308
03040200600603040500240630000201308
03040200600603040500320630000201308
03040200600603040500670630000201308
03040200600603040500750630000201308
03040200600603040501300630000201308
03040200600603040501640630000201308
03040200600603040501720630000201308
03040200600603040501800630000201308
03040200600603040502020630000201308
03040200600603040502100630000201308
03040200600603040502290630000201308
03040200600603040502610630000201308
03040200600603040502700630000201308
03040200600603040502880630000201308
03040200600603040502960630000201308
03040200600603040503000630000201308
03040200600603040503180630000201308
03040200600603040503260630000201308
03040200600603040600110630000201308
03040200600603040600380630000201308
03040200600603040600460630000201308
03040200600603040600700630000201308
03040200600603040600890630000201308
03040200600603040600970630000201308
03040200600603040601000630000201308
03040200600603040601190630000201308
03040200600603040601270630000201308
03040200600603040601350630000201308
03040200600603040601510630000201308
03040200600603040602080630000201308
03040200600603040602160630000201308
03040200600603040602240630000201308
03040200600603040800550630001201308
03040200600603040800550710001201308
03040200600603040800710630001201308
03040200600603040800710710001201308
03040200790603040200100630000201308
03040200790603040200280630000201308
03040200790603040200440630000201308
03040200790603040200520630000201308
03040200790603040200950630000201308
03040200790603040201090630000201308
03040200790603040201170630000201308
03040200790603040201250630000201308
03040200790603040201330630000201308
03040200790603040201410630000201308
03040200790603040201500630000201308
03040200790603040201680630000201308
03040200790603040201760630000201308
03040200790603040201920630000201308
03040200790603040202060630000201308
03040200790603040202140630000201308
03040200790603040202220630000201308
03040200790603040202300630000201308
03040200790603040202490630000201308
03040200790603040202570630000201308
03040200790603040202650630000201308
03040200790603040202900630000201308
03040200790603040203030630000201308
03040200790603040203110630000201308
03040200790603040203200630000201308
03040200790603040203620630000201308
03040200790603040203700630000201308
03040200790603040300150630000201308
03040200790603040300230630000201308
03040200790603040300310630000201308
03040200790603040300400630000201308
03040200790603040300580630000201308
03040200790603040300660630000201308
03040200790603040300740630000201308
03040200790603040300820630000201308
03040200790603040300900630000201308
03040200790603040301040630000201308
03040200790603040301120630000201308
03040200790603040301200630000201308
03040200790603040301390630000201308
03040200790603040301470630000201308
03040200790603040301550630000201308
03040200790603040301630630000201308
03040200790603040301710630000201308
03040200790603040301800630000201308
03040200790603040301980630000201308
03040200790603040302010630000201308
03040200790603040302100630000201308
03040200790603040400100630000201308
03040200790603040400290630000201308
03040200790603040400530630000201308
03040200790603040400610630000201308
03040200790603040400700630000201308
03040200790603040400880630000201308
03040200790603040400960630000201308
03040200790603040401000630000201308
03040200790603040401180630000201308
03040200790603040401500630000201308
03040200790603040401690630000201308
03040200790603040401850630000201308
03040200790603040500240630000201308
03040200790603040500320630000201308
03040200790603040500670630000201308
03040200790603040500750630000201308
03040200790603040501300630000201308
03040200790603040501640630000201308
03040200790603040501720630000201308
03040200790603040501800630000201308
03040200790603040502100630000201308
03040200790603040502290630000201308
03040200790603040502610630000201308
03040200790603040502700630000201308
03040200790603040502880630000201308
03040200790603040502960630000201308
03040200790603040503000630000201308
03040200790603040503180630000201308
03040200790603040503260630000201308
03040200790603040600110630000201308
03040200790603040600380630000201308
03040200790603040600700630000201308
03040200790603040600890630000201308
03040200790603040600970630000201308
03040200790603040601000630000201308
03040200790603040601190630000201308
03040200790603040601270630000201308
03040200790603040601350630000201308
03040200790603040601510630000201308
03040200790603040602080630000201308
03040200790603040602160630000201308
03040200790603040800550630001201308
03040200790603040800550710001201308
03040200790603040800710630001201308
03040200790603040800710710001201308
03040200870603040800550630001201308
03040200870603040800550710001201308
03040200870603040800710630001201308
03040200870603040800710710001201308
03040200950603040800550630001201308
03040200950603040800550710001201308
03040200950603040800710630001201308
03040200950603040800710710001201308
03040201090603040800550630001201308
03040201090603040800550710001201308
03040201090603040800710630001201308
03040201090603040800710710001201308
03040201170603040800550630001201308
03040201170603040800550710001201308
03040201170603040800710630001201308
03040201170603040800710710001201308
03040201250603040800550630001201308
03040201250603040800550710001201308
03040201250603040800710630001201308
03040201250603040800710710001201308
03040201330603040800550630001201308
03040201330603040800550710001201308
03040201330603040800710630001201308
03040201330603040800710710001201308
03040201410603040800550630001201308
03040201410603040800550710001201308
03040201410603040800710630001201308
03040201410603040800710710001201308
03040201500603040800550630001201308
03040201500603040800550710001201308
03040201500603040800710630001201308
03040201500603040800710710001201308
03040201680603040800550630001201308
03040201680603040800550710001201308
03040201680603040800710630001201308
03040201680603040800710710001201308
03040201760603040800550630001201308
03040201760603040800550710001201308
03040201760603040800710630001201308
03040201760603040800710710001201308
03040201840603040800550630001201308
03040201840603040800550710001201308
03040201840603040800710630001201308
03040201840603040800710710001201308
03040201920603040800550630001201308
03040201920603040800550710001201308
03040201920603040800710630001201308
03040201920603040800710710001201308
03040202060603040800550630001201308
03040202060603040800550710001201308
03040202060603040800710630001201308
03040202060603040800710710001201308
03040202140603040800550630001201308
03040202140603040800550710001201308
03040202140603040800710630001201308
03040202140603040800710710001201308
03040202220603040800550630001201308
03040202220603040800550710001201308
03040202220603040800710630001201308
03040202220603040800710710001201308
03040202300603040800550630001201308
03040202300603040800550710001201308
03040202300603040800710630001201308
03040202300603040800710710001201308
03040202490603040800550630001201308
03040202490603040800550710001201308
03040202490603040800710630001201308
03040202490603040800710710001201308
03040202570603040800550630001201308
03040202570603040800550710001201308
03040202570603040800710630001201308
03040202570603040800710710001201308
03040202650603040800550630001201308
03040202650603040800550710001201308
03040202650603040800710630001201308
03040202650603040800710710001201308
03040202730603040800550630001201308
03040202730603040800550710001201308
03040202730603040800710630001201308
03040202730603040800710710001201308
03040202810603040800550630001201308
03040202810603040800550710001201308
03040202810603040800710630001201308
03040202810603040800710710001201308
03040202900603040800550630001201308
03040202900603040800550710001201308
03040202900603040800710630001201308
03040202900603040800710710001201308
03040203030603040800550630001201308
03040203030603040800550710001201308
03040203030603040800710630001201308
03040203030603040800710710001201308
03040203110603040200360630000201308
03040203110603040200600630000201308
03040203110603040200790630000201308
03040203110603040203380630000201308
03040203110603040203460630000201308
03040203110603040300150630000201308
03040203110603040300580630000201308
03040203110603040301630630000201308
03040203110603040301800630000201308
03040203110603040500400630000201308
03040203110603040501130630000201308
03040203110603040501210630000201308
03040203110603040800550630001201308
03040203110603040800550710001201308
03040203110603040800710630001201308
03040203110603040800710710001201308
03040203200603040800550630001201308
03040203200603040800550710001201308
03040203200603040800710630001201308
03040203200603040800710710001201308
03040203380603040200100630000201308
03040203380603040200280630000201308
03040203380603040200440630000201308
03040203380603040200520630000201308
03040203380603040200950630000201308
03040203380603040201090630000201308
03040203380603040201170630000201308
03040203380603040201250630000201308
03040203380603040201500630000201308
03040203380603040201680630000201308
03040203380603040201760630000201308
03040203380603040201840630000201308
03040203380603040201920630000201308
03040203380603040202060630000201308
03040203380603040202140630000201308
03040203380603040202220630000201308
03040203380603040202300630000201308
03040203380603040202490630000201308
03040203380603040202570630000201308
03040203380603040202650630000201308
03040203380603040202730630000201308
03040203380603040202810630000201308
03040203380603040202900630000201308
03040203380603040203030630000201308
03040203380603040203110630000201308
03040203380603040203200630000201308
03040203380603040203620630000201308
03040203380603040300150630000201308
03040203380603040300230630000201308
03040203380603040300310630000201308
03040203380603040300400630000201308
03040203380603040300580630000201308
03040203380603040300660630000201308
03040203380603040300740630000201308
03040203380603040300820630000201308
03040203380603040300900630000201308
03040203380603040301040630000201308
03040203380603040301120630000201308
03040203380603040301200630000201308
03040203380603040301390630000201308
03040203380603040301470630000201308
03040203380603040301550630000201308
03040203380603040301630630000201308
03040203380603040301710630000201308
03040203380603040301800630000201308
03040203380603040301980630000201308
03040203380603040302010630000201308
03040203380603040302100630000201308
03040203380603040400100630000201308
03040203380603040400450630000201308
03040203380603040400530630000201308
03040203380603040400610630000201308
03040203380603040400700630000201308
03040203380603040400880630000201308
03040203380603040400960630000201308
03040203380603040401000630000201308
03040203380603040401180630000201308
03040203380603040401260630000201308
03040203380603040401340630000201308
03040203380603040401420630000201308
03040203380603040401500630000201308
03040203380603040401690630000201308
03040203380603040500240630000201308
03040203380603040500320630000201308
03040203380603040501640630000201308
03040203380603040501720630000201308
03040203380603040501800630000201308
03040203380603040502020630000201308
03040203380603040502100630000201308
03040203380603040502290630000201308
03040203380603040503260630000201308
03040203380603040600110630000201308
03040203380603040600380630000201308
03040203380603040600460630000201308
03040203380603040600700630000201308
03040203380603040600890630000201308
03040203380603040600970630000201308
03040203380603040601000630000201308
03040203380603040601190630000201308
03040203380603040601270630000201308
03040203380603040601350630000201308
03040203380603040601510630000201308
03040203380603040601600630000201308
03040203380603040601780630000201308
03040203380603040601860630000201308
03040203380603040800550630001201308
03040203380603040800550710001201308
03040203380603040800710630001201308
03040203380603040800710710001201308
03040203460603040200100630000201308
03040203460603040200280630000201308
03040203460603040200440630000201308
03040203460603040200520630000201308
03040203460603040200870630000201308
03040203460603040200950630000201308
03040203460603040201090630000201308
03040203460603040201170630000201308
03040203460603040201250630000201308
03040203460603040201500630000201308
03040203460603040201680630000201308
03040203460603040201760630000201308
03040203460603040201840630000201308
03040203460603040201920630000201308
03040203460603040202060630000201308
03040203460603040202140630000201308
03040203460603040202220630000201308
03040203460603040202300630000201308
03040203460603040202490630000201308
03040203460603040202570630000201308
03040203460603040202650630000201308
03040203460603040202730630000201308
03040203460603040202810630000201308
03040203460603040202900630000201308
03040203460603040203030630000201308
03040203460603040203110630000201308
03040203460603040203200630000201308
03040203460603040203620630000201308
03040203460603040203700630000201308
03040203460603040300150630000201308
03040203460603040300230630000201308
03040203460603040300310630000201308
03040203460603040300400630000201308
03040203460603040300580630000201308
03040203460603040300660630000201308
03040203460603040300740630000201308
03040203460603040300820630000201308
03040203460603040300900630000201308
03040203460603040301040630000201308
03040203460603040301120630000201308
03040203460603040301200630000201308
03040203460603040301390630000201308
03040203460603040301470630000201308
03040203460603040301550630000201308
03040203460603040301630630000201308
03040203460603040301710630000201308
03040203460603040301800630000201308
03040203460603040301980630000201308
03040203460603040302010630000201308
03040203460603040302100630000201308
03040203460603040400100630000201308
03040203460603040400450630000201308
03040203460603040400530630000201308
03040203460603040400610630000201308
03040203460603040400700630000201308
03040203460603040400880630000201308
03040203460603040400960630000201308
03040203460603040401000630000201308
03040203460603040401180630000201308
03040203460603040401260630000201308
03040203460603040401340630000201308
03040203460603040401420630000201308
03040203460603040401500630000201308
03040203460603040401690630000201308
03040203460603040500240630000201308
03040203460603040500320630000201308
03040203460603040501640630000201308
03040203460603040501720630000201308
03040203460603040501800630000201308
03040203460603040502020630000201308
03040203460603040502100630000201308
03040203460603040502290630000201308
03040203460603040503260630000201308
03040203460603040600110630000201308
03040203460603040600380630000201308
03040203460603040600700630000201308
03040203460603040600890630000201308
03040203460603040600970630000201308
03040203460603040601000630000201308
03040203460603040601190630000201308
03040203460603040601270630000201308
03040203460603040601350630000201308
03040203460603040601510630000201308
03040203460603040601600630000201308
03040203460603040601780630000201308
03040203460603040601860630000201308
03040203460603040602080630000201308
03040203460603040602160630000201308
03040203460603040800550630001201308
03040203460603040800550710001201308
03040203460603040800710630001201308
03040203460603040800710710001201308
03040203620603040800550630001201308
03040203620603040800550710001201308
03040203620603040800710630001201308
03040203620603040800710710001201308
03040203700603040800550630001201308
03040203700603040800550710001201308
03040203700603040800710630001201308
03040203700603040800710710001201308
03040203970603040800710710001201308
03040204000603040800710710001201308
03040300150603040200100630000201308
03040300150603040200280630000201308
03040300150603040200440630000201308
03040300150603040200520630000201308
03040300150603040200600630000201308
03040300150603040200790630000201308
03040300150603040200870630000201308
03040300150603040200950630000201308
03040300150603040201090630000201308
03040300150603040201170630000201308
03040300150603040201250630000201308
03040300150603040201330630000201308
03040300150603040201410630000201308
03040300150603040201500630000201308
03040300150603040201680630000201308
03040300150603040201760630000201308
03040300150603040201840630000201308
03040300150603040201920630000201308
03040300150603040202060630000201308
03040300150603040202140630000201308
03040300150603040202220630000201308
03040300150603040202300630000201308
03040300150603040202490630000201308
03040300150603040202570630000201308
03040300150603040202650630000201308
03040300150603040202730630000201308
03040300150603040202810630000201308
03040300150603040202900630000201308
03040300150603040203030630000201308
03040300150603040203110630000201308
03040300150603040203200630000201308
03040300150603040203380630000201308
03040300150603040203460630000201308
03040300150603040203620630000201308
03040300150603040203700630000201308
03040300150603040400100630000201308
03040300150603040400290630000201308
03040300150603040400450630000201308
03040300150603040400530630000201308
03040300150603040400610630000201308
03040300150603040400700630000201308
03040300150603040400880630000201308
03040300150603040400960630000201308
03040300150603040401000630000201308
03040300150603040401180630000201308
03040300150603040401260630000201308
03040300150603040401340630000201308
03040300150603040401420630000201308
03040300150603040401500630000201308
03040300150603040401690630000201308
03040300150603040401850630000201308
03040300150603040500240630000201308
03040300150603040500320630000201308
03040300150603040500400630000201308
03040300150603040500670630000201308
03040300150603040500750630000201308
03040300150603040501130630000201308
03040300150603040501210630000201308
03040300150603040501300630000201308
03040300150603040501640630000201308
03040300150603040501720630000201308
03040300150603040501800630000201308
03040300150603040502020630000201308
03040300150603040502100630000201308
03040300150603040502290630000201308
03040300150603040502610630000201308
03040300150603040502700630000201308
03040300150603040502880630000201308
03040300150603040502960630000201308
03040300150603040503000630000201308
03040300150603040503180630000201308
03040300150603040503260630000201308
03040300150603040601510630000201308
03040300150603040601600630000201308
03040300150603040601780630000201308
03040300150603040601860630000201308
03040300150603040602080630000201308
03040300150603040602160630000201308
03040300150603040800550630001201308
03040300150603040800550710001201308
03040300150603040800710630001201308
03040300150603040800710710001201308
03040300230603040800550630001201308
03040300230603040800550710001201308
03040300230603040800710630001201308
03040300230603040800710710001201308
03040300310603040200100630000201308
03040300310603040200280630000201308
03040300310603040200360630000201308
03040300310603040200440630000201308
03040300310603040200520630000201308
03040300310603040200600630000201308
03040300310603040200790630000201308
03040300310603040200870630000201308
03040300310603040200950630000201308
03040300310603040201090630000201308
03040300310603040201170630000201308
03040300310603040201250630000201308
03040300310603040201330630000201308
03040300310603040201410630000201308
03040300310603040201500630000201308
03040300310603040201680630000201308
03040300310603040201760630000201308
03040300310603040201840630000201308
03040300310603040201920630000201308
03040300310603040202060630000201308
03040300310603040202140630000201308
03040300310603040202220630000201308
03040300310603040202300630000201308
03040300310603040202490630000201308
03040300310603040202570630000201308
03040300310603040202650630000201308
03040300310603040202730630000201308
03040300310603040202810630000201308
03040300310603040202900630000201308
03040300310603040203030630000201308
03040300310603040203200630000201308
03040300310603040203380630000201308
03040300310603040203460630000201308
03040300310603040203620630000201308
03040300310603040203700630000201308
03040300310603040400100630000201308
03040300310603040400290630000201308
03040300310603040400450630000201308
03040300310603040400530630000201308
03040300310603040400610630000201308
03040300310603040400700630000201308
03040300310603040400880630000201308
03040300310603040400960630000201308
03040300310603040401000630000201308
03040300310603040401180630000201308
03040300310603040401260630000201308
03040300310603040401340630000201308
03040300310603040401420630000201308
03040300310603040401500630000201308
03040300310603040401690630000201308
03040300310603040401850630000201308
03040300310603040500240630000201308
03040300310603040500320630000201308
03040300310603040500400630000201308
03040300310603040500670630000201308
03040300310603040500750630000201308
03040300310603040501130630000201308
03040300310603040501210630000201308
03040300310603040501300630000201308
03040300310603040501640630000201308
03040300310603040501720630000201308
03040300310603040501800630000201308
03040300310603040502020630000201308
03040300310603040502100630000201308
03040300310603040502290630000201308
03040300310603040502610630000201308
03040300310603040502700630000201308
03040300310603040502880630000201308
03040300310603040502960630000201308
03040300310603040503000630000201308
03040300310603040503180630000201308
03040300310603040503260630000201308
03040300310603040601510630000201308
03040300310603040601600630000201308
03040300310603040601780630000201308
03040300310603040601860630000201308
03040300310603040602080630000201308
03040300310603040602160630000201308
03040300310603040800550630001201308
03040300310603040800550710001201308
03040300310603040800710630001201308
03040300310603040800710710001201308
03040300400603040800550630001201308
03040300400603040800550710001201308
03040300400603040800710630001201308
03040300400603040800710710001201308
03040300580603040200100630000201308
03040300580603040200280630000201308
03040300580603040200360630000201308
03040300580603040200440630000201308
03040300580603040200520630000201308
03040300580603040200600630000201308
03040300580603040200790630000201308
03040300580603040200870630000201308
03040300580603040200950630000201308
03040300580603040201090630000201308
03040300580603040201170630000201308
03040300580603040201250630000201308
03040300580603040201330630000201308
03040300580603040201410630000201308
03040300580603040201500630000201308
03040300580603040201680630000201308
03040300580603040201760630000201308
03040300580603040201840630000201308
03040300580603040201920630000201308
03040300580603040202060630000201308
03040300580603040202140630000201308
03040300580603040202220630000201308
03040300580603040202300630000201308
03040300580603040202490630000201308
03040300580603040202570630000201308
03040300580603040202650630000201308
03040300580603040202730630000201308
03040300580603040202810630000201308
03040300580603040202900630000201308
03040300580603040203030630000201308
03040300580603040203110630000201308
03040300580603040203200630000201308
03040300580603040203380630000201308
03040300580603040203460630000201308
03040300580603040203620630000201308
03040300580603040203700630000201308
03040300580603040400100630000201308
03040300580603040400290630000201308
03040300580603040400450630000201308
03040300580603040400530630000201308
03040300580603040400610630000201308
03040300580603040400700630000201308
03040300580603040400880630000201308
03040300580603040400960630000201308
03040300580603040401000630000201308
03040300580603040401180630000201308
03040300580603040401260630000201308
03040300580603040401340630000201308
03040300580603040401420630000201308
03040300580603040401500630000201308
03040300580603040401690630000201308
03040300580603040401850630000201308
03040300580603040500240630000201308
03040300580603040500320630000201308
03040300580603040500400630000201308
03040300580603040500670630000201308
03040300580603040500750630000201308
03040300580603040501130630000201308
03040300580603040501210630000201308
03040300580603040501300630000201308
03040300580603040501640630000201308
03040300580603040501720630000201308
03040300580603040501800630000201308
03040300580603040502020630000201308
03040300580603040502100630000201308
03040300580603040502290630000201308
03040300580603040502610630000201308
03040300580603040502700630000201308
03040300580603040502880630000201308
03040300580603040502960630000201308
03040300580603040503000630000201308
03040300580603040503180630000201308
03040300580603040503260630000201308
03040300580603040601510630000201308
03040300580603040601600630000201308
03040300580603040601780630000201308
03040300580603040601860630000201308
03040300580603040602080630000201308
03040300580603040602160630000201308
03040300580603040800550630001201308
03040300580603040800550710001201308
03040300660603040800550630001201308
03040300660603040800550710001201308
03040300740603040200100630000201308
03040300740603040200280630000201308
03040300740603040200360630000201308
03040300740603040200440630000201308
03040300740603040200520630000201308
03040300740603040200600630000201308
03040300740603040200790630000201308
03040300740603040200870630000201308
03040300740603040200950630000201308
03040300740603040201090630000201308
03040300740603040201170630000201308
03040300740603040201250630000201308
03040300740603040201330630000201308
03040300740603040201410630000201308
03040300740603040201500630000201308
03040300740603040201680630000201308
03040300740603040201760630000201308
03040300740603040201840630000201308
03040300740603040201920630000201308
03040300740603040202060630000201308
03040300740603040202140630000201308
03040300740603040202220630000201308
03040300740603040202300630000201308
03040300740603040202490630000201308
03040300740603040202570630000201308
03040300740603040202650630000201308
03040300740603040202730630000201308
03040300740603040202810630000201308
03040300740603040202900630000201308
03040300740603040203030630000201308
03040300740603040203200630000201308
03040300740603040203380630000201308
03040300740603040203460630000201308
03040300740603040203620630000201308
03040300740603040203700630000201308
03040300740603040400100630000201308
03040300740603040400290630000201308
03040300740603040400450630000201308
03040300740603040400530630000201308
03040300740603040400610630000201308
03040300740603040400700630000201308
03040300740603040400880630000201308
03040300740603040400960630000201308
03040300740603040401000630000201308
03040300740603040401180630000201308
03040300740603040401260630000201308
03040300740603040401340630000201308
03040300740603040401420630000201308
03040300740603040401500630000201308
03040300740603040401690630000201308
03040300740603040401850630000201308
03040300740603040500240630000201308
03040300740603040500320630000201308
03040300740603040500400630000201308
03040300740603040500670630000201308
03040300740603040500750630000201308
03040300740603040501130630000201308
03040300740603040501210630000201308
03040300740603040501300630000201308
03040300740603040501640630000201308
03040300740603040501720630000201308
03040300740603040501800630000201308
03040300740603040502020630000201308
03040300740603040502100630000201308
03040300740603040502290630000201308
03040300740603040502610630000201308
03040300740603040502700630000201308
03040300740603040502880630000201308
03040300740603040502960630000201308
03040300740603040503000630000201308
03040300740603040503180630000201308
03040300740603040503260630000201308
03040300740603040601510630000201308
03040300740603040601600630000201308
03040300740603040601780630000201308
03040300740603040601860630000201308
03040300740603040602080630000201308
03040300740603040602160630000201308
03040300740603040800550630001201308
03040300740603040800550710001201308
03040300820603040200360630000201308
03040300820603040200600630000201308
03040300820603040200790630000201308
03040300820603040203380630000201308
03040300820603040203460630000201308
03040300820603040500400630000201308
03040300820603040501130630000201308
03040300820603040501210630000201308
03040300900603040200360630000201308
03040300900603040200600630000201308
03040300900603040200790630000201308
03040300900603040203380630000201308
03040300900603040203460630000201308
03040300900603040500400630000201308
03040300900603040501130630000201308
03040300900603040501210630000201308
03040301040603040200360630000201308
03040301040603040200600630000201308
03040301040603040200790630000201308
03040301040603040203380630000201308
03040301040603040203460630000201308
03040301040603040500400630000201308
03040301040603040501130630000201308
03040301040603040501210630000201308
03040301120603040200100630000201308
03040301120603040200280630000201308
03040301120603040200360630000201308
03040301120603040200440630000201308
03040301120603040200520630000201308
03040301120603040200600630000201308
03040301120603040200790630000201308
03040301120603040200870630000201308
03040301120603040200950630000201308
03040301120603040201090630000201308
03040301120603040201170630000201308
03040301120603040201250630000201308
03040301120603040201330630000201308
03040301120603040201410630000201308
03040301120603040201500630000201308
03040301120603040201680630000201308
03040301120603040201760630000201308
03040301120603040201840630000201308
03040301120603040201920630000201308
03040301120603040202060630000201308
03040301120603040202140630000201308
03040301120603040202220630000201308
03040301120603040202300630000201308
03040301120603040202490630000201308
03040301120603040202570630000201308
03040301120603040202650630000201308
03040301120603040202730630000201308
03040301120603040202810630000201308
03040301120603040202900630000201308
03040301120603040203030630000201308
03040301120603040203110630000201308
03040301120603040203200630000201308
03040301120603040203380630000201308
03040301120603040203460630000201308
03040301120603040203620630000201308
03040301120603040203700630000201308
03040301120603040203890630000201308
03040301120603040203970630000201308
03040301120603040400100630000201308
03040301120603040400290630000201308
03040301120603040400450630000201308
03040301120603040400530630000201308
03040301120603040400610630000201308
03040301120603040400700630000201308
03040301120603040400880630000201308
03040301120603040400960630000201308
03040301120603040401000630000201308
03040301120603040401180630000201308
03040301120603040401260630000201308
03040301120603040401340630000201308
03040301120603040401420630000201308
03040301120603040401500630000201308
03040301120603040401690630000201308
03040301120603040401770630000201308
03040301120603040401850630000201308
03040301120603040500160630000201308
03040301120603040500240630000201308
03040301120603040500320630000201308
03040301120603040500400630000201308
03040301120603040500670630000201308
03040301120603040500750630000201308
03040301120603040501130630000201308
03040301120603040501210630000201308
03040301120603040501300630000201308
03040301120603040501640630000201308
03040301120603040501720630000201308
03040301120603040501800630000201308
03040301120603040502020630000201308
03040301120603040502100630000201308
03040301120603040502290630000201308
03040301120603040502530630000201308
03040301120603040502610630000201308
03040301120603040502700630000201308
03040301120603040502880630000201308
03040301120603040502960630000201308
03040301120603040503000630000201308
03040301120603040503180630000201308
03040301120603040503260630000201308
03040301120603040601510630000201308
03040301120603040601600630000201308
03040301120603040601780630000201308
03040301120603040601860630000201308
03040301120603040602080630000201308
03040301120603040602160630000201308
03040301200603040401850630000201308
03040301200603040502610630000201308
03040301200603040502700630000201308
03040301200603040502880630000201308
03040301200603040502960630000201308
03040301200603040503000630000201308
03040301200603040503180630000201308
03040301200603040503260630000201308
03040301200603040800550630001201308
03040301200603040800550710001201308
03040301390603040200360630000201308
03040301390603040200600630000201308
03040301390603040200790630000201308
03040301390603040203380630000201308
03040301390603040203460630000201308
03040301390603040500400630000201308
03040301390603040501130630000201308
03040301390603040501210630000201308
03040301470603040200360630000201308
03040301470603040200600630000201308
03040301470603040200790630000201308
03040301470603040203380630000201308
03040301470603040203460630000201308
03040301470603040500400630000201308
03040301470603040501130630000201308
03040301470603040501210630000201308
03040301550603040200360630000201308
03040301550603040200600630000201308
03040301550603040200790630000201308
03040301550603040203380630000201308
03040301550603040203460630000201308
03040301550603040500400630000201308
03040301550603040501130630000201308
03040301550603040501210630000201308
03040301630603040200100630000201308
03040301630603040200280630000201308
03040301630603040200360630000201308
03040301630603040200440630000201308
03040301630603040200520630000201308
03040301630603040200600630000201308
03040301630603040200790630000201308
03040301630603040200870630000201308
03040301630603040200950630000201308
03040301630603040201090630000201308
03040301630603040201170630000201308
03040301630603040201250630000201308
03040301630603040201330630000201308
03040301630603040201410630000201308
03040301630603040201500630000201308
03040301630603040201680630000201308
03040301630603040201760630000201308
03040301630603040201840630000201308
03040301630603040201920630000201308
03040301630603040202060630000201308
03040301630603040202140630000201308
03040301630603040202220630000201308
03040301630603040202300630000201308
03040301630603040202490630000201308
03040301630603040202570630000201308
03040301630603040202650630000201308
03040301630603040202730630000201308
03040301630603040202810630000201308
03040301630603040202900630000201308
03040301630603040203030630000201308
03040301630603040203110630000201308
03040301630603040203200630000201308
03040301630603040203380630000201308
03040301630603040203460630000201308
03040301630603040203620630000201308
03040301630603040203700630000201308
03040301630603040400100630000201308
03040301630603040400290630000201308
03040301630603040400450630000201308
03040301630603040400530630000201308
03040301630603040400610630000201308
03040301630603040400700630000201308
03040301630603040400880630000201308
03040301630603040400960630000201308
03040301630603040401000630000201308
03040301630603040401180630000201308
03040301630603040401260630000201308
03040301630603040401340630000201308
03040301630603040401420630000201308
03040301630603040401500630000201308
03040301630603040401690630000201308
03040301630603040401850630000201308
03040301630603040500240630000201308
03040301630603040500320630000201308
03040301630603040500400630000201308
03040301630603040500670630000201308
03040301630603040500750630000201308
03040301630603040501130630000201308
03040301630603040501210630000201308
03040301630603040501300630000201308
03040301630603040501640630000201308
03040301630603040501720630000201308
03040301630603040501800630000201308
03040301630603040502020630000201308
03040301630603040502100630000201308
03040301630603040502290630000201308
03040301630603040502610630000201308
03040301630603040502700630000201308
03040301630603040502880630000201308
03040301630603040502960630000201308
03040301630603040503000630000201308
03040301630603040503180630000201308
03040301630603040503260630000201308
03040301630603040601510630000201308
03040301630603040601600630000201308
03040301630603040601780630000201308
03040301630603040601860630000201308
03040301630603040602080630000201308
03040301630603040602160630000201308
03040301630603040800550630001201308
03040301630603040800550710001201308
03040301710603040800550630001201308
03040301710603040800550710001201308
03040301800603040200100630000201308
03040301800603040200280630000201308
03040301800603040200360630000201308
03040301800603040200440630000201308
03040301800603040200520630000201308
03040301800603040200600630000201308
03040301800603040200790630000201308
03040301800603040200870630000201308
03040301800603040200950630000201308
03040301800603040201090630000201308
03040301800603040201170630000201308
03040301800603040201250630000201308
03040301800603040201330630000201308
03040301800603040201410630000201308
03040301800603040201500630000201308
03040301800603040201680630000201308
03040301800603040201760630000201308
03040301800603040201840630000201308
03040301800603040201920630000201308
03040301800603040202060630000201308
03040301800603040202140630000201308
03040301800603040202220630000201308
03040301800603040202300630000201308
03040301800603040202490630000201308
03040301800603040202570630000201308
03040301800603040202650630000201308
03040301800603040202730630000201308
03040301800603040202810630000201308
03040301800603040202900630000201308
03040301800603040203030630000201308
03040301800603040203110630000201308
03040301800603040203200630000201308
03040301800603040203380630000201308
03040301800603040203460630000201308
03040301800603040203620630000201308
03040301800603040203700630000201308
03040301800603040400100630000201308
03040301800603040400290630000201308
03040301800603040400450630000201308
03040301800603040400530630000201308
03040301800603040400610630000201308
03040301800603040400700630000201308
03040301800603040400880630000201308
03040301800603040400960630000201308
03040301800603040401000630000201308
03040301800603040401180630000201308
03040301800603040401260630000201308
03040301800603040401340630000201308
03040301800603040401420630000201308
03040301800603040401500630000201308
03040301800603040401690630000201308
03040301800603040401850630000201308
03040301800603040500240630000201308
03040301800603040500320630000201308
03040301800603040500400630000201308
03040301800603040500670630000201308
03040301800603040500750630000201308
03040301800603040501130630000201308
03040301800603040501210630000201308
03040301800603040501300630000201308
03040301800603040501640630000201308
03040301800603040501720630000201308
03040301800603040501800630000201308
03040301800603040502020630000201308
03040301800603040502100630000201308
03040301800603040502290630000201308
03040301800603040502610630000201308
03040301800603040502700630000201308
03040301800603040502880630000201308
03040301800603040502960630000201308
03040301800603040503000630000201308
03040301800603040503180630000201308
03040301800603040503260630000201308
03040301800603040601510630000201308
03040301800603040601600630000201308
03040301800603040601780630000201308
03040301800603040601860630000201308
03040301800603040602080630000201308
03040301800603040602160630000201308
03040301800603040800550630001201308
03040301800603040800550710001201308
03040301800603040800710630001201308
03040301800603040800710710001201308
03040301980603040800550630001201308
03040301980603040800550710001201308
03040301980603040800710630001201308
03040301980603040800710710001201308
03040302010603040800550630001201308
03040302010603040800550710001201308
03040302100603040800550630001201308
03040302100603040800550710001201308
03040302280603040401850630000201308
03040302280603040502610630000201308
03040302280603040502700630000201308
03040302280603040502880630000201308
03040302280603040502960630000201308
03040302280603040503000630000201308
03040302280603040503180630000201308
03040302280603040503260630000201308
03040401850603040400290620000201308
03040500160603040200360630001201308
03040500160603040200600630001201308
03040500160603040200790630001201308
03040500160603040203380630001201308
03040500160603040203460630001201308
03040500160603040300150630001201308
03040500160603040300310630001201308
03040500160603040300580630001201308
03040500160603040300740630001201308
03040500160603040301630630000201308
03040500160603040301800630001201308
03040500160603040500400630001201308
03040500160603040501130630001201308
03040500160603040501210630001201308
03040500240603040301200630000201308
03040500400603040200100630000201308
03040500400603040200280630000201308
03040500400603040200440630000201308
03040500400603040200520630000201308
03040500400603040200870630000201308
03040500400603040200950630000201308
03040500400603040201090630000201308
03040500400603040201170630000201308
03040500400603040201250630000201308
03040500400603040201500630000201308
03040500400603040201680630000201308
03040500400603040201760630000201308
03040500400603040201840630000201308
03040500400603040201920630000201308
03040500400603040202060630000201308
03040500400603040202140630000201308
03040500400603040202220630000201308
03040500400603040202300630000201308
03040500400603040202490630000201308
03040500400603040202570630000201308
03040500400603040202650630000201308
03040500400603040202730630000201308
03040500400603040202810630000201308
03040500400603040202900630000201308
03040500400603040203030630000201308
03040500400603040203110630000201308
03040500400603040203200630000201308
03040500400603040203620630000201308
03040500400603040203700630000201308
03040500400603040300150630000201308
03040500400603040300230630000201308
03040500400603040300310630000201308
03040500400603040300400630000201308
03040500400603040300580630000201308
03040500400603040300660630001201308
03040500400603040300740630001201308
03040500400603040300820630000201308
03040500400603040300900630000201308
03040500400603040301040630000201308
03040500400603040301120630000201308
03040500400603040301200630000201308
03040500400603040301390630000201308
03040500400603040301470630000201308
03040500400603040301550630000201308
03040500400603040301630630000201308
03040500400603040301710630000201308
03040500400603040301800630000201308
03040500400603040301980630000201308
03040500400603040302010630000201308
03040500400603040302100630000201308
03040500400603040400100630000201308
03040500400603040400450630000201308
03040500400603040400530630000201308
03040500400603040400610630000201308
03040500400603040400700630000201308
03040500400603040400880630000201308
03040500400603040400960630000201308
03040500400603040401000630000201308
03040500400603040401180630000201308
03040500400603040401260630000201308
03040500400603040401340630000201308
03040500400603040401420630000201308
03040500400603040401500630000201308
03040500400603040401690630000201308
03040500400603040500240630000201308
03040500400603040500320630000201308
03040500400603040501640630000201308
03040500400603040501720630000201308
03040500400603040501800630000201308
03040500400603040502020630000201308
03040500400603040502100630000201308
03040500400603040502290630000201308
03040500400603040502960630000201308
03040500400603040503260630000201308
03040500400603040600110630000201308
03040500400603040600380630000201308
03040500400603040600460630000201308
03040500400603040600700630000201308
03040500400603040600890630000201308
03040500400603040600970630000201308
03040500400603040601000630000201308
03040500400603040601190630000201308
03040500400603040601270630000201308
03040500400603040601350630000201308
03040500400603040601510630000201308
03040500400603040601600630000201308
03040500400603040601780630000201308
03040500400603040601860630000201308
03040500400603040602080630000201308
03040500400603040602160630000201308
03040501130603040200100630000201308
03040501130603040200280630000201308
03040501130603040200440630000201308
03040501130603040200520630000201308
03040501130603040200870630000201308
03040501130603040200950630000201308
03040501130603040201090630000201308
03040501130603040201170630000201308
03040501130603040201250630000201308
03040501130603040201500630000201308
03040501130603040201680630000201308
03040501130603040201760630000201308
03040501130603040201840630000201308
03040501130603040201920630000201308
03040501130603040202060630000201308
03040501130603040202140630000201308
03040501130603040202220630000201308
03040501130603040202300630000201308
03040501130603040202490630000201308
03040501130603040202570630000201308
03040501130603040202650630000201308
03040501130603040202730630000201308
03040501130603040202810630000201308
03040501130603040202900630000201308
03040501130603040203030630000201308
03040501130603040203110630000201308
03040501130603040203200630000201308
03040501130603040203620630000201308
03040501130603040203700630000201308
03040501130603040300150630000201308
03040501130603040300230630000201308
03040501130603040300310630000201308
03040501130603040300400630000201308
03040501130603040300580630000201308
03040501130603040300660630001201308
03040501130603040300740630001201308
03040501130603040300820630000201308
03040501130603040300900630000201308
03040501130603040301040630000201308
03040501130603040301120630000201308
03040501130603040301200630000201308
03040501130603040301390630000201308
03040501130603040301470630000201308
03040501130603040301550630000201308
03040501130603040301630630000201308
03040501130603040301710630000201308
03040501130603040301800630000201308
03040501130603040301980630000201308
03040501130603040302010630000201308
03040501130603040302100630000201308
03040501130603040400100630000201308
03040501130603040400450630000201308
03040501130603040400530630000201308
03040501130603040400610630000201308
03040501130603040400700630000201308
03040501130603040400880630000201308
03040501130603040400960630000201308
03040501130603040401000630000201308
03040501130603040401180630000201308
03040501130603040401260630000201308
03040501130603040401340630000201308
03040501130603040401420630000201308
03040501130603040401500630000201308
03040501130603040401690630000201308
03040501130603040500240630000201308
03040501130603040500320630000201308
03040501130603040501640630000201308
03040501130603040501720630000201308
03040501130603040501800630000201308
03040501130603040502020630000201308
03040501130603040502100630000201308
03040501130603040502290630000201308
03040501130603040503180630000201308
03040501130603040503260630000201308
03040501130603040600110630000201308
03040501130603040600380630000201308
03040501130603040600460630000201308
03040501130603040600700630000201308
03040501130603040600890630000201308
03040501130603040600970630000201308
03040501130603040601000630000201308
03040501130603040601190630000201308
03040501130603040601270630000201308
03040501130603040601350630000201308
03040501130603040601510630000201308
03040501130603040601600630000201308
03040501130603040601780630000201308
03040501130603040601860630000201308
03040501130603040602080630000201308
03040501130603040602160630000201308
03040501210603040200100630000201308
03040501210603040200280630000201308
03040501210603040200440630000201308
03040501210603040200520630000201308
03040501210603040200600630000201308
03040501210603040200790630000201308
03040501210603040200870630000201308
03040501210603040200950630000201308
03040501210603040201090630000201308
03040501210603040201170630000201308
03040501210603040201250630000201308
03040501210603040201500630000201308
03040501210603040201680630000201308
03040501210603040201760630000201308
03040501210603040201840630000201308
03040501210603040201920630000201308
03040501210603040202060630000201308
03040501210603040202140630000201308
03040501210603040202220630000201308
03040501210603040202300630000201308
03040501210603040202490630000201308
03040501210603040202570630000201308
03040501210603040202650630000201308
03040501210603040202730630000201308
03040501210603040202810630000201308
03040501210603040202900630000201308
03040501210603040203030630000201308
03040501210603040203110630000201308
03040501210603040203200630000201308
03040501210603040203620630000201308
03040501210603040203700630000201308
03040501210603040300150630000201308
03040501210603040300230630000201308
03040501210603040300310630000201308
03040501210603040300400630000201308
03040501210603040300580630000201308
03040501210603040300660630001201308
03040501210603040300740630001201308
03040501210603040300820630000201308
03040501210603040300900630000201308
03040501210603040301040630000201308
03040501210603040301120630000201308
03040501210603040301200630000201308
03040501210603040301390630000201308
03040501210603040301470630000201308
03040501210603040301550630000201308
03040501210603040301630630000201308
03040501210603040301710630000201308
03040501210603040301800630000201308
03040501210603040301980630000201308
03040501210603040302010630000201308
03040501210603040302100630000201308
03040501210603040400100630000201308
03040501210603040400290630000201308
03040501210603040400450630000201308
03040501210603040400530630000201308
03040501210603040400610630000201308
03040501210603040400700630000201308
03040501210603040400880630000201308
03040501210603040400960630000201308
03040501210603040401000630000201308
03040501210603040401180630000201308
03040501210603040401260630000201308
03040501210603040401340630000201308
03040501210603040401420630000201308
03040501210603040401500630000201308
03040501210603040401690630000201308
03040501210603040500240630000201308
03040501210603040500320630000201308
03040501210603040501640630000201308
03040501210603040501720630000201308
03040501210603040501800630000201308
03040501210603040502020630000201308
03040501210603040502100630000201308
03040501210603040502290630000201308
03040501210603040503000630000201308
03040501210603040503260630000201308
03040501210603040600110630000201308
03040501210603040600380630000201308
03040501210603040600460630000201308
03040501210603040600700630000201308
03040501210603040600890630000201308
03040501210603040600970630000201308
03040501210603040601000630000201308
03040501210603040601190630000201308
03040501210603040601270630000201308
03040501210603040601350630000201308
03040501210603040601510630000201308
03040501210603040601600630000201308
03040501210603040601780630000201308
03040501210603040601860630000201308
03040501210603040602080630000201308
03040501210603040602160630000201308
03040502610603040501300620000201308
03040502700603040500750620000201308
03040600110603040800120710001201308
03040600110603040800550630001201308
03040600110603040800550710001201308
03040600380603040800120710001201308
03040600380603040800550630001201308
03040600380603040800550710001201308
03040600460603040800120710001201308
03040600460603040800550630001201308
03040600460603040800550710001201308
03040600700603040800120710001201308
03040600890603040800120710001201308
03040600970603040800120710000201308
03040601000603040800120710000201308
03040601190603040800120710001201308
03040601190603040800550630001201308
03040601190603040800550710001201308
03040601270603040800120710001201308
03040601270603040800550630001201308
03040601270603040800550710001201308
03040601350603040602240620001201308
03040601350603040800120710001201308
03040601350603040800550630001201308
03040601350603040800550710001201308
03040601510603040800120710001201308
03040601510603040800550630001201308
03040601510603040800550710001201308
03040601600603040800120710001201308
03040601600603040800550630001201308
03040601600603040800550710001201308
03040601780603040800120710001201308
03040601780603040800550630001201308
03040601780603040800550710001201308
03040601860603040800120710001201308
03040601860603040800550630001201308
03040601860603040800550710001201308
03040602080603040800120710001201308
03040602080603040800550630001201308
03040602080603040800550710001201308
03040602160603040800120710001201308
03040602160603040800550630001201308
03040602160603040800550710001201308
03040602240603040800120710001201308
03040700170603040800120710001201308
03040700170603040800550630001201308
03040700170603040800550710001201308
03040700170603040800710630001201308
03040700170603040800710710001201308
03040700250603040800120710001201308
03040700250603040800550630001201308
03040700250603040800550710001201308
03040700250603040800710630001201308
03040700250603040800710710001201308
03040700330603040800120710001201308
03040700330603040800550630001201308
03040700330603040800550710001201308
03040700330603040800710630001201308
03040700330603040800710710001201308
03040700410603040800120710001201308
03040700410603040800550630001201308
03040700410603040800550710001201308
03040700410603040800710630001201308
03040700410603040800710710001201308
03040700500603040800120710001201308
03040700500603040800550630001201308
03040700500603040800550710001201308
03040700500603040800710630001201308
03040700500603040800710710001201308
03040800200304060206120410001201308
03040800390304060206120410001201308
03050100260602020102100710001201308
03050100260602020102790710001201308
03050100260602020102870710001201308
03050100260602020102950710001201308
03050100260602020103170710002201308
03050100260602020103840710001201308
03050100260602020103920710001201308
03050100260602020104220710001201308
03050100260602020104300710002201308
03050100260602020104730710002201308
03050100260602020106000710002201308
03050100260602020106270710001201308
03050100260602020106510710001201308
03050100260602020106600710001201308
03050100260602020106780710001201308
03050100260602020106940710002201308
03050100260602020203040710002201308
03050100260602020203710710002201308
03050100260602020203800710002201308
03050100260602020303000710001201308
03050100260602020306360710001201308
03050100260602020306790710001201308
03050100260602020308900710001201308
03050100260602020309700710001201308
03050100260602020602760710001201308
03050100260602020700850710001201308
03050100260602040301530710001201308
03050100260602050200460710001201308
03050100260603050100180710005201308
03050100260603050101820630000201308
03050100260604180100300630000201308
03050100260604180100800630000201308
03050100260604180100990710001201308
03050100260604180200350710002201308
03050100260607021000300710002201308
03050101070602020102100710002201308
03050101070602020102790710001201308
03050101070602020102870710001201308
03050101070602020102950710001201308
03050101070602020103170710002201308
03050101070602020103840710001201308
03050101070602020103920710001201308
03050101070602020104220710001201308
03050101070602020104300710002201308
03050101070602020104730710002201308
03050101070602020106000710002201308
03050101070602020106270710001201308
03050101070602020106510710001201308
03050101070602020106600710001201308
03050101070602020106780710001201308
03050101070602020106940710002201308
03050101070602020203040710002201308
03050101070602020203710710002201308
03050101070602020203800710002201308
03050101070602020303000710001201308
03050101070602020306360710001201308
03050101070602020306790710001201308
03050101070602020308900710001201308
03050101070602020309700710001201308
03050101070602020602760710001201308
03050101070602020700850710001201308
03050101070602040301530710001201308
03050101070602050200460710001201308
03050101070603050100930710005201308
03050101070603050101820630000201308
03050101070604180100300630000201308
03050101070604180100480630000201308
03050101070604180100640710003201308
03050101070604180100800630000201308
03050101070604180200350710003201308
03050101070607021000210710003201308
03050101070607021000990710003201308
03050101070607021001020710003201308
03050101150602020102100710002201308
03050101150602020102790710001201308
03050101150602020102870710001201308
03050101150602020102950710001201308
03050101150602020103170710002201308
03050101150602020103840710001201308
03050101150602020103920710001201308
03050101150602020104220710001201308
03050101150602020104300710002201308
03050101150602020104730710002201308
03050101150602020106000710002201308
03050101150602020106270710001201308
03050101150602020106510710001201308
03050101150602020106600710001201308
03050101150602020106780710001201308
03050101150602020106940710002201308
03050101150602020203040710002201308
03050101150602020203710710002201308
03050101150602020203800710002201308
03050101150602020303000710001201308
03050101150602020306360710001201308
03050101150602020306790710001201308
03050101150602020308900710001201308
03050101150602020309700710001201308
03050101150602020602760710001201308
03050101150602020700850710001201308
03050101150602040301530710001201308
03050101150602050200460710001201308
03050101150603050101230710005201308
03050101150603050101820630000201308
03050101150604180100300630000201308
03050101150604180100480630000201308
03050101150604180100640710003201308
03050101150604180100800630000201308
03050101150604180200350710003201308
03050101150607021000210710003201308
03050101150607021000990710003201308
03050101150607021001020710003201308
03050101310404180100560410000201308
03050101660602020102100710001201308
03050101660602020102790710001201308
03050101660602020102870710001201308
03050101660602020102950710001201308
03050101660602020103170710001201308
03050101660602020103840710001201308
03050101660602020103920710001201308
03050101660602020104220710001201308
03050101660602020104300710001201308
03050101660602020104730710001201308
03050101660602020106000710001201308
03050101660602020106270710001201308
03050101660602020106510710001201308
03050101660602020106600710001201308
03050101660602020106780710001201308
03050101660602020106940710001201308
03050101660602020203040710001201308
03050101660602020203710710001201308
03050101660602020203800710001201308
03050101660602020303000710001201308
03050101660602020306360710001201308
03050101660602020306790710001201308
03050101660602020308900710001201308
03050101660602020309700710001201308
03050101660602020602760710001201308
03050101660602020700850710001201308
03050101660602040301530710001201308
03050101660602050200460710001201308
03050101660604180100210630000201308
03050101660604180100300630000201308
03050101660604180100800630000201308
03050101660604180200350710001201308
03050101660607021000300710001201308
03050101660607021000480710001201308
03050101660607021000560710001201308
03050101660607021000640710001201308
03050101660607021000720710001201308
03050101660607021000800710001201308
03050101820602020102100710001201308
03050101820602020102790710001201308
03050101820602020102870710001201308
03050101820602020102950710001201308
03050101820602020103170710001201308
03050101820602020103840710001201308
03050101820602020103920710001201308
03050101820602020104220710001201308
03050101820602020104300710001201308
03050101820602020104730710001201308
03050101820602020106000710001201308
03050101820602020106270710001201308
03050101820602020106510710001201308
03050101820602020106600710001201308
03050101820602020106780710001201308
03050101820602020106940710001201308
03050101820602020203040710001201308
03050101820602020203710710001201308
03050101820602020203800710001201308
03050101820602020303000710001201308
03050101820602020306360710001201308
03050101820602020306790710001201308
03050101820602020308900710001201308
03050101820602020309700710001201308
03050101820602020602760710001201308
03050101820602020700850710001201308
03050101820602040301530710001201308
03050101820602050200460710001201308
03050101820603050101660630000201308
03050101820604180100300630000201308
03050101820604180100800630000201308
03050101820604180200350710001201308
03050101820607021000300710001201308
03050101820607021000720710001201308
03050200480304180100720410001201308
03070401000607010800430710006201308
03070401000607010800940710002201308
03070401190607010701610710002201308
03070401190607010701700710002201308
03090100710403090100470420000201308
03090100710403090100550420000201308
03090100710403090100630420000201308
03090100800403090100470420000201308
03090100800403090100550420000201308
03090100800403090100630420000201308
03090100980403090100470420000201308
03090100980403090100550420000201308
03090100980403090100630420000201308
03090301020603090301290630000201308
03090301020604090101700630000201308
03090301290603090301020630000201308
03090301290604090101700630000201308
03090600360407020508140410001201308
03100100390302020310980410001201308
03100100390302140100400410001201308
03100100390303010101450410002201308
03100100390303100100200410002201308
03100100390304170100280410001201308
03100100390306030400120410002201308
03100100390308010100470410002201308
03100100470302020310980410001201308
03100100470302140100400410001201308
03100100470303010101450410002201308
03100100470303100100200410002201308
03100100470304170100280410001201308
03100100470306030400120410002201308
03100100470308010100470410002201308
04010200290307020505390410000201308
04010200370307020505390410000201308
04030100120304030101280320000201308
04030100120304030102170320000201308
04030100120304030300300320000201308
04030100120304030300560320000201308
04030100120304030301290320000201308
04030100120304030301610320000201308
04030100120304080305000320000201308
04030100120304080305180320000201308
04030100120304080305340320000201308
04030100120304080305420320000201308
04030100120304080305500320000201308
04030100120304080305690320000201308
04030100120304080306150320000201308
04030100120304080306230320000201308
04030100120304080306310320000201308
04030100120304080306400320000201308
04030100120304080402110410000201308
04030100120307020300820410000201308
04030100120307020313800410000201308
04030100120307020504820410000201308
04030100200307020100900410001201308
04030100200307020504310410260201308
04030100200307020504400410260201308
04030100390304030100120320000201308
04030100390304030100980310000201308
04030100390304030101280320000201308
04030100390304030101440320000201308
04030100390304030102170320000201308
04030100390304030300300320000201308
04030100390304030300560320000201308
04030100390304030301290320000201308
04030100390304030301610320000201308
04030100390304080305000320000201308
04030100390304080305180320000201308
04030100390304080305340320000201308
04030100390304080305420320000201308
04030100390304080305500320000201308
04030100390304080305690320000201308
04030100390304080306150320000201308
04030100390304080306230320000201308
04030100390304080306310320000201308
04030100390304080306400320000201308
04030100390307020100900410001201308
04030100390307020504310410260201308
04030100390307020504400410260201308
04030100550307020504310410260201308
04030100550307020504400410260201308
04030100710307020504310410260201308
04030100710307020504400410260201308
04030100800307020102000410001201308
04030100980307020100570410001201308
04030100980307020100900410001201308
04030101010307020101110410001201308
04030101010307020101200410001201308
04030101100304030100120310000201308
04030101100307020313800410001201308
04030101280304030100980310000201308
04030101280304030101440320000201308
04030101280304030102170320000201308
04030101280304030300300320000201308
04030101280304030300560320000201308
04030101280304030301290320000201308
04030101280304030301610320000201308
04030101280304080305000320000201308
04030101280304080305180320000201308
04030101280304080305340320000201308
04030101280304080305420320000201308
04030101280304080305500320000201308
04030101280304080305690320000201308
04030101280304080306150320000201308
04030101280304080306230320000201308
04030101280304080306310320000201308
04030101280304080306400320000201308
04030101280307020500590410001201308
04030101360307020100300410001201308
04030101440304030100120310000201308
04030101440304030102170320000201308
04030101440304030300300320000201308
04030101440304030300560320000201308
04030101440304030301290320000201308
04030101440304030301610320000201308
04030101440304080305000320000201308
04030101440304080305180320000201308
04030101440304080305340320000201308
04030101440304080305420320000201308
04030101440304080305500320000201308
04030101440304080305690320000201308
04030101440304080306150320000201308
04030101440304080306230320000201308
04030101440304080306310320000201308
04030101440304080306400320000201308
04030101440304080402110410000201308
04030101440307020313800410000201308
04030101440307020504310410260201308
04030101440307020504400410260201308
04030101440307020504820410000201308
04030101870307020100300410001201308
04030101870307020100570410001201308
04030101870307020100810410001201308
04030101870307020102190410001201308
04030102170304030300300320000201308
04030102170304030300560320000201308
04030102170304030301290320000201308
04030102170304030301610320000201308
04030102170304080305000320000201308
04030102170304080305180320000201308
04030102170304080305340320000201308
04030102170304080305420320000201308
04030102170304080305500320000201308
04030102170304080305690320000201308
04030102170304080306150320000201308
04030102170304080306230320000201308
04030102170304080306310320000201308
04030102170304080306400320000201308
04030102170304080402110410000201308
04030102250307020100900410000201308
04030102410307020504310410260201308
04030102410307020504400410260201308
04030102500307020504310410260201308
04030102500307020504400410260201308
04030102680304030100120310000201308
04030102680307020100900410001201308
04030102680307020313800410001201308
04030102680307020504310410260201308
04030102680307020504400410260201308
04030102760304030100120310000201308
04030102760304030102680310000201308
04030102760304030102840310000201308
04030102760304030103060310000201308
04030102760307020100900410001201308
04030102760307020504310410260201308
04030102760307020504400410260201308
04030102840304030102680310000201308
04030102840304030102760310000201308
04030102840304030103060310000201308
04030102840307020100900410001201308
04030102840307020504310410260201308
04030102840307020504400410260201308
04030102920307020100900410001201308
04030102920307020504400410000201308
04030103060304030102680310000201308
04030103060304030102760310000201308
04030103060304030102840310000201308
04030103060307020100900410001201308
04030103060307020504310410260201308
04030103060307020504400410260201308
04030103140307020100900410001201308
04030103300304030100120310000201308
04030103300307020313800410001201308
04030103300307020504310410260201308
04030103300307020504400410260201308
04030103490307020100900410001201308
04030103570307020100900410001201308
04030103900307020100900410000201308
04030200180307020504310410260201308
04030200180307020504400410260201308
04030300300304030100980310000201308
04030300300304030301610320000201308
04030300300304080305000320000201308
04030300300304080305180320000201308
04030300300304080305340320000201308
04030300300304080305420320000201308
04030300300304080305500320000201308
04030300300304080305690320000201308
04030300300304080306150320000201308
04030300300304080306230320000201308
04030300300304080306310320000201308
04030300300304080306400320000201308
04030300300307020100900410001201308
04030300300307020504400410260201308
04030300480307020100900410001201308
04030300480307020504310410260201308
04030300480307020504400410260201308
04030300560304030100120310000201308
04030300560304030300300320000201308
04030300560304030301290320000201308
04030300560304030301610320000201308
04030300560304080305000320000201308
04030300560304080305180320000201308
04030300560304080305340320000201308
04030300560304080305420320000201308
04030300560304080305500320000201308
04030300560304080305690320000201308
04030300560304080306150320000201308
04030300560304080306230320000201308
04030300560304080306310320000201308
04030300560304080306400320000201308
04030300560307020300820410000201308
04030300560307020313800410000201308
04030300560307020504400410000201308
04030300800307020504310410260201308
04030300800307020504400410260201308
04030300990307020504310410260201308
04030300990307020504400410260201308
04030301020307020504310410260201308
04030301020307020504400410260201308
04030301290304030100120310000201308
04030301290304030300300320000201308
04030301290304030301610320000201308
04030301290304080305000320000201308
04030301290304080305180320000201308
04030301290304080305340320000201308
04030301290304080305420320000201308
04030301290304080305500320000201308
04030301290304080305690320000201308
04030301290304080306150320000201308
04030301290304080306230320000201308
04030301290304080306310320000201308
04030301290304080306400320000201308
04030301290307020100900410001201308
04030301290307020504400410260201308
04030301370304030100120310000201308
04030301450304030100120310000201308
04030301450307020100900410001201308
04030301450307020102270410000201308
04030301450307020102350410000201308
04030301450307020504400410260201308
04030301530304030100120310000201308
04030301530307020100900410001201308
04030301530307020102270410000201308
04030301530307020102350410000201308
04030301530307020504400410260201308
04030301610304070401610310000201308
04030301610304080301860310000201308
04030301610304080301940310000201308
04030301610304080302080310000201308
04030301610304080302160310000201308
04030301610304080302240310000201308
04030301610304080302320310000201308
04030301610304080302400310000201308
04030301610304080302670310000201308
04030301610304080302750310000201308
04030301610304080302910310000201308
04030301610304080305000320000201308
04030301610304080305180320000201308
04030301610304080305340320000201308
04030301610304080305420320000201308
04030301610304080305500320000201308
04030301610304080305690320000201308
04030301610304080306150320000201308
04030301610304080306230320000201308
04030301610304080306310320000201308
04030301610304080306400320000201308
04030301610304080402110410000201308
04030301610304120401740310000201308
04030301610307020504310410260201308
04030301610307020504400410260201308
04030400190307020100900410001201308
04030400190307020102270410000201308
04030400190307020102350410000201308
04030400190307020504400410260201308
04030400510307020100900410001201308
04030400510307020102270410000201308
04030400510307020102350410000201308
04030400510307020504310410260201308
04030400510307020504400410260201308
04030400600307020100900410001201308
04030400600307020102270410000201308
04030400600307020102350410000201308
04030400600307020504310410260201308
04030400600307020504400410260201308
04030400780307020100900410001201308
04030400780307020102270410000201308
04030400780307020102350410000201308
04030400780307020504310410260201308
04030400780307020504400410260201308
04030400860307020102270410000201308
04030400860307020102350410000201308
04030400940307020100900410001201308
04030400940307020102270410000201308
04030400940307020102350410000201308
04030400940307020504400410000201308
04030401080307020100900410001201308
04030401080307020102270410000201308
04030401080307020102350410000201308
04030401080307020504400410000201308
04030401160307020100900410001201308
04030401160307020102270410000201308
04030401160307020102350410000201308
04030401160307020504400410000201308
04030401240307020100900410001201308
04030401240307020102270410000201308
04030401240307020102350410000201308
04030401240307020504400410000201308
04030500570307020100220410001201308
04030500900307020100140410000201308
04030700150307020100490410001201308
04030700150307020101970410001201308
04030700150307020503500410001201308
04030700150307020503690410001201308
04030700150307020508060410001201308
04030700400307020100490410001201308
04030700400307020101380410010201308
04030700400307020101620410001201308
04030700400307020503500410001201308
04030700400307020503690410001201308
04030700400307020508060410001201308
04030700580307020100490410001201308
04030700580307020101380410010201308
04030700580307020101620410001201308
04030700580307020101970410001201308
04030700580307020503500410001201308
04030700580307020503690410001201308
04030700580307020508060410001201308
04030700820307020100490410001201308
04030700820307020101620410001201308
04030700820307020101890410001201308
04030700820307020501050410003201308
04030700900307020100140410003201308
04030700900307020100490410001201308
04030700900307020101620410001201308
04030700900307020101890410001201308
04030701040307020100490410001201308
04030701040307020101380410010201308
04030701040307020101620410001201308
04030701040307020503500410001201308
04030701040307020503690410001201308
04030701040307020508060410001201308
04030701120307020100490410001201308
04030701120307020101620410001201308
04030701120307020101700410003201308
04030701120307020503690410001201308
04030701120307020508060410001201308
04030701200307020100490410001201308
04030701200307020101620410001201308
04030701200307020101700410003201308
04030701200307020501050410003201308
04030701200307020503690410001201308
04030701200307020508060410001201308
04030701390307020100490410001201308
04030701390307020101620410001201308
04030701390307020503500410001201308
04030701390307020503690410001201308
04030701390307020504230410001201308
04030701390307020508060410001201308
04030701470307020100140410003201308
04030701470307020100490410001201308
04030701470307020101620410001201308
04030701470307020101890410001201308
04030701470307020508060410001201308
04030701550307020100490410000201308
04030701550307020101380410007201308
04030701550307020101620410000201308
04030701550307020503500410000201308
04030701550307020503690410000201308
04030701550307020508060410000201308
04030701630307020100490410000201308
04030701630307020101380410007201308
04030701630307020101620410000201308
04030701630307020101970410000201308
04030701630307020503500410000201308
04030701630307020503690410000201308
04030701630307020508060410000201308
04030800100307020101030410001201308
04030800290307020101540410001201308
04030800370307020100220410001201308
04030800370307020102510410000201308
04030801000307020101540410001201308
04040101050307020900180410001201308
04040101480307020900340410001201308
04040101800307020900420410001201308
04040101990307020900420410001201308
04040102100307020313800410001201308
04040102290307020313800410001201308
04040103770307020500240410001201308
04040105040304010200100310000201308
04040105040304010200290310000201308
04040105040304160800810310000201308
04040201780304010200290310000201308
04040201780304010200370310000201308
04040201780304040207390310000201308
04040201780304040207800310000201308
04040201780304130401510310000201308
04040201780304160800810310000201308
04040201780304160800900310000201308
04040201780307020202140410001201308
04040201780307020504820410001201308
04040202240304010200290310000201308
04040202240304010200370310000201308
04040202240304040302200310000201308
04040202240304080402110410000201308
04040202240304160800810310000201308
04040202240307020504820410006201308
04040202400304040302200310000201308
04040202400304080402110410000201308
04040202750304010200290310000201308
04040202750304010200370310000201308
04040202750304080402110410000201308
04040202750304160800810310000201308
04040202750304160800900310000201308
04040202910304080402110410000201308
04040202910304140200900410000201308
04040204290304080402110410000201308
04040204530304080402110410000201308
04040204530307020504820410005201308
04040204610307020504740410001201308
04040204610307020504820410005201308
04040204880307020504820410001201308
04040204960304040204450410000201308
04040204960307020504820410001201308
04040205000304040204450410000201308
04040205000304080402110410000201308
04040205000307020504740410001201308
04040205000307020504820410004201308
04040205180304080402110410000201308
04040205180307020504820410004201308
04040205260304080402110410000201308
04040205260307020504820410004201308
04040205340304080402110410000201308
04040205340307020504820410003201308
04040205500307020504820410002201308
04040205850307020202140410001201308
04040205930307020202140410001201308
04040206400304080402110410000201308
04040206400304160800810310000201308
04040206400307020504820410001201308
04040206580304080402110410000201308
04040206580304140200900410000201308
04040206580307020504820410001201308
04040206900304080402110410000201308
04040206900307020504820410006201308
04040207040307020504820410002201308
04040207120304080402110410000201308
04040207120304140200900410000201308
04040207200304040204450410000201308
04040207200307020504820410002201308
04040207710304040202750310000201308
04040207710304160800810310000201308
04040207800304010200290310000201308
04040207800304010200370310000201308
04040207800304130401510310000201308
04040207800304150200420310000201308
04040207800304160800810310000201308
04040207800307020504740410001201308
04040207800307020504820410004201308
04040300500307020202140410001201308
04040300500307020504820410005201308
04040300680304080402110410000201308
04040300680307020306190410002201308
04040300680307020504820410005201308
04040300840304080402110410000201308
04040300840304140200900410000201308
04040301300304080402110410000201308
04040301650304080402110410000201308
04040301900307020900180410001201308
04040302540304080402110410000201308
04040302540304140200900410000201308
04040302890304080402110410000201308
04040303270304080402110410000201308
04040303270307020504820410005201308
04050400670307020700410410001201308
04050400750307020700410410001201308
04050401560307020700410410001201308
04050401640307020504820410003201308
04050501350307020700500410001201308
04060100130307020401180410001201308
04060100130307020401500410001201308
04060100130307020402070410001201308
04060100130307020402150410001201308
04060100130307020402740410003201308
04060100130307020404440410001201308
04060100130307020404600410001201308
04060100130307020500160410001201308
04060100130308020200110410001201308
04060100210305040300270410001201308
04060100210307020401180410001201308
04060100210307020401500410001201308
04060100210307020401930410001201308
04060100210307020402070410001201308
04060100210307020402150410001201308
04060100210307020402740410004201308
04060100210307020404440410001201308
04060100210307020404520410001201308
04060100210307020404600410001201308
04060100210307020404790410001201308
04060100210307020500160410001201308
04060100210307020500670410001201308
04060100210307020501210410001201308
04060100210308020200110410001201308
04060100300305040300270410001201308
04060100300307020401180410001201308
04060100300307020401500410001201308
04060100300307020401930410001201308
04060100300307020402070410001201308
04060100300307020402150410001201308
04060100300307020402740410004201308
04060100300307020403470410001201308
04060100300307020403630410020201308
04060100300307020500160410001201308
04060100300308020200110410001201308
04060100480305040300270410001201308
04060100480307020401180410001201308
04060100480307020401500410001201308
04060100480307020401930410001201308
04060100480307020402070410001201308
04060100480307020402150410001201308
04060100480307020402740410004201308
04060100480307020403390410001201308
04060100480307020403550410001201308
04060100480307020403630410020201308
04060100480307020404440410001201308
04060100480307020404520410001201308
04060100480307020404600410001201308
04060100480307020404790410001201308
04060100480307020500160410001201308
04060100480308020200110410001201308
04060100560305040300270410001201308
04060100560307020401180410001201308
04060100560307020401500410001201308
04060100560307020401930410001201308
04060100560307020402070410001201308
04060100560307020402150410001201308
04060100560307020402740410004201308
04060100560307020403390410001201308
04060100560307020403550410001201308
04060100560307020403630410020201308
04060100560307020404440410001201308
04060100560307020404520410001201308
04060100560307020404600410001201308
04060100560307020404790410001201308
04060100560307020405410410001201308
04060100560307020405500410001201308
04060100560307020405760410001201308
04060100560307020500160410001201308
04060100560308020200110410001201308
04060100640307020401180410001201308
04060100640307020401500410001201308
04060100640307020401930410001201308
04060100640307020402070410001201308
04060100640307020402150410001201308
04060100640307020402740410004201308
04060100640307020403630410020201308
04060100640307020404440410001201308
04060100640307020404520410001201308
04060100640307020404600410001201308
04060100640307020404790410001201308
04060100640307020500160410001201308
04060100640308020200110410001201308
04060100720307020401180410001201308
04060100720307020401500410001201308
04060100720307020401930410001201308
04060100720307020402070410001201308
04060100720307020402150410001201308
04060100720307020402740410004201308
04060100720307020403390410001201308
04060100720307020403470410001201308
04060100720307020403550410001201308
04060100720307020403630410020201308
04060100720307020404440410001201308
04060100720307020404520410001201308
04060100720307020404600410001201308
04060100720307020404790410001201308
04060100720307020500160410001201308
04060100720308020200110410001201308
04060100800307020401180410001201308
04060100800307020401500410001201308
04060100800307020403470410001201308
04060100800307020403710410070201308
04060100990307020401180410001201308
04060100990307020401500410001201308
04060100990307020402740410002201308
04060100990307020403630410020201308
04060100990307020404440410001201308
04060100990307020404600410001201308
04060101100308020200110410001201308
04060101370307020401500410001201308
04060101370307020401930410001201308
04060101370307020402740410004201308
04060101370307020403390410001201308
04060101370307020403470410001201308
04060101370307020404520410001201308
04060101370307020404790410001201308
04060101370307020500160410001201308
04060101370307020500670410001201308
04060101370307020500750410001201308
04060101370307020501300410001201308
04060101370307020503420410001201308
04060101370308020200110410001201308
04060101530305040300270410001201308
04060101530307020401180410001201308
04060101530307020401500410001201308
04060101530307020402070410001201308
04060101530307020402150410001201308
04060101530307020402740410004201308
04060101530307020403120410001201308
04060101530307020403470410001201308
04060101530307020403550410001201308
04060101530307020403630410020201308
04060101530307020404440410001201308
04060101530307020404600410001201308
04060101530307020500160410001201308
04060101530308020200110410001201308
04060101610307020401180410001201308
04060101610307020401500410001201308
04060101610307020401930410001201308
04060101610307020402070410001201308
04060101610307020402150410001201308
04060101610307020402740410001201308
04060101610307020404440410001201308
04060101610307020404520410001201308
04060101610307020404600410001201308
04060101610307020404790410001201308
04060101610307020500160410001201308
04060101610308020200110410001201308
04060101700307020401180410001201308
04060101700307020401500410001201308
04060101700307020401930410001201308
04060101700307020402070410001201308
04060101700307020402150410001201308
04060101700307020402740410004201308
04060101700307020500160410001201308
04060101700307020501300410001201308
04060101700308020200110410001201308
04060101880307020401180410001201308
04060101880307020401500410001201308
04060101880307020403390410001201308
04060101880307020403470410001201308
04060101880307020403630410020201308
04060101880307020404440410001201308
04060101880307020404520410001201308
04060101880307020404600410001201308
04060101880307020404790410001201308
04060101880307020501300410001201308
04060101960307020401180410001201308
04060101960307020401500410001201308
04060101960307020402070410001201308
04060101960307020402150410001201308
04060101960307020402740410004201308
04060101960307020404440410001201308
04060101960307020404520410001201308
04060101960307020404600410001201308
04060101960307020404790410001201308
04060101960307020500160410001201308
04060101960308020200110410001201308
04060102000305040300270410001201308
04060102000307020401180410001201308
04060102000307020401500410001201308
04060102000307020401930410001201308
04060102000307020402070410001201308
04060102000307020402150410001201308
04060102000307020402740410004201308
04060102000307020404440410001201308
04060102000307020404520410001201308
04060102000307020404600410001201308
04060102000307020404790410001201308
04060102000307020405410410001201308
04060102000307020405500410001201308
04060102000307020405760410001201308
04060102000307020500160410001201308
04060102000307020501300410001201308
04060102000308020200110410001201308
04060102180307020401180410001201308
04060102180307020401500410001201308
04060102180307020401930410001201308
04060102180307020402070410001201308
04060102180307020402150410001201308
04060102180307020402740410004201308
04060102180307020404440410001201308
04060102180307020404520410001201308
04060102180307020404600410001201308
04060102180307020404790410001201308
04060102180307020500160410001201308
04060102180308020200110410001201308
04060102260307020401180410001201308
04060102260307020401500410001201308
04060102260307020402070410001201308
04060102260307020402150410001201308
04060102260307020402740410004201308
04060102260307020403630410020201308
04060102260307020404440410001201308
04060102260307020404600410001201308
04060102260307020500160410001201308
04060102260308020200110410001201308
04060102340307020401180410001201308
04060102340307020401500410001201308
04060102340307020401930410001201308
04060102340307020402070410001201308
04060102340307020402150410001201308
04060102340307020402740410004201308
04060102340307020403630410020201308
04060102340307020404440410001201308
04060102340307020404520410001201308
04060102340307020404600410001201308
04060102340307020404790410001201308
04060102340307020500160410001201308
04060102340308020200110410001201308
04060102420307020401180410001201308
04060102420307020401500410001201308
04060102420307020401930410001201308
04060102420307020402070410001201308
04060102420307020402150410001201308
04060102420307020402740410004201308
04060102420307020403630410020201308
04060102420307020404440410001201308
04060102420307020404520410001201308
04060102420307020404600410001201308
04060102420307020500160410001201308
04060102420308020200110410001201308
04060102500307020401180410001201308
04060102500307020401500410001201308
04060102500307020402070410001201308
04060102500307020402150410001201308
04060102500307020402740410004201308
04060102500307020403630410020201308
04060102500307020404440410001201308
04060102500307020404520410001201308
04060102500307020404600410001201308
04060102500307020404790410001201308
04060102500307020500160410001201308
04060102500308020200110410001201308
04060102690305040300270410001201308
04060102690307020401180410001201308
04060102690307020401500410001201308
04060102690307020402070410001201308
04060102690307020402150410001201308
04060102690307020402740410004201308
04060102690307020403120410001201308
04060102690307020403550410001201308
04060102690307020403630410020201308
04060102690307020404440410001201308
04060102690307020404520410001201308
04060102690307020404600410001201308
04060102690307020404790410001201308
04060102690307020500160410001201308
04060102690308020200110410001201308
04060102770305040300270410001201308
04060102770307020401180410001201308
04060102770307020401500410001201308
04060102770307020402070410001201308
04060102770307020402150410001201308
04060102770307020402740410004201308
04060102770307020403550410001201308
04060102770307020403630410020201308
04060102770307020404440410001201308
04060102770307020404520410001201308
04060102770307020404600410001201308
04060102770307020404790410001201308
04060102770307020500160410001201308
04060102770308020200110410001201308
04060102850305040300270410001201308
04060102850307020401180410001201308
04060102850307020401500410001201308
04060102850307020402070410001201308
04060102850307020402150410001201308
04060102850307020402740410004201308
04060102850307020403390410001201308
04060102850307020403470410001201308
04060102850307020403550410001201308
04060102850307020403630410020201308
04060102850307020404440410001201308
04060102850307020404600410001201308
04060102850307020405410410001201308
04060102850307020405500410001201308
04060102850307020405760410001201308
04060102850307020500160410001201308
04060102850308020200110410001201308
04060102930307020401180410001201308
04060102930307020401500410001201308
04060102930307020401930410001201308
04060102930307020402070410001201308
04060102930307020402150410001201308
04060102930307020402740410004201308
04060102930307020404440410001201308
04060102930307020404600410001201308
04060102930307020405410410001201308
04060102930307020405500410001201308
04060102930307020405680410001201308
04060102930307020405760410001201308
04060102930307020500160410001201308
04060102930308020200110410001201308
04060103070307020401180410001201308
04060103070307020401500410001201308
04060103070307020401930410001201308
04060103070307020402070410001201308
04060103070307020402150410001201308
04060103070307020402740410004201308
04060103070307020403550410001201308
04060103070307020403630410020201308
04060103070307020404520410001201308
04060103070307020404600410001201308
04060103070307020404790410001201308
04060103070307020500160410001201308
04060103070308020200110410001201308
04060103150307020401180410001201308
04060103150307020401500410001201308
04060103150307020401930410001201308
04060103150307020402070410001201308
04060103150307020402150410001201308
04060103150307020402740410002201308
04060103150307020403630410020201308
04060103150307020404440410001201308
04060103150307020404520410001201308
04060103150307020404600410001201308
04060103150307020404790410001201308
04060103150307020500160410001201308
04060103150308020200110410001201308
04060103230305040300270410001201308
04060103230307020401180410001201308
04060103230307020401500410001201308
04060103230307020401930410001201308
04060103230307020402070410001201308
04060103230307020402150410001201308
04060103230307020402740410004201308
04060103230307020403550410001201308
04060103230307020403630410020201308
04060103230307020404440410001201308
04060103230307020404520410001201308
04060103230307020404600410001201308
04060103230307020404790410001201308
04060103230307020405410410001201308
04060103230307020405500410001201308
04060103230307020405680410001201308
04060103230307020405760410001201308
04060103230307020500160410001201308
04060103230308020200110410001201308
04060103310305040300270410001201308
04060103310307020401180410001201308
04060103310307020401500410001201308
04060103310307020402070410001201308
04060103310307020402150410001201308
04060103310307020402740410004201308
04060103310307020403550410001201308
04060103310307020403630410020201308
04060103310307020404520410001201308
04060103310307020404600410001201308
04060103310307020404790410001201308
04060103310307020500160410001201308
04060103310308020200110410001201308
04060103400307020400290410001201308
04060103400307020401180410001201308
04060103400307020401500410001201308
04060103400307020401930410001201308
04060103400307020402070410001201308
04060103400307020402150410001201308
04060103400307020402740410004201308
04060103400307020404440410001201308
04060103400307020404520410001201308
04060103400307020404600410001201308
04060103400307020404790410001201308
04060103400307020405410410001201308
04060103400307020405500410001201308
04060103400307020500160410001201308
04060103400308020200110410001201308
04060103580305040300270410001201308
04060103580307020400290410001201308
04060103580307020401180410001201308
04060103580307020401500410001201308
04060103580307020401930410001201308
04060103580307020402070410001201308
04060103580307020402150410001201308
04060103580307020402740410004201308
04060103580307020404440410001201308
04060103580307020404520410001201308
04060103580307020404600410001201308
04060103580307020404790410001201308
04060103580307020405500410001201308
04060103580307020405680410001201308
04060103580307020405760410001201308
04060103580307020500160410001201308
04060103580308020200110410001201308
04060103660305040300270410001201308
04060103660307020401180410001201308
04060103660307020401500410001201308
04060103660307020402070410001201308
04060103660307020402150410001201308
04060103660307020402740410004201308
04060103660307020403120410001201308
04060103660307020403390410001201308
04060103660307020403470410001201308
04060103660307020403550410001201308
04060103660307020404440410001201308
04060103660307020404520410001201308
04060103660307020404600410001201308
04060103660307020404790410001201308
04060103660307020500160410001201308
04060103660308020200110410001201308
04060103740307020401180410001201308
04060103740307020401500410001201308
04060103740307020402070410001201308
04060103740307020402150410001201308
04060103740307020402740410004201308
04060103740307020403630410020201308
04060103740307020404440410001201308
04060103740307020404520410001201308
04060103740307020404600410001201308
04060103740307020500160410001201308
04060103740308020200110410001201308
04060103820307020401180410001201308
04060103820307020401500410001201308
04060103820307020401930410001201308
04060103820307020402070410001201308
04060103820307020402150410001201308
04060103820307020402740410004201308
04060103820307020403630410020201308
04060103820307020404440410001201308
04060103820307020404520410001201308
04060103820307020404790410001201308
04060103820307020500160410001201308
04060103820308020200110410001201308
04060103900305040300270410001201308
04060103900307020401180410001201308
04060103900307020401500410001201308
04060103900307020401930410001201308
04060103900307020402070410001201308
04060103900307020402150410001201308
04060103900307020402740410004201308
04060103900307020403120410001201308
04060103900307020403390410001201308
04060103900307020403470410001201308
04060103900307020403550410001201308
04060103900307020403630410020201308
04060103900307020404440410001201308
04060103900307020404520410001201308
04060103900307020404600410001201308
04060103900307020404790410001201308
04060103900307020405410410001201308
04060103900307020405500410001201308
04060103900307020405680410001201308
04060103900307020405760410001201308
04060103900307020500160410001201308
04060103900308020200110410001201308
04060104200305040300270410001201308
04060104200307020401180410001201308
04060104200307020401500410001201308
04060104200307020402070410001201308
04060104200307020402150410001201308
04060104200307020402740410004201308
04060104200307020403390410001201308
04060104200307020403470410001201308
04060104200307020403550410001201308
04060104200307020404440410001201308
04060104200307020404520410001201308
04060104200307020404600410001201308
04060104200307020404790410001201308
04060104200307020500160410001201308
04060104200308020200110410001201308
04060104390305040300270410001201308
04060104390307020401180410001201308
04060104390307020401500410001201308
04060104390307020401930410001201308
04060104390307020402150410001201308
04060104390307020402740410004201308
04060104390307020403390410001201308
04060104390307020403470410001201308
04060104390307020403550410001201308
04060104390307020404440410001201308
04060104390307020404520410001201308
04060104390307020404600410001201308
04060104390307020404790410001201308
04060104390307020405410410001201308
04060104390307020405500410001201308
04060104390307020405760410001201308
04060104390307020500160410001201308
04060104390307020500670410001201308
04060104390308020200110410001201308
04060104470305040300270410001201308
04060104470307020401180410001201308
04060104470307020401500410001201308
04060104470307020402070410001201308
04060104470307020402150410001201308
04060104470307020402740410004201308
04060104470307020403120410001201308
04060104470307020403390410001201308
04060104470307020403470410001201308
04060104470307020403550410001201308
04060104470307020403630410020201308
04060104470307020404440410001201308
04060104470307020404520410001201308
04060104470307020404600410001201308
04060104470307020404790410001201308
04060104470307020405410410001201308
04060104470307020405500410001201308
04060104470307020500160410001201308
04060104470308020200110410001201308
04060104550305040300270410001201308
04060104550307020401180410001201308
04060104550307020401500410001201308
04060104550307020401930410001201308
04060104550307020402150410001201308
04060104550307020402740410004201308
04060104550307020403390410001201308
04060104550307020403470410001201308
04060104550307020403550410001201308
04060104550307020403630410020201308
04060104550307020404440410001201308
04060104550307020404520410001201308
04060104550307020404600410001201308
04060104550307020404790410001201308
04060104550307020405410410001201308
04060104550307020405500410001201308
04060104550307020405680410001201308
04060104550307020405760410001201308
04060104550307020500160410001201308
04060104550308020200110410001201308
04060104630305040300270410001201308
04060104630307020401180410001201308
04060104630307020401500410001201308
04060104630307020402070410001201308
04060104630307020402150410001201308
04060104630307020402740410004201308
04060104630307020403390410001201308
04060104630307020403470410001201308
04060104630307020403550410001201308
04060104630307020403630410020201308
04060104630307020404440410001201308
04060104630307020404520410001201308
04060104630307020404600410001201308
04060104630307020404790410001201308
04060104630307020405410410001201308
04060104630307020500160410001201308
04060104630308020200110410001201308
04060104710307020401180410001201308
04060104710307020401500410001201308
04060104710307020402070410001201308
04060104710307020402150410001201308
04060104710307020402740410004201308
04060104710307020403390410001201308
04060104710307020403470410001201308
04060104710307020403630410020201308
04060104710307020404440410001201308
04060104710307020404520410001201308
04060104710307020404790410001201308
04060104710307020405410410001201308
04060104710307020500160410001201308
04060104710308020200110410001201308
04060104800307020401180410001201308
04060104800307020401500410001201308
04060104800307020401930410001201308
04060104800307020402070410001201308
04060104800307020402150410001201308
04060104800307020402740410004201308
04060104800307020404440410001201308
04060104800307020404520410001201308
04060104800307020404600410001201308
04060104800307020404790410001201308
04060104800307020500160410001201308
04060104800308020200110410001201308
04060104980307020401180410001201308
04060104980307020401500410001201308
04060104980307020402070410001201308
04060104980307020402150410001201308
04060104980307020402740410004201308
04060104980307020404440410001201308
04060104980307020404520410001201308
04060104980307020404600410001201308
04060104980307020404790410001201308
04060104980307020405410410001201308
04060104980307020405500410001201308
04060104980307020405680410001201308
04060104980307020405760410001201308
04060104980307020500160410001201308
04060104980308020200110410001201308
04060105010307020401180410001201308
04060105010307020401500410001201308
04060105010307020402740410002201308
04060105010307020403390410001201308
04060105010307020403470410001201308
04060105010307020403630410020201308
04060105010307020404440410001201308
04060105010307020404520410001201308
04060105010307020404600410001201308
04060105010307020404790410001201308
04060105010307020500670410001201308
04060105010307020501300410001201308
04060105360307020401180410001201308
04060105360307020401500410001201308
04060105360307020401930410001201308
04060105360307020402070410001201308
04060105360307020402150410001201308
04060105360307020402740410002201308
04060105360307020404440410001201308
04060105360307020404600410001201308
04060105360307020500160410001201308
04060105360307020501300410001201308
04060105360308020200110410001201308
04060105440307020401180410001201308
04060105440307020401500410001201308
04060105440307020401930410001201308
04060105440307020402070410001201308
04060105440307020402150410001201308
04060105440307020402740410001201308
04060105440307020404440410001201308
04060105440307020404520410001201308
04060105440307020404600410001201308
04060105440307020404790410001201308
04060105440307020500160410001201308
04060105440307020501300410001201308
04060105440308020200110410001201308
04060105520305040300270410001201308
04060105520307020401500410001201308
04060105520307020401930410001201308
04060105520307020402150410001201308
04060105520307020402740410004201308
04060105520307020403120410001201308
04060105520307020403550410001201308
04060105520307020404440410001201308
04060105520307020404520410001201308
04060105520307020404600410001201308
04060105520307020404790410001201308
04060105520307020405410410001201308
04060105520307020405500410001201308
04060105520307020500160410001201308
04060105520307020500670410001201308
04060105520307020501210410001201308
04060105520307020501300410001201308
04060105520307020503420410001201308
04060105520308020200110410001201308
04060105600307020400530410001201308
04060105600307020400610410001201308
04060105600307020402310410001201308
04060105600307020404010410001201308
04060105790307020400450410001201308
04060105790307020402400410002201308
04060105790307020402580410001201308
04060105790307020404010410002201308
04060105870307020400530410001201308
04060105870307020402310410001201308
04060105870307020402400410002201308
04060105870307020404010410002201308
04060105950307020400450410001201308
04060105950307020402580410001201308
04060105950307020405920410001201308
04060106090307020400450410001201308
04060106090307020405920410001201308
04060106170307020402580410001201308
04060106170307020404360410001201308
04060106170307020405920410001201308
04060106250307020402400410002201308
04060106250307020402580410001201308
04060106250307020404010410002201308
04060106250307020404360410001201308
04060106330307020404360410001201308
04060106330307020405920410001201308
04060106410307020402580410002201308
04060106410307020404100410001201308
04060106500307020402400410002201308
04060106500307020404010410002201308
04060106500307020404100410001201308
04060106680307020402580410001201308
04060106680307020404280410002201308
04060106760307020402400410001201308
04060106760307020404010410001201308
04060106760307020404280410001201308
04060106840307020402660410001201308
04060106840307020404010410001201308
04060106920305040300270410001201308
04060106920307020401500410001201308
04060106920307020401930410001201308
04060106920307020402150410001201308
04060106920307020402740410004201308
04060106920307020404440410001201308
04060106920307020404520410001201308
04060106920307020404600410001201308
04060106920307020404790410001201308
04060106920307020405410410001201308
04060106920307020405500410001201308
04060106920307020405680410001201308
04060106920307020405760410001201308
04060106920307020500160410001201308
04060106920307020500670410001201308
04060106920307020500750410001201308
04060106920307020501210410001201308
04060106920307020501300410001201308
04060106920307020503420410001201308
04060106920308020200110410001201308
04060107060307020401500410001201308
04060107060307020401930410001201308
04060107060307020402740410004201308
04060107060307020404440410001201308
04060107060307020404520410001201308
04060107060307020404600410001201308
04060107060307020404790410001201308
04060107060307020500160410001201308
04060107060307020500670410001201308
04060107060307020500750410001201308
04060107060307020501210410001201308
04060107060307020501300410001201308
04060107060307020503420410001201308
04060107060308020200110410001201308
04060107300307020401180410001201308
04060107300307020401500410001201308
04060107300307020401930410001201308
04060107300307020403630410020201308
04060107300308020200110410001201308
04060107570307020401500410001201308
04060107570307020401930410001201308
04060107570307020402150410001201308
04060107570307020402740410004201308
04060107570307020404440410001201308
04060107570307020404520410001201308
04060107570307020404600410001201308
04060107570307020404790410001201308
04060107570307020500160410001201308
04060107570307020501210410001201308
04060107570307020501300410001201308
04060107650307020401500410001201308
04060107650307020401930410001201308
04060107650307020402150410001201308
04060107650307020402740410003201308
04060107650307020404440410001201308
04060107650307020500160410001201308
04060107650307020501210410001201308
04060107650307020501300410001201308
04060107650307020503420410001201308
04060107810307020400290410001201308
04060107810307020401180410001201308
04060107810307020401500410001201308
04060107810307020402070410001201308
04060107810307020402150410001201308
04060107810307020402740410004201308
04060107810307020403630410020201308
04060107810307020404440410001201308
04060107810307020404520410001201308
04060107810307020404600410001201308
04060107810307020404790410001201308
04060107810307020405410410001201308
04060107810307020405500410001201308
04060107810307020500160410001201308
04060107810307020500670410001201308
04060107810307020501300410001201308
04060107810308020200110410001201308
04060108030307020400290410001201308
04060108030307020401500410001201308
04060108030307020401930410001201308
04060108030307020402150410001201308
04060108030307020402740410004201308
04060108030307020404440410001201308
04060108030307020404520410001201308
04060108030307020404600410001201308
04060108030307020404790410001201308
04060108030307020500160410001201308
04060108030307020500670410001201308
04060108030307020501210410001201308
04060108030307020501300410001201308
04060108030307020503420410001201308
04060108030308020200110410001201308
04060108110307020400290410001201308
04060108110307020401500410001201308
04060108110307020401930410001201308
04060108110307020402150410001201308
04060108110307020402740410004201308
04060108110307020404440410001201308
04060108110307020404520410001201308
04060108110307020404600410001201308
04060108110307020404790410001201308
04060108110307020500160410001201308
04060108110307020500670410001201308
04060108110307020500750410001201308
04060108110307020501210410001201308
04060108110307020501300410001201308
04060108110307020503420410001201308
04060108110308020200110410001201308
04060108200305040300270410001201308
04060108200307020400290410002201308
04060108200307020401500410001201308
04060108200307020401930410001201308
04060108200307020402150410001201308
04060108200307020402740410004201308
04060108200307020404440410001201308
04060108200307020404520410001201308
04060108200307020404600410001201308
04060108200307020404790410001201308
04060108200307020405410410003201308
04060108200307020405500410001201308
04060108200307020405680410001201308
04060108200307020405760410002201308
04060108200307020500160410001201308
04060108200307020500670410001201308
04060108200307020500750410001201308
04060108200307020501210410001201308
04060108200307020501300410001201308
04060108200307020503420410001201308
04060108200308020200110410001201308
04060108380307020401500410001201308
04060108380307020401930410001201308
04060108380307020402740410004201308
04060108380307020403390410001201308
04060108380307020403470410001201308
04060108380307020404440410001201308
04060108380307020404520410001201308
04060108380307020404600410001201308
04060108380307020404790410001201308
04060108380307020500160410001201308
04060108380307020500670410001201308
04060108380307020500750410001201308
04060108380307020501210410001201308
04060108380307020501300410001201308
04060108380307020503420410001201308
04060108380308020200110410001201308
04060108460305040300190410001201308
04060108460307020401500410001201308
04060108460307020401930410001201308
04060108460307020402740410004201308
04060108460307020403120410001201308
04060108460307020403390410001201308
04060108460307020403470410001201308
04060108460307020403550410001201308
04060108460307020404440410001201308
04060108460307020404520410001201308
04060108460307020404600410001201308
04060108460307020404790410001201308
04060108460307020405410410001201308
04060108460307020405500410001201308
04060108460307020405760410001201308
04060108460307020500160410001201308
04060108460307020500670410001201308
04060108460307020500750410001201308
04060108460307020501210410001201308
04060108460307020501300410001201308
04060108460307020503420410001201308
04060108460308020200110410001201308
04060108890307020401500410001201308
04060108890307020401930410001201308
04060108890307020402150410001201308
04060108890307020402740410004201308
04060108890307020404440410001201308
04060108890307020404520410001201308
04060108890307020404600410001201308
04060108890307020404790410001201308
04060108890307020405410410001201308
04060108890307020405760410001201308
04060108890307020500160410001201308
04060108890307020501210410001201308
04060108890307020501300410001201308
04060108890307020503420410001201308
04060108890308020200110410001201308
04060108970307020401180410001201308
04060108970307020401500410001201308
04060108970307020401930410001201308
04060108970307020402070410001201308
04060108970307020402150410001201308
04060108970307020402740410004201308
04060108970307020404440410001201308
04060108970307020404600410001201308
04060108970307020500160410001201308
04060108970308020200110410001201308
04060109000307020401180410001201308
04060109000307020401500410001201308
04060109000307020401930410001201308
04060109000307020402070410001201308
04060109000307020402150410001201308
04060109000307020402740410004201308
04060109000307020404440410001201308
04060109000307020404520410001201308
04060109000307020404600410001201308
04060109000307020404790410001201308
04060109000307020500160410001201308
04060109000307020501210410001201308
04060109000307020501300410001201308
04060109000308020200110410001201308
04060109270302110200100410001201308
04060109270302110200280410001201308
04060109270307020401500410001201308
04060109270307020401930410001201308
04060109270307020402740410004201308
04060109270307020500160410001201308
04060109270307020500670410001201308
04060109270307020500750410001201308
04060109270307020501210410001201308
04060109270307020501300410001201308
04060109270307020503420410001201308
04060109270308020200110410001201308
04060109350302110200100410001201308
04060109350302110200280410001201308
04060109350307020401500410001201308
04060109350307020401930410001201308
04060109350307020402740410004201308
04060109350307020500160410001201308
04060109350307020500670410001201308
04060109350307020500750410001201308
04060109350307020501210410001201308
04060109350307020501300410001201308
04060109350307020503420410001201308
04060109350308020200110410001201308
04060109430302110200100410001201308
04060109430302110200280410001201308
04060109430307020401500410001201308
04060109430307020402740410004201308
04060109430307020500670410001201308
04060109430307020500750410001201308
04060109430307020501210410001201308
04060109430307020503420410001201308
04060109510302110200100410001201308
04060109510302110200280410001201308
04060109510307020401500410001201308
04060109510307020402740410004201308
04060109510307020500670410001201308
04060109510307020500750410001201308
04060109510307020501210410001201308
04060109510307020503420410001201308
04060109860307020401500410001201308
04060109860307020401930410001201308
04060109860307020402740410004201308
04060109860307020403390410001201308
04060109860307020403470410001201308
04060109860307020404440410001201308
04060109860307020404600410001201308
04060109860307020404790410001201308
04060109860307020500160410001201308
04060109860307020500670410001201308
04060109860307020500750410001201308
04060109860307020501210410001201308
04060109860307020501300410001201308
04060109860307020503420410001201308
04060109860308020200110410001201308
04060109940305040300190410001201308
04060109940307020401500410001201308
04060109940307020401930410001201308
04060109940307020402740410004201308
04060109940307020403120410001201308
04060109940307020403390410001201308
04060109940307020403470410070201308
04060109940307020403550410001201308
04060109940307020403710410070201308
04060109940307020404440410001201308
04060109940307020404520410001201308
04060109940307020404600410001201308
04060109940307020404790410001201308
04060109940307020500160410001201308
04060109940307020500670410001201308
04060109940307020500750410001201308
04060109940307020501210410001201308
04060109940307020501300410001201308
04060109940307020503420410001201308
04060109940308020200110410001201308
04060110010307020401850410001201308
04060110100307020402310410001201308
04060110100307020404010410001201308
04060110280307020402310410001201308
04060110280307020404010410001201308
04060110360307020402400410002201308
04060110360307020404010410002201308
04060110440307020402400410001201308
04060110440307020404010410001201308
04060110520307020402400410002201308
04060110520307020404010410002201308
04060110790307020402400410001201308
04060110790307020404010410001201308
04060110870307020402400410002201308
04060110870307020404010410002201308
04060110950307020401850410001201308
04060111090307020400530410001201308
04060111170307020400450410001201308
04060111250307020404100410001201308
04060111330307020404280410001201308
04060111410307020404360410001201308
04060111500307020402400410001201308
04060111500307020404010410001201308
04060111500307020404280410001201308
04060111680307020400530410001201308
04060111680307020402310410001201308
04060111680307020404010410001201308
04060111760307020400450410001201308
04060111760307020405920410001201308
04060111840307020402400410002201308
04060111840307020404010410002201308
04060111840307020404100410001201308
04060111920307020404360410001201308
04060111920307020405920410001201308
04060112060302110200100410001201308
04060112060302110200280410001201308
04060112060305040300270410001201308
04060112060307020401500410001201308
04060112060307020401930410001201308
04060112060307020402740410004201308
04060112060307020404440410001201308
04060112060307020404520410001201308
04060112060307020404600410001201308
04060112060307020405410410002201308
04060112060307020405760410002201308
04060112060307020500160410001201308
04060112060307020500670410001201308
04060112060307020500750410001201308
04060112060307020501210410001201308
04060112060307020501300410001201308
04060112060307020503420410001201308
04060112060308020200110410001201308
04060112140305040300270410001201308
04060112140307020401180410001201308
04060112140307020401500410001201308
04060112140307020401930410001201308
04060112140307020402070410001201308
04060112140307020402150410001201308
04060112140307020402740410004201308
04060112140307020403120410001201308
04060112140307020403550410001201308
04060112140307020403630410020201308
04060112140307020500160410001201308
04060112140308020200110410001201308
04060112220307020401180410001201308
04060112220307020401500410001201308
04060112220307020402740410004201308
04060112220307020403390410001201308
04060112220307020403470410001201308
04060112220307020403630410020201308
04060112220307020404440410001201308
04060112220307020404520410001201308
04060112220307020404600410001201308
04060112220307020404790410001201308
04060112300307020401180410001201308
04060112300307020401500410001201308
04060112300307020401930410001201308
04060112300307020402070410001201308
04060112300307020402150410001201308
04060112300307020402740410002201308
04060112300307020403470410001201308
04060112300307020403710410070201308
04060112300307020500160410001201308
04060112300308020200110410001201308
04060112490307020401180410001201308
04060112490307020401500410001201308
04060112490307020401930410001201308
04060112490307020402070410001201308
04060112490307020402150410001201308
04060112490307020402740410004201308
04060112490307020403390410001201308
04060112490307020403470410001201308
04060112490307020403630410020201308
04060112490307020404440410001201308
04060112490307020404520410001201308
04060112490307020404600410001201308
04060112490307020404790410001201308
04060112490307020500160410001201308
04060112490307020501300410001201308
04060112490308020200110410001201308
04060112570307020401180410001201308
04060112570307020401500410001201308
04060112570307020401930410001201308
04060112570307020402150410001201308
04060112570307020402740410004201308
04060112570307020403630410020201308
04060112570307020404440410001201308
04060112570307020404520410001201308
04060112570307020404600410001201308
04060112570307020404790410001201308
04060112570307020500160410001201308
04060112570308020200110410001201308
04060200190307020401500410001201308
04060200190307020403390410001201308
04060200190307020403630410020201308
04060200190307020500590410001201308
04060200190307020501300410001201308
04060200350307020401500410001201308
04060200350307020403630410020201308
04060200350307020500590410001201308
04060200350307020501300410001201308
04060200430307020401500410001201308
04060200430307020403200410001201308
04060200430307020403390410001201308
04060200430307020403710410070201308
04060200430307020500590410001201308
04060200430307020500670410001201308
04060200430307020501300410001201308
04060200430307020503420410001201308
04060200510307020401500410001201308
04060200510307020401930410001201308
04060200510307020403200410001201308
04060200510307020403390410001201308
04060200510307020403470410001201308
04060200510307020403710410070201308
04060200510307020500160410001201308
04060200510307020500670410001201308
04060200510307020500750410001201308
04060200510307020503420410001201308
04060200510308020200110410001201308
04060200780307020500910410001201308
04060201240307020500590410002201308
04060203020307020403390410001201308
04060203020307020403470410001201308
04060203020307020403630410020201308
04060203020307020404440410001201308
04060203020307020404600410001201308
04060203020307020500590410001201308
04060203100307020401500410001201308
04060203100307020403390410002201308
04060203100307020403710410070201308
04060203100307020500590410001201308
04060203290307020401500410001201308
04060203290307020403390410002201308
04060203290307020403710410070201308
04060203290307020500590410001201308
04060203370307020401500410001201308
04060203370307020403200410001201308
04060203370307020403390410001201308
04060203370307020403710410070201308
04060203370307020500590410001201308
04060203450307020403390410001201308
04060203450307020403470410001201308
04060203450307020403710410070201308
04060203450307020500590410001201308
04060203530307020401500410001201308
04060203530307020403200410001201308
04060203530307020403390410001201308
04060203530307020403710410070201308
04060203530307020404440410001201308
04060203530307020404520410001201308
04060203530307020500590410001201308
04060203610307020401500410001201308
04060203610307020403200410001201308
04060203610307020403710410070201308
04060203610307020404440410001201308
04060203610307020404520410001201308
04060203610307020500590410001201308
04060203700307020403390410001201308
04060203700307020403630410020201308
04060203700307020404440410001201308
04060203700307020500590410001201308
04060203880307020401500410001201308
04060203880307020403390410001201308
04060203880307020403710410070201308
04060203880307020404440410001201308
04060203880307020404520410001201308
04060203880307020500590410001201308
04060203960307020401500410001201308
04060203960307020403390410001201308
04060203960307020403710410070201308
04060203960307020404440410001201308
04060203960307020500590410001201308
04060204000307020401500410001201308
04060204000307020403390410001201308
04060204000307020403710410070201308
04060204000307020404440410001201308
04060204000307020500590410001201308
04060204180307020401500410001201308
04060204180307020403390410001201308
04060204180307020403630410020201308
04060204180307020404440410001201308
04060204180307020500590410001201308
04060204260307020403390410001201308
04060204260307020403470410001201308
04060204260307020403710410070201308
04060204260307020500590410001201308
04060204340307020403390410001201308
04060204340307020403470410001201308
04060204340307020403710410070201308
04060204340307020500590410001201308
04060204420307020403390410001201308
04060204420307020403470410001201308
04060204420307020403710410070201308
04060204420307020500590410001201308
04060204500307020403390410001201308
04060204500307020403470410001201308
04060204500307020403710410070201308
04060204500307020500590410001201308
04060204690307020500590410001201308
04060204770307020500590410001201308
04060204850307020401500410001201308
04060204850307020403390410001201308
04060204850307020403470410001201308
04060204850307020403630410020201308
04060204850307020404440410001201308
04060204850307020404600410001201308
04060204850307020500590410001201308
04060204930307020403390410001201308
04060204930307020403470410001201308
04060204930307020403710410070201308
04060204930307020500590410001201308
04060205070307020403390410002201308
04060205070307020403470410002201308
04060205070307020403710410070201308
04060205070307020500590410004201308
04060205150307020403390410001201308
04060205150307020403470410001201308
04060205150307020403710410070201308
04060205150307020500590410002201308
04060205230307020403390410002201308
04060205230307020403470410002201308
04060205230307020403710410070201308
04060205230307020500590410004201308
04060205310307020403200410001201308
04060205310307020403390410001201308
04060205310307020403470410001201308
04060205310307020403710410070201308
04060205310307020500590410002201308
04060205400307020401500410001201308
04060205400307020403390410001201308
04060205400307020403470410001201308
04060205400307020403710410070201308
04060205400307020500590410002201308
04060205580307020500590410001201308
04060205820307020401500410001201308
04060205820307020401930410001201308
04060205820307020403200410001201308
04060205820307020403390410001201308
04060205820307020403470410001201308
04060205820307020500160410001201308
04060205820307020500670410001201308
04060205820307020500750410001201308
04060205820307020503420410001201308
04060205820308020200110410001201308
04060205900307020500590410002201308
04060206040307020403630410020201308
04060206040307020500590410001201308
04060206120407020500910410001201308
04060300140302110200100410001201308
04060300140302110200280410001201308
04060300140307020400880410001201308
04060300140307020401340410001201308
04060300140307020401500410001201308
04060300140307020403800410001201308
04060300140307020503420410001201308
04060300220302110200100410001201308
04060300220302110200280410001201308
04060300220307020400880410002201308
04060300220307020401340410002201308
04060300220307020401500410001201308
04060300220307020403800410002201308
04060300220307020405330410002201308
04060300220307020503420410001201308
04060300300302110200100410001201308
04060300300302110200280410001201308
04060300300307020400880410001201308
04060300300307020401340410001201308
04060300300307020401500410001201308
04060300300307020403800410001201308
04060300300307020405330410001201308
04060300300307020503420410001201308
04060300490302020312090410002201308
04060300490302110200100410001201308
04060300490306030501070410040201308
04060300490307020400880410001201308
04060300490307020401340410001201308
04060300490307020401500410001201308
04060300490307020403800410001201308
04060300490307020405330410001201308
04060300490307020501210410001201308
04060300490307020503420410001201308
04060300570307020400370410001201308
04060300570307020400880410001201308
04060300570307020401340410001201308
04060300570307020401500410001201308
04060300570307020405170410002201308
04060300570307020503420410001201308
04060300570307020508060410001201308
04060300650307020400880410001201308
04060300650307020401340410001201308
04060300650307020403800410001201308
04060300650307020406060410001201308
04060300730307020400880410001201308
04060300730307020401340410001201308
04060300730307020401500410001201308
04060300730307020403800410001201308
04060300730307020405330410001201308
04060300730307020406060410001201308
04060300730307020503420410001201308
04060300810307020400960410001201308
04060300810307020403800410001201308
04060300810307020503420410001201308
04060300900307020401340410001201308
04060300900307020401690410002201308
04060300900307020403800410001201308
04060300900307020405840410001201308
04060300900307020503420410001201308
04060300900307020508060410001201308
04060301110307020401000410001201308
04060301110307020401340410001201308
04060301110307020403800410001201308
04060301110307020503420410001201308
04060301110307020508060410001201308
04060301200307020400100410001201308
04060301200307020400370410001201308
04060301200307020402230410001201308
04060301200307020500670410001201308
04060301200307020503420410001201308
04060301380307020401000410001201308
04060301380307020401340410001201308
04060301380307020403800410001201308
04060301380307020503420410001201308
04060301460307020401000410001201308
04060301460307020401340410001201308
04060301460307020403800410001201308
04060301460307020503420410001201308
04060301460307020508060410001201308
04060400280307020400700410002201308
04060400280307020401340410001201308
04060400280307020403800410002201308
04060400280307020405170410002201308
04060400280307020503420410002201308
04060400440307020400700410002201308
04060400440307020401340410001201308
04060400440307020403800410002201308
04060400440307020503420410002201308
04060400520307020400700410002201308
04060400520307020401340410001201308
04060400520307020403800410001201308
04060400520307020503420410001201308
04060400600307020400700410002201308
04060400600307020401340410001201308
04060400600307020403800410001201308
04060400600307020405170410002201308
04060400600307020503420410001201308
04060400790307020400700410001201308
04060400790307020401340410001201308
04060400790307020403800410002201308
04060400790307020404870410001201308
04060400790307020503420410001201308
04060400870307020400700410001201308
04060400870307020401340410001201308
04060400870307020403800410001201308
04060400870307020406060410001201308
04060400870307020503420410001201308
04060400950307020400700410001201308
04060400950307020401340410001201308
04060400950307020403800410001201308
04060400950307020405170410001201308
04060400950307020406060410001201308
04060400950307020503420410001201308
04060401090307020400700410001201308
04060401090307020401340410001201308
04060401090307020403800410001201308
04060401090307020405170410001201308
04060401090307020503420410001201308
04060401170307020400700410001201308
04060401170307020401340410001201308
04060401170307020403800410001201308
04060401170307020404870410001201308
04060401170307020503420410001201308
04060401250307020400700410001201308
04060401250307020401340410001201308
04060401250307020403800410001201308
04060401250307020503420410001201308
04060401330307020400700410001201308
04060401330307020401340410001201308
04060401330307020403800410001201308
04060401330307020404870410001201308
04060401330307020406060410001201308
04060401330307020503420410001201308
04060401410307020403980410001201308
04060401410307020503420410001201308
04060401500307020400700410001201308
04060401500307020401500410001201308
04060401500307020402900410001201308
04060401500307020403800410002201308
04060401500307020503420410002201308
04060401680307020400700410001201308
04060401680307020401500410001201308
04060401680307020402820410001201308
04060401680307020402900410001201308
04060401680307020403800410002201308
04060401680307020503420410002201308
04060401760307020400700410001201308
04060401760307020401500410001201308
04060401760307020403040410001201308
04060401760307020403800410002201308
04060401760307020503420410002201308
04060401840307020400700410001201308
04060401840307020401500410001201308
04060401840307020402900410001201308
04060401840307020403800410002201308
04060401840307020503420410002201308
04060401920307020401340410001201308
04060401920307020403800410001201308
04060401920307020503420410001201308
04060401920307020503500410001201308
04060401920307020503690410001201308
04060401920307020504230410002201308
04060402060307020401340410001201308
04060402060307020403800410001201308
04060402060307020501050410002201308
04060402060307020503420410001201308
04060402060307020503500410002201308
04060402060307020503690410001201308
04060402220307020401340410001201308
04060402220307020401690410003201308
04060402220307020403800410001201308
04060402220307020503420410001201308
04060402300307020403800410001201308
04060402300307020500830410001201308
04060402300307020503420410001201308
04060402490307020403800410001201308
04060402490307020500590410001201308
04060402490307020500830410001201308
04060402490307020503420410001201308
04060402570307020403800410001201308
04060402570307020500830410001201308
04060402570307020503420410001201308
04060402650307020400700410001201308
04060402650307020401770410001201308
04060402650307020403800410002201308
04060402650307020405170410001201308
04060402730307020401690410001201308
04060402730307020403800410001201308
04060402730307020503420410001201308
04060402810307020400700410001201308
04060402810307020401340410001201308
04060402810307020403800410002201308
04060402810307020405170410002201308
04060402810307020503420410002201308
04060402900307020401340410001201308
04060402900307020403800410001201308
04060402900307020503420410001201308
04060402900307020503500410001201308
04060402900307020503690410001201308
04060402900307020504230410002201308
04060403030307020401340410001201308
04060403030307020403800410001201308
04060403030307020503420410001201308
04060403030307020503500410001201308
04060403030307020503690410001201308
04060403030307020504230410002201308
04060403110307020401340410001201308
04060403110307020403800410001201308
04060403110307020503420410001201308
04060403110307020503500410001201308
04060403110307020503690410001201308
04060403110307020504230410002201308
04060403200307020401340410001201308
04060403200307020403800410001201308
04060403200307020404870410001201308
04060403200307020503420410001201308
04060403380307020401340410001201308
04060403380307020403800410001201308
04060403380307020404870410001201308
04060403380307020503420410001201308
04060500150307020503420410002201308
04060500230307020503420410002201308
04060500310307020503420410002201308
04060500400307020503420410002201308
04060500580307020503420410002201308
04060500660307020503420410002201308
04060500740307020400100410000201308
04060500740307020400370410000201308
04060500740307020503420410002201308
04060500820307020503420410002201308
04060500900307020400100410000201308
04060500900307020400370410000201308
04060500900307020503420410000201308
04060501040307020400100410000201308
04060501040307020400370410000201308
04060501040307020503420410002201308
04060501120307020503420410002201308
04060501200307020503420410002201308
04060501390307020400100410000201308
04060501390307020400370410000201308
04060501390307020503420410002201308
04070100680307020502610410001201308
04070100680307020502880410001201308
04070100760307020500400410001201308
04070100760307020502610410001201308
04070100760307020502880410001201308
04070100840307020505040410001201308
04070101220307020500400410003201308
04070101220307020502880410001201308
04070101300307020500400410001201308
04070101300307020502610410001201308
04070101300307020502880410001201308
04070101490307020500400410001201308
04070101490307020502610410001201308
04070101490307020502880410001201308
04070101730307020500400410003201308
04070101730307020502880410001201308
04070101810307020502610410001201308
04070101810307020502700410001201308
04070103600307020500400410003201308
04070103600307020502880410001201308
04070200630307020500400410001201308
04070200630307020502880410001201308
04070200710307020502610410001201308
04070200710307020502700410001201308
04070201790307020500400410001201308
04070201790307020502880410001201308
04070204030307020502610410001201308
04070204030307020502700410001201308
04070204110307020502610410001201308
04070204110307020502700410001201308
04070302120307020502880410001201308
04070400640307020505710410001201308
04070400800307020505550410001201308
04070400800307020505630410001201308
04070400990307020505470410001201308
04070400990307020505710410002201308
04070401020307020505470410001201308
04070401020307020505710410001201308
04070401100307020505710410001201308
04070401290307020505710410001201308
04070401610304030301610310000201308
04070401610304080305180310000201308
04070401610304080305690310000201308
04070401610304080306150310000201308
04070401610304080306310310000201308
04070402000307020505550410000201308
04070402420307020505550410001201308
04070402420307020505630410001201308
04080100100307020308990410002201308
04080100100307020309290410002201308
04080100290307020304060410001201308
04080100290307020306780410001201308
04080100290307020307320410003201308
04080100290307020308990410002201308
04080100290307020309020410002201308
04080100290307020309100410002201308
04080100290307020309290410002201308
04080100290307020309370410002201308
04080100370305040200480410001201308
04080100370307020311860410001201308
04080100450307020301120410001201308
04080100450307020302950410001201308
04080100450307020312590410001201308
04080100450307020313800410001201308
04080100530305040200480410001201308
04080100530307020301120410001201308
04080100530307020302360410001201308
04080100530307020302950410001201308
04080100530307020312590410001201308
04080100530307020313800410001201308
04080100610305040200300410001201308
04080100610305040200560410001201308
04080100610307020300820410001201308
04080100610307020301120410001201308
04080100610307020302360410001201308
04080100610307020303090410001201308
04080100610307020312590410001201308
04080101180307020306430410001201308
04080101180307020307910410001201308
04080101180307020308300410001201308
04080101180307020308990410001201308
04080101180307020309290410001201308
04080101420304080607190410001201308
04080101420307020300230410003201308
04080101500307020303330410001201308
04080101500307020306430410001201308
04080101500307020307910410001201308
04080101500307020308990410001201308
04080101500307020309290410001201308
04080101500307020507920410002201308
04080101690307020306940410002201308
04080101690307020307080410002201308
04080101690307020307240410002201308
04080101690307020309290410001201308
04080101770307020307240410004201308
04080101770307020308990410002201308
04080101770307020309290410002201308
04080101850307020307240410001201308
04080101850307020507920410002201308
04080101930307020306350410002201308
04080101930307020308300410001201308
04080101930307020309290410001201308
04080102070307020307240410002201308
04080102150304080607190410001201308
04080102150307020300230410003201308
04080102150307020306940410001201308
04080102150307020307240410001201308
04080102230307020306430410001201308
04080102230307020307910410001201308
04080102230307020308990410001201308
04080102230307020309290410001201308
04080102310304080607190410001201308
04080200320307020303840410001201308
04080200320307020304060410001201308
04080200320307020306190410002201308
04080200320307020306270410002201308
04080200320307020306860410002201308
04080200320307020306940410002201308
04080200320307020307080410002201308
04080200320307020307240410002201308
04080200320307020307320410002201308
04080200320307020308990410001201308
04080200320307020309290410001201308
04080200400307020311350410004201308
04080200400307020311430410004201308
04080200590307020311270410001201308
04080200590307020313800410001201308
04080200750307020312400410001201308
04080200750307020313800410001201308
04080200830305040200560410001201308
04080200830307020312400410001201308
04080200830307020313800410001201308
04080201300307020300230410002201308
04080201300307020307240410002201308
04080201480307020300230410002201308
04080201480307020312320410001201308
04080202530307020304060410001201308
04080202530307020308990410002201308
04080202530307020309020410001201308
04080202530307020309100410001201308
04080202530307020501720410008201308
04080202610307020308990410002201308
04080202610307020313050410005201308
04080202610307020501720410008201308
04080202700307020310700410001201308
04080202700307020313130410001201308
04080202700307020313300410001201308
04080202700307020501800410004201308
04080202880307020310700410001201308
04080202880307020501800410004201308
04080203180305040200560410001201308
04080203180307020303330410001201308
04080203180307020308300410002201308
04080203180307020308990410002201308
04080203180307020309290410002201308
04080203180307020507920410001201308
04080203340307020302950410001201308
04080203340307020303330410002201308
04080203340307020304650410002201308
04080203340307020306270410002201308
04080203340307020306350410002201308
04080203340307020308300410001201308
04080203340307020309290410001201308
04080203340307020313800410001201308
04080203420307020306000410001201308
04080203420307020306600410002201308
04080203420307020306780410002201308
04080203420307020306860410002201308
04080203420307020309530410001201308
04080203420307020309880410001201308
04080203420307020310700410001201308
04080203420307020313130410001201308
04080203420307020313300410001201308
04080203500307020306270410002201308
04080203500307020306350410002201308
04080203500307020307240410002201308
04080203690307020306780410002201308
04080203690307020306940410002201308
04080203690307020307240410002201308
04080203690307020309290410002201308
04080203690307020309530410001201308
04080203690307020309880410001201308
04080203690307020310700410001201308
04080203770307020306000410001201308
04080203770307020306780410001201308
04080203770307020306860410001201308
04080203770307020309530410001201308
04080203770307020309880410001201308
04080203770307020310700410001201308
04080203850307020306270410002201308
04080203850307020308300410002201308
04080203850307020308990410002201308
04080203850307020309290410002201308
04080203850307020313300410001201308
04080203930307020304060410001201308
04080203930307020304650410002201308
04080203930307020305380410001201308
04080203930307020305540410001201308
04080203930307020309020410001201308
04080203930307020309100410001201308
04080203930307020310620410001201308
04080204070307020304140410001201308
04080204070307020309610410001201308
04080204070307020309960410001201308
04080204070307020313210410001201308
04080204070307020313990410001201308
04080204150307020308300410001201308
04080204150307020308990410001201308
04080204150307020309290410001201308
04080204150307020309530410001201308
04080204150307020309880410001201308
04080204230307020308990410002201308
04080204230307020309290410002201308
04080204310307020308300410001201308
04080204310307020308990410001201308
04080204310307020309290410001201308
04080204400307020306270410002201308
04080204400307020309960410001201308
04080204400307020507920410001201308
04080204580307020308990410001201308
04080204580307020309290410001201308
04080204660307020306190410002201308
04080204660307020306270410002201308
04080204660307020306510410002201308
04080204660307020306860410002201308
04080204820307020300230410002201308
04080204820307020307240410002201308
04080205040307020304060410001201308
04080205040307020306940410001201308
04080205040307020307240410001201308
04080205120307020306000410001201308
04080205120307020306860410002201308
04080205120307020308300410001201308
04080205200307020300230410002201308
04080205200307020306190410002201308
04080205200307020306270410002201308
04080205200307020306510410002201308
04080205200307020306860410002201308
04080205390307020300230410001201308
04080205390307020306860410002201308
04080205390307020313640410001201308
04080205470307020308300410001201308
04080205470307020309290410002201308
04080205470307020309530410001201308
04080205470307020309880410001201308
04080205550307020306000410001201308
04080205550307020306190410002201308
04080205550307020306510410002201308
04080205550307020310700410002201308
04080205630307020308990410002201308
04080205630307020309290410002201308
04080205710307020304060410001201308
04080205710307020305380410001201308
04080205710307020309020410001201308
04080205710307020309100410001201308
04080205800307020306270410002201308
04080205800307020306350410002201308
04080205800307020307240410002201308
04080205800307020308300410001201308
04080205800307020308990410001201308
04080205800307020309290410001201308
04080205980307020308300410001201308
04080205980307020309610410001201308
04080205980307020309960410001201308
04080206010307020306190410001201308
04080206010307020306270410001201308
04080206010307020306510410001201308
04080206010307020306860410001201308
04080206100307020300230410002201308
04080206440307020308300410001201308
04080206440307020308990410001201308
04080206440307020309290410001201308
04080300110305040200560410001201308
04080300110307020501990410012201308
04080300110307020502100410012201308
04080300110307020503260410002201308
04080300110307020503340410002201308
04080300110307020503930410012201308
04080300110307020504070410012201308
04080300110307020504660410002201308
04080300110307020505120410001201308
04080300110307020505200410002201308
04080300200307020501990410004201308
04080300200307020502100410004201308
04080300200307020503260410002201308
04080300200307020503340410002201308
04080300200307020503930410004201308
04080300200307020504070410004201308
04080300200307020504660410002201308
04080300200307020505120410001201308
04080300200307020505200410001201308
04080300380305040200560410001201308
04080300380307020501990410006201308
04080300380307020502100410006201308
04080300380307020503260410002201308
04080300380307020503340410002201308
04080300380307020503930410006201308
04080300380307020504070410006201308
04080300380307020504660410002201308
04080300380307020505120410001201308
04080300380307020505200410001201308
04080300460305040200560410001201308
04080300460307020501990410014201308
04080300460307020502100410014201308
04080300460307020503260410002201308
04080300460307020503340410002201308
04080300460307020503930410014201308
04080300460307020504070410014201308
04080300460307020504660410002201308
04080300460307020505120410001201308
04080300460307020505200410002201308
04080300540305040200560410001201308
04080300540307020501990410008201308
04080300540307020502100410008201308
04080300540307020503260410002201308
04080300540307020503340410002201308
04080300540307020503930410008201308
04080300540307020504070410008201308
04080300540307020504660410002201308
04080300540307020505120410001201308
04080300540307020505200410002201308
04080300620305040200560410001201308
04080300620307020501560410003201308
04080300620307020504070410008201308
04080300620307020504580410001201308
04080300700307020501560410002201308
04080300700307020504070410006201308
04080300700307020504580410001201308
04080300890305040200130410001201308
04080300890305040200480410001201308
04080300890307020304570410001201308
04080300890307020307830410002201308
04080300890307020504070410004201308
04080300890307020504580410001201308
04080300970305040200560410001201308
04080300970307020501560410005201308
04080300970307020504070410012201308
04080300970307020504580410001201308
04080301000305040200560410001201308
04080301000307020501560410004201308
04080301000307020504070410010201308
04080301000307020504580410001201308
04080301190307020501560410001201308
04080301190307020504070410004201308
04080301190307020504580410001201308
04080301270305040200480410001201308
04080301270307020307830410002201308
04080301270307020501990410002201308
04080301270307020502100410004201308
04080301270307020503340410002201308
04080301270307020504070410004201308
04080301350305040200480410001201308
04080301350307020501560410002201308
04080301350307020503340410002201308
04080301350307020503930410004201308
04080301350307020504150410004201308
04080301350307020504900410002201308
04080301430305040200560410001201308
04080301430307020501560410004201308
04080301430307020503340410002201308
04080301430307020503930410006201308
04080301430307020504150410006201308
04080301430307020504900410002201308
04080301430307020505200410001201308
04080301510305040200560410001201308
04080301510307020501560410008201308
04080301510307020503340410002201308
04080301510307020503930410010201308
04080301510307020504150410010201308
04080301510307020504900410002201308
04080301510307020505200410002201308
04080301600305040200560410001201308
04080301600307020501560410006201308
04080301600307020503340410002201308
04080301600307020503930410008201308
04080301600307020504150410008201308
04080301600307020504900410002201308
04080301600307020505200410001201308
04080301780305040200480410001201308
04080301780307020312670410002201308
04080301780307020501990410006201308
04080301780307020502100410006201308
04080301780307020504070410006201308
04080301860305040200480410001201308
04080301860307020312670410002201308
04080301860307020501990410008201308
04080301860307020502100410008201308
04080301860307020504070410008201308
04080301940304080301860320000201308
04080301940305040200480410001201308
04080301940307020312670410002201308
04080301940307020501990410010201308
04080301940307020502100410010201308
04080301940307020504070410010201308
04080302080304080301860320000201308
04080302080304080301940320000201308
04080302080305040200480410001201308
04080302080307020312670410002201308
04080302080307020501990410012201308
04080302080307020502100410012201308
04080302080307020504070410012201308
04080302160304080301860320000201308
04080302160304080301940320000201308
04080302160304080302080320000201308
04080302160305040200480410001201308
04080302160307020312670410002201308
04080302160307020501990410014201308
04080302160307020502100410014201308
04080302160307020504070410014201308
04080302240304080301860320000201308
04080302240304080301940320000201308
04080302240304080302080320000201308
04080302240304080302160320000201308
04080302240305040200480410001201308
04080302240307020312670410002201308
04080302240307020501990410016201308
04080302240307020502100410016201308
04080302240307020504070410016201308
04080302320304080301860320000201308
04080302320304080301940320000201308
04080302320304080302080320000201308
04080302320304080302160320000201308
04080302320304080302240320000201308
04080302320307020311000410001201308
04080302320307020501560410001201308
04080302320307020503340410001201308
04080302320307020503850410002201308
04080302320307020504150410004201308
04080302400304080301860320000201308
04080302400304080301940320000201308
04080302400304080302080320000201308
04080302400304080302160320000201308
04080302400304080302240320000201308
04080302400304080302320320000201308
04080302400307020501560410002201308
04080302400307020503340410001201308
04080302400307020503850410003201308
04080302400307020504150410006201308
04080302590305040200560410001201308
04080302590307020501560410003201308
04080302590307020503340410001201308
04080302590307020503850410004201308
04080302590307020504150410008201308
04080302670304080301860320000201308
04080302670304080301940320000201308
04080302670304080302080320000201308
04080302670304080302160320000201308
04080302670304080302240320000201308
04080302670304080302320320000201308
04080302670304080302400320000201308
04080302670307020501990410004201308
04080302670307020502100410004201308
04080302670307020502450410004201308
04080302670307020503000410002201308
04080302670307020503340410002201308
04080302670307020503770410004201308
04080302670307020503850410004201308
04080302670307020503930410004201308
04080302670307020504900410002201308
04080302670307020505120410001201308
04080302670307020505200410001201308
04080302750305040200560410001201308
04080302750307020501990410008201308
04080302750307020502100410008201308
04080302750307020502450410004201308
04080302750307020503000410002201308
04080302750307020503340410002201308
04080302750307020503770410008201308
04080302750307020503850410008201308
04080302750307020503930410008201308
04080302750307020504900410002201308
04080302750307020505120410001201308
04080302750307020505200410001201308
04080302830305040200560410001201308
04080302830307020501990410012201308
04080302830307020502100410012201308
04080302830307020502450410004201308
04080302830307020503000410002201308
04080302830307020503340410002201308
04080302830307020503770410012201308
04080302830307020503850410012201308
04080302830307020503930410012201308
04080302830307020504900410002201308
04080302830307020505120410001201308
04080302830307020505200410001201308
04080302910304080301860320000201308
04080302910304080301940320000201308
04080302910304080302080320000201308
04080302910304080302160320000201308
04080302910304080302240320000201308
04080302910304080302320320000201308
04080302910304080302400320000201308
04080302910304080302670320000201308
04080302910304080402110410001201308
04080302910305040200560410001201308
04080302910307020501990410006201308
04080302910307020502100410006201308
04080302910307020502450410004201308
04080302910307020503000410002201308
04080302910307020503340410002201308
04080302910307020503770410006201308
04080302910307020503850410006201308
04080302910307020503930410006201308
04080302910307020504900410002201308
04080302910307020505120410001201308
04080302910307020505200410001201308
04080303050305040200560410001201308
04080303050307020501990410010201308
04080303050307020502100410010201308
04080303050307020502450410004201308
04080303050307020503000410002201308
04080303050307020503340410002201308
04080303050307020503770410010201308
04080303050307020503850410010201308
04080303050307020503930410010201308
04080303050307020504900410002201308
04080303050307020505120410001201308
04080303050307020505200410002201308
04080303130305040200560410001201308
04080303130307020501990410014201308
04080303130307020502100410014201308
04080303130307020502450410004201308
04080303130307020503000410002201308
04080303130307020503340410002201308
04080303130307020503770410014201308
04080303130307020503850410014201308
04080303130307020503930410014201308
04080303130307020504900410002201308
04080303130307020505120410001201308
04080303130307020505200410001201308
04080303210305040200560410001201308
04080303210307020501990410016201308
04080303210307020502100410016201308
04080303210307020502450410004201308
04080303210307020503000410002201308
04080303210307020503340410002201308
04080303210307020503770410016201308
04080303210307020503850410016201308
04080303210307020503930410016201308
04080303210307020504900410002201308
04080303210307020505120410001201308
04080303210307020505200410001201308
04080303720307020504310410260201308
04080303720307020504400410260201308
04080303800304080402110410001201308
04080305000304080305180320000201308
04080305000304080305340320000201308
04080305000304080305420320000201308
04080305000304080305500320000201308
04080305000304080305690320000201308
04080305000304080306150320000201308
04080305000304080306230320000201308
04080305000304080306310320000201308
04080305000304080306400320000201308
04080305000304080402110410000201308
04080305180304070401610310000201308
04080305180304080305340320000201308
04080305180304080305420320000201308
04080305180304080305500320000201308
04080305180304080305690320000201308
04080305180304080306150320000201308
04080305180304080306230320000201308
04080305180304080306310320000201308
04080305180304080306400320000201308
04080305180304080402110410000201308
04080305180304120401740310000201308
04080305340304080305420320000201308
04080305340304080305500320000201308
04080305340304080305690320000201308
04080305340304080306150320000201308
04080305340304080306230320000201308
04080305340304080306310320000201308
04080305340304080306400320000201308
04080305340304080402110410000201308
04080305420304080305500320000201308
04080305420304080305690320000201308
04080305420304080306150320000201308
04080305420304080306230320000201308
04080305420304080306310320000201308
04080305420304080306400320000201308
04080305420304080402110410000201308
04080305500304080305690320000201308
04080305500304080306150320000201308
04080305500304080306230320000201308
04080305500304080306310320000201308
04080305500304080306400320000201308
04080305500304080402110410000201308
04080305690304070401610310000201308
04080305690304080306150320000201308
04080305690304080306230320000201308
04080305690304080306310320000201308
04080305690304080306400320000201308
04080305690304080402110410000201308
04080305690304120401740310000201308
04080306150304070401610310000201308
04080306150304080306230320000201308
04080306150304080306310320000201308
04080306150304080306400320000201308
04080306150304080402110410000201308
04080306150304120401740310000201308
04080306150305040200560410001201308
04080306230304080306310320000201308
04080306230304080306400320000201308
04080306230304080402110410000201308
04080306230305040200560410001201308
04080306310304070401610310000201308
04080306310304080306400320000201308
04080306310304080402110410000201308
04080306310304120401740310000201308
04080306310305040200560410001201308
04080306400304080402110410000201308
04080306580307020502100410012201308
04080306580307020502290410002201308
04080306580307020502370410002201308
04080306580307020502450410012201308
04080306580307020502530410012201308
04080306580307020503000410002201308
04080306580307020503180410002201308
04080306580307020503260410002201308
04080306580307020503340410002201308
04080306580307020503850410014201308
04080306580307020503930410014201308
04080306580307020505120410001201308
04080306580307020505200410003201308
04080306660307020311000410001201308
04080306660307020501560410008201308
04080306660307020504070410009201308
04080306660307020504150410009201308
04080306660307020504580410001201308
04080306740307020311000410001201308
04080306740307020501560410004201308
04080306740307020503340410001201308
04080306740307020503850410005201308
04080306740307020503930410005201308
04080306740307020504070410010201308
04080306740307020504150410010201308
04080306740307020504580410001201308
04080306820307020311000410001201308
04080306820307020501560410005201308
04080306820307020503340410001201308
04080306820307020503850410006201308
04080306820307020503930410006201308
04080306820307020504070410012201308
04080306820307020504150410012201308
04080306820307020504580410001201308
04080306900307020311000410001201308
04080306900307020501560410009201308
04080306900307020504070410010201308
04080306900307020504150410010201308
04080306900307020504580410001201308
04080307040307020312750410001201308
04080307120305040200560410001201308
04080307120307020311000410001201308
04080307120307020501560410006201308
04080307120307020503340410001201308
04080307120307020503850410007201308
04080307120307020503930410007201308
04080307120307020504070410014201308
04080307120307020504150410014201308
04080307120307020504580410001201308
04080307200307020311000410001201308
04080307200307020501560410007201308
04080307200307020503850410008201308
04080307200307020504150410008201308
04080307200307020504580410001201308
04080307390307020502100410018201308
04080307390307020502290410001201308
04080307390307020502370410001201308
04080307390307020503000410001201308
04080307390307020503260410002201308
04080307390307020503340410002201308
04080307390307020503930410018201308
04080307390307020504070410018201308
04080307390307020505120410001201308
04080307390307020505200410002201308
04080307390307020507840410002201308
04080307630307020502100410020201308
04080307630307020502290410001201308
04080307630307020502370410001201308
04080307630307020503000410001201308
04080307630307020503260410002201308
04080307630307020503340410002201308
04080307630307020503930410020201308
04080307630307020504070410020201308
04080307630307020505120410001201308
04080307630307020505200410002201308
04080307800307020312750410002201308
04080307980307020312750410003201308
04080308010307020501990410026201308
04080308010307020502100410026201308
04080308010307020502290410001201308
04080308010307020502370410001201308
04080308010307020503000410001201308
04080308010307020503260410002201308
04080308010307020503340410002201308
04080308010307020503930410026201308
04080308010307020504070410026201308
04080308010307020505120410001201308
04080308010307020505200410002201308
04080308010307020507840410002201308
04080308100307020501990410022201308
04080308100307020502100410022201308
04080308100307020502290410001201308
04080308100307020502370410001201308
04080308100307020503000410001201308
04080308100307020503260410002201308
04080308100307020503340410002201308
04080308100307020503930410022201308
04080308100307020504070410022201308
04080308100307020505120410001201308
04080308100307020505200410002201308
04080308100307020507840410002201308
04080308280307020501990410024201308
04080308280307020502100410024201308
04080308280307020502290410001201308
04080308280307020502370410001201308
04080308280307020503000410001201308
04080308280307020503260410002201308
04080308280307020503340410002201308
04080308280307020503930410024201308
04080308280307020504070410024201308
04080308280307020505120410001201308
04080308280307020505200410002201308
04080308280307020507840410002201308
04080308360307020311000410001201308
04080308360307020501480410003201308
04080308360307020501560410002201308
04080308360307020504070410006201308
04080308360307020504150410006201308
04080308360307020504580410001201308
04080308440307020311000410001201308
04080308440307020501480410004201308
04080308440307020501560410003201308
04080308440307020504070410008201308
04080308440307020504150410008201308
04080308440307020504580410001201308
04080308520307020501990410012201308
04080308520307020502100410012201308
04080308520307020502290410001201308
04080308520307020502370410001201308
04080308520307020503000410001201308
04080308520307020503260410002201308
04080308520307020503340410002201308
04080308520307020503930410012201308
04080308520307020504070410012201308
04080308520307020505120410001201308
04080308520307020505200410002201308
04080308520307020507840410002201308
04080308600307020501990410014201308
04080308600307020502100410014201308
04080308600307020502290410001201308
04080308600307020502370410001201308
04080308600307020503000410001201308
04080308600307020503260410002201308
04080308600307020503340410002201308
04080308600307020503930410014201308
04080308600307020504070410014201308
04080308600307020505120410001201308
04080308600307020505200410002201308
04080308600307020507840410002201308
04080308790307020501990410008201308
04080308790307020502100410008201308
04080308790307020502290410001201308
04080308790307020502370410001201308
04080308790307020503000410001201308
04080308790307020503260410002201308
04080308790307020503340410002201308
04080308790307020503930410008201308
04080308790307020504070410008201308
04080308790307020505120410001201308
04080308790307020505200410002201308
04080308790307020507840410002201308
04080308870307020501990410010201308
04080308870307020502100410010201308
04080308870307020502290410001201308
04080308870307020502370410001201308
04080308870307020503000410001201308
04080308870307020503260410002201308
04080308870307020503340410002201308
04080308870307020503930410010201308
04080308870307020504070410010201308
04080308870307020505120410001201308
04080308870307020505200410002201308
04080308870307020507840410002201308
04080308950307020501990410006201308
04080308950307020502100410006201308
04080308950307020502290410001201308
04080308950307020502370410001201308
04080308950307020503000410001201308
04080308950307020503260410002201308
04080308950307020503340410002201308
04080308950307020503930410006201308
04080308950307020504070410006201308
04080308950307020505120410001201308
04080308950307020505200410001201308
04080308950307020507840410002201308
04080309090307020501990410016201308
04080309090307020502100410016201308
04080309090307020502290410001201308
04080309090307020502370410001201308
04080309090307020503000410001201308
04080309090307020503260410002201308
04080309090307020503340410002201308
04080309090307020503930410016201308
04080309090307020504070410016201308
04080309090307020505120410001201308
04080309090307020505200410002201308
04080309090307020507840410002201308
04080309170305040200560410001201308
04080309170307020501990410010201308
04080309170307020502100410010201308
04080309170307020503260410002201308
04080309170307020503340410002201308
04080309170307020503930410010201308
04080309170307020504070410010201308
04080309170307020504660410002201308
04080309170307020505120410001201308
04080309170307020505200410002201308
04080400170307020304060410001201308
04080400170307020308130410001201308
04080400170307020308720410001201308
04080400250307020309020410002201308
04080400250307020309290410002201308
04080400250307020309370410002201308
04080400330307020306430410002201308
04080400330307020309290410002201308
04080400410305040200300410001201308
04080400410307020311780410001201308
04080400410307020313800410001201308
04080400500307020300740410001201308
04080400500307020301200410001201308
04080400500307020301630410001201308
04080400500307020312240410001201308
04080400500307020312590410001201308
04080400500307020313800410001201308
04080400680305040200560410001201308
04080400680307020300740410001201308
04080400680307020300900410001201308
04080400680307020301040410001201308
04080400680307020301390410001201308
04080400680307020301630410001201308
04080400680307020301710410001201308
04080400680307020302100410001201308
04080400680307020305970410001201308
04080400680307020306940410001201308
04080400680307020307670410002201308
04080400680307020312590410001201308
04080400680307020313800410001201308
04080400760305040200210410001201308
04080400760305040200560410001201308
04080400760307020300740410001201308
04080400760307020300820410003201308
04080400760307020300900410001201308
04080400760307020301040410001201308
04080400760307020301390410001201308
04080400760307020301980410001201308
04080400760307020302010410001201308
04080400760307020303170410001201308
04080400760307020305970410001201308
04080400760307020307670410004201308
04080400760307020311780410001201308
04080400760307020312590410001201308
04080400760307020312830410001201308
04080400760307020312910410001201308
04080400760307020313800410003201308
04080400840307020300740410001201308
04080400840307020300900410001201308
04080400840307020301390410001201308
04080400840307020301630410001201308
04080400840307020301710410001201308
04080400840307020312590410001201308
04080400840307020313800410002201308
04080400920305040200560410001201308
04080400920307020300740410001201308
04080400920307020301040410001201308
04080400920307020301390410001201308
04080400920307020301630410001201308
04080400920307020302100410001201308
04080400920307020305970410001201308
04080400920307020307670410001201308
04080400920307020312590410001201308
04080400920307020313800410001201308
04080401220307020306430410002201308
04080401220307020307080410002201308
04080401220307020307320410002201308
04080401300307020306430410002201308
04080401570305040200480410001201308
04080401570307020303330410002201308
04080401570307020306430410004201308
04080401570307020306940410004201308
04080401570307020309290410002201308
04080401570307020507920410002201308
04080402110407020504740410001201308
04080402110407020504820410005201308
04080402200305040200480410001201308
04080402200307020308990410001201308
04080402380307020300310410002201308
04080402380307020300400410002201308
04080402380307020307080410002201308
04080402460307020306940410002201308
04080402460307020307240410002201308
04080402540305040200210410001201308
04080402540305040200560410001201308
04080402540307020304060410001201308
04080402540307020304300410001201308
04080402540307020306430410002201308
04080402540307020309020410002201308
04080402540307020309290410002201308
04080402540307020309370410002201308
04080402620305040200210410001201308
04080402620305040200560410001201308
04080402620307020304060410001201308
04080402620307020304300410001201308
04080402620307020306430410002201308
04080402620307020309020410002201308
04080402620307020309290410002201308
04080402620307020309370410002201308
04080402890305040200560410001201308
04080402890307020306190410002201308
04080402890307020306270410002201308
04080402890307020306430410002201308
04080402890307020306510410002201308
04080402890307020306860410002201308
04080402890307020306940410003201308
04080402890307020307240410003201308
04080402890307020308300410002201308
04080402890307020309290410002201308
04080402890307020507920410002201308
04080402970307020306430410002201308
04080402970307020306940410003201308
04080402970307020307240410003201308
04080402970307020308300410002201308
04080402970307020309290410002201308
04080403000307020304300410001201308
04080403000307020306430410002201308
04080403000307020309020410001201308
04080403000307020309290410001201308
04080403000307020309370410001201308
04080403190305040200560410001201308
04080403190307020303330410002201308
04080403190307020306430410001201308
04080403190307020306940410003201308
04080403190307020307240410003201308
04080403190307020308300410002201308
04080403190307020309290410002201308
04080403190307020507920410002201308
04080403270307020308990410001201308
04080403430307020306940410001201308
04080403430307020309290410001201308
04080500390307020303250410002201308
04080500390307020303840410001201308
04080500390307020304060410001201308
04080500390307020304490410002201308
04080500390307020305110410001201308
04080500390307020305200410001201308
04080500390307020305540410001201308
04080500390307020306270410003201308
04080500390307020306350410003201308
04080500390307020306430410003201308
04080500390307020306940410003201308
04080500390307020307080410003201308
04080500390307020307240410003201308
04080500390307020307320410003201308
04080500390307020308050410006201308
04080500390307020309100410001201308
04080500470305040200300410001201308
04080500470307020311510410001201308
04080500550305040200210410001201308
04080500550305040200300410001201308
04080500550307020300820410002201308
04080500550307020301470410001201308
04080500550307020301550410001201308
04080500550307020301800410001201308
04080500550307020302520410001201308
04080500550307020302600410001201308
04080500550307020305030410001201308
04080500550307020305890410001201308
04080500550307020311510410001201308
04080500630305040200560410001201308
04080500630307020302280410001201308
04080500630307020302440410001201308
04080500630307020302790410001201308
04080500630307020302870410001201308
04080500630307020313800410002201308
04080500710307020302280410001201308
04080500710307020302790410001201308
04080500710307020302870410001201308
04080500710307020313800410002201308
04080501280307020300310410002201308
04080501280307020300400410002201308
04080501280307020306940410002201308
04080501280307020307080410002201308
04080501360305040200210410001201308
04080501360307020300310410002201308
04080501360307020306940410002201308
04080501360307020307080410002201308
04080501440307020300230410002201308
04080501440307020306940410002201308
04080501440307020307590410002201308
04080501520307020300310410002201308
04080501520307020303410410001201308
04080501520307020306940410002201308
04080501520307020307080410002201308
04080501600304080607190410001201308
04080501600305040200210410001201308
04080501600305040200480410001201308
04080501600307020300310410002201308
04080501600307020306940410002201308
04080501600307020307080410002201308
04080501600307020307160410002201308
04080501600307020307590410002201308
04080501790304080607190410001201308
04080501790305040200210410001201308
04080501790305040200480410001201308
04080501790307020300310410002201308
04080501790307020306940410002201308
04080501790307020307080410002201308
04080501790307020307160410002201308
04080501790307020307590410002201308
04080501870305040200210410001201308
04080501870307020303250410001201308
04080501870307020303330410006201308
04080501870307020303840410001201308
04080501870307020303920410001201308
04080501870307020304060410001201308
04080501870307020306270410003201308
04080501870307020306350410003201308
04080501870307020307240410001201308
04080501870307020307320410001201308
04080501870307020308050410006201308
04080501870307020308480410001201308
04080501870307020309290410001201308
04080501870307020309370410001201308
04080501870307020309450410001201308
04080501870307020309700410001201308
04080501870307020310030410001201308
04080503060307020304060410001201308
04080503060307020309020410001201308
04080503060307020309100410001201308
04080503060307020501720410003201308
04080503140307020304060410001201308
04080503140307020309020410001201308
04080503140307020501800410003201308
04080503220307020300230410002201308
04080503490307020304060410001201308
04080503490307020304490410004201308
04080503490307020306270410002201308
04080503490307020306350410002201308
04080503490307020306940410002201308
04080503490307020307080410002201308
04080503490307020307240410002201308
04080503490307020307320410002201308
04080503810307020300310410002201308
04080503810307020300400410002201308
04080503810307020307080410002201308
04080503900307020300230410002201308
04080503900307020300310410002201308
04080503900307020306940410002201308
04080503900307020307080410002201308
04080503900307020307160410001201308
04080503900307020307240410002201308
04080503900307020307590410002201308
04080504110305040200560410001201308
04080504110307020304060410001201308
04080504200307020306350410001201308
04080504200307020306940410001201308
04080504200307020307080410001201308
04080504200307020307240410001201308
04080504380307020300310410002201308
04080504380307020300400410002201308
04080504380307020307080410002201308
04080504380307020307320410002201308
04080504380307020501990410005201308
04080504460307020300230410002201308
04080504460307020304490410004201308
04080504460307020306270410002201308
04080504460307020306350410001201308
04080504460307020306430410001201308
04080504460307020306940410002201308
04080504460307020307080410002201308
04080504460307020307240410002201308
04080504460307020307320410001201308
04080504460307020307400410001201308
04080504540307020306270410003201308
04080504540307020306350410003201308
04080504540307020306940410003201308
04080504540307020307080410003201308
04080504540307020307240410003201308
04080504540307020307400410003201308
04080504540307020310460410001201308
04080504620307020306000410003201308
04080504620307020306270410005201308
04080504620307020306350410005201308
04080504620307020306940410005201308
04080504620307020307080410005201308
04080504700307020306000410001201308
04080504700307020306270410001201308
04080504700307020306940410003201308
04080504890307020304810410001201308
04080504890307020306430410003201308
04080504890307020308130410001201308
04080504970307020304060410001201308
04080504970307020306270410002201308
04080504970307020306350410002201308
04080504970307020306940410002201308
04080504970307020307240410002201308
04080504970307020307400410002201308
04080504970307020308300410001201308
04080504970307020310970410001201308
04080505000307020303250410006201308
04080505000307020303840410001201308
04080505000307020304060410001201308
04080505000307020305200410001201308
04080505000307020305540410001201308
04080505000307020308050410006201308
04080505000307020309020410001201308
04080505000307020310620410001201308
04080505190307020303250410001201308
04080505190307020303840410001201308
04080505190307020303920410001201308
04080505190307020304060410001201308
04080505190307020304730410003201308
04080505190307020304900410001201308
04080505190307020305110410001201308
04080505190307020305460410003201308
04080505190307020305540410001201308
04080505190307020308050410006201308
04080505190307020309100410001201308
04080505190307020310620410001201308
04080505270307020306350410002201308
04080505270307020306940410002201308
04080505270307020307080410002201308
04080505270307020307240410002201308
04080505270307020507920410002201308
04080505350307020306430410003201308
04080505350307020306940410003201308
04080505350307020307320410003201308
04080505350307020308300410001201308
04080505350307020309290410001201308
04080505350307020310460410001201308
04080505430307020303250410006201308
04080505430307020303840410001201308
04080505430307020303920410001201308
04080505430307020304060410001201308
04080505430307020306270410002201308
04080505430307020306350410002201308
04080505430307020308050410006201308
04080505430307020309700410001201308
04080505430307020310030410001201308
04080505430307020310200410001201308
04080505510307020300400410002201308
04080505510307020303250410006201308
04080505510307020303330410002201308
04080505510307020303840410001201308
04080505510307020303920410001201308
04080505510307020306430410002201308
04080505510307020308050410006201308
04080505510307020308480410001201308
04080505510307020309450410001201308
04080505510307020309700410001201308
04080505510307020310030410001201308
04080505600307020303330410002201308
04080505600307020306190410002201308
04080505600307020306270410002201308
04080505600307020306350410002201308
04080505600307020306430410002201308
04080505600307020307240410002201308
04080505600307020307320410002201308
04080505780307020304060410001201308
04080505780307020306270410002201308
04080505780307020307240410002201308
04080505780307020307400410002201308
04080505780307020308300410001201308
04080505780307020308480410001201308
04080505780307020310970410001201308
04080505860307020303250410006201308
04080505860307020303840410001201308
04080505860307020303920410001201308
04080505860307020304060410001201308
04080505860307020305620410001201308
04080505860307020306270410002201308
04080505860307020306430410002201308
04080505860307020307320410002201308
04080505860307020308050410006201308
04080505860307020308210410001201308
04080505860307020308560410001201308
04080505860307020308800410001201308
04080505860307020309700410001201308
04080505860307020310030410001201308
04080505940307020306350410002201308
04080505940307020306430410002201308
04080505940307020306940410002201308
04080505940307020307080410002201308
04080505940307020307240410002201308
04080505940307020307320410002201308
04080506080307020303250410001201308
04080506080307020303840410001201308
04080506080307020303920410001201308
04080506080307020304060410001201308
04080506080307020306270410002201308
04080506080307020306350410002201308
04080506080307020306430410002201308
04080506080307020306940410002201308
04080506080307020307080410002201308
04080506080307020307240410002201308
04080506080307020308050410006201308
04080506080307020309450410001201308
04080506080307020309700410001201308
04080506080307020310030410001201308
04080506080307020310200410001201308
04080506160307020304810410001201308
04080506160307020304900410001201308
04080506160307020305110410001201308
04080506160307020308130410001201308
04080506160307020308210410001201308
04080506160307020308560410001201308
04080506240307020303250410001201308
04080506240307020303840410001201308
04080506240307020303920410001201308
04080506240307020304060410001201308
04080506240307020305110410006201308
04080506240307020305620410001201308
04080506240307020308050410006201308
04080506240307020308210410001201308
04080506240307020308560410001201308
04080506320307020304810410001201308
04080506320307020308130410001201308
04080506590307020306190410002201308
04080506590307020306270410002201308
04080506590307020306350410002201308
04080506590307020306510410001201308
04080506590307020306940410002201308
04080506590307020307080410002201308
04080506590307020307240410002201308
04080506590307020313480410002201308
04080506670304080607190410001201308
04080506670307020300230410002201308
04080506670307020300310410002201308
04080506670307020306350410002201308
04080506670307020306940410002201308
04080506670307020307080410002201308
04080506670307020307160410000201308
04080506670307020307240410002201308
04080506670307020307320410002201308
04080506670307020307590410002201308
04080506750307020303330410002201308
04080506750307020304490410002201308
04080506750307020306940410002201308
04080506750307020307240410002201308
04080506750307020313800410001201308
04080506830307020300310410002201308
04080506830307020304060410001201308
04080506830307020306350410002201308
04080506830307020306940410002201308
04080506830307020307080410002201308
04080506830307020307160410002201308
04080506830307020307240410002201308
04080506830307020307320410002201308
04080506830307020307590410002201308
04080506910307020304060410001201308
04080506910307020306270410002201308
04080506910307020306940410002201308
04080507050307020300400410002201308
04080507050307020306270410002201308
04080507050307020306350410002201308
04080507050307020306430410002201308
04080507050307020306940410002201308
04080507050307020307080410002201308
04080507050307020307240410002201308
04080507050307020307320410002201308
04080507050307020307400410002201308
04080507130307020306270410005201308
04080507130307020306350410001201308
04080507130307020306940410005201308
04080507130307020307080410005201308
04080507130307020307240410005201308
04080507130307020307320410005201308
04080507210307020306190410001201308
04080507210307020306270410002201308
04080507210307020306350410002201308
04080507210307020306510410001201308
04080507210307020306940410002201308
04080507210307020307080410002201308
04080507210307020307240410002201308
04080507210307020313480410002201308
04080507210307020507920410002201308
04080507300307020304490410002201308
04080507300307020306270410002201308
04080507300307020306350410002201308
04080507300307020306430410002201308
04080507300307020306940410002201308
04080507300307020307080410002201308
04080507300307020307240410002201308
04080507300307020307320410002201308
04080507300307020307400410003201308
04080507480307020300230410002201308
04080507480307020304490410002201308
04080507480307020306270410002201308
04080507480307020306350410002201308
04080507480307020306430410002201308
04080507480307020306940410002201308
04080507480307020307080410002201308
04080507480307020307240410002201308
04080507480307020307320410002201308
04080507560307020300230410002201308
04080507560307020304490410002201308
04080507560307020306270410002201308
04080507560307020306350410002201308
04080507560307020306430410002201308
04080507560307020306940410002201308
04080507560307020307080410002201308
04080507560307020307240410002201308
04080507560307020307320410002201308
04080507720307020303840410001201308
04080507720307020304490410002201308
04080507720307020306270410004201308
04080507720307020306350410002201308
04080507720307020306430410002201308
04080507720307020306940410002201308
04080507720307020307080410002201308
04080507720307020307240410002201308
04080507720307020307320410002201308
04080507800305040200480410001201308
04080507800307020306270410003201308
04080507800307020306350410003201308
04080507800307020306430410001201308
04080507800307020306940410003201308
04080507800307020307080410003201308
04080507800307020307240410003201308
04080507800307020307320410003201308
04080507800307020307400410003201308
04080507800307020310460410001201308
04080507990307020303250410006201308
04080507990307020303840410001201308
04080507990307020304060410001201308
04080507990307020304220410001201308
04080507990307020304900410001201308
04080507990307020305110410001201308
04080507990307020305460410002201308
04080507990307020305540410001201308
04080507990307020308050410006201308
04080507990307020309100410001201308
04080507990307020310620410001201308
04080508020307020303250410006201308
04080508020307020303840410001201308
04080508020307020304220410001201308
04080508020307020304810410001201308
04080508020307020304900410001201308
04080508020307020306430410003201308
04080508020307020308050410006201308
04080508020307020308130410001201308
04080508020307020308210410001201308
04080508020307020308560410001201308
04080508020307020310620410001201308
04080508100307020304810410001201308
04080508100307020306430410003201308
04080508100307020308130410001201308
04080508100307020308560410001201308
04080508290307020306190410002201308
04080508290307020306270410002201308
04080508290307020306350410002201308
04080508290307020306860410002201308
04080508290307020306940410002201308
04080508290307020307080410002201308
04080508290307020307240410002201308
04080508370307020303250410006201308
04080508370307020303680410001201308
04080508370307020303840410001201308
04080508370307020303920410001201308
04080508370307020304060410001201308
04080508370307020304220410001201308
04080508370307020305110410001201308
04080508370307020305620410001201308
04080508370307020308050410006201308
04080508370307020308210410001201308
04080508370307020308560410001201308
04080508450307020300400410002201308
04080508450307020303250410006201308
04080508450307020303840410001201308
04080508450307020303920410001201308
04080508450307020304060410001201308
04080508450307020305620410001201308
04080508450307020306430410002201308
04080508450307020307320410002201308
04080508450307020308050410006201308
04080508450307020308210410001201308
04080508450307020308300410001201308
04080508450307020308560410001201308
04080508450307020308800410001201308
04080508450307020309450410001201308
04080508450307020309700410001201308
04080508450307020310030410001201308
04080508530305040200480410001201308
04080508530307020303250410006201308
04080508530307020303840410001201308
04080508530307020304060410001201308
04080508530307020304220410001201308
04080508530307020305200410001201308
04080508530307020308050410001201308
04080508530307020309020410001201308
04080508610307020303250410001201308
04080508610307020303840410001201308
04080508610307020304060410001201308
04080508610307020304220410001201308
04080508610307020305200410001201308
04080508610307020308050410006201308
04080508610307020309020410001201308
04080508700307020303250410004201308
04080508700307020303680410001201308
04080508700307020303840410001201308
04080508700307020303920410001201308
04080508700307020304060410001201308
04080508700307020304220410001201308
04080508700307020305200410001201308
04080508700307020308050410006201308
04080508700307020309020410001201308
04080508700307020309700410001201308
04080508700307020310030410001201308
04080508880304080607190410001201308
04080508960304080607190410001201308
04080509260304080607190410001201308
04080509260305040200210410001201308
04080509260307020306190410001201308
04080509260307020306270410001201308
04080509260307020306510410001201308
04080509260307020306600410001201308
04080509260307020306780410001201308
04080509260307020306860410001201308
04080600260307020306000410000201308
04080600260307020310700410001201308
04080600340305040200480410001201308
04080600340305040200560410001201308
04080600340307020303250410006201308
04080600340307020303840410001201308
04080600340307020304060410001201308
04080600340307020304220410001201308
04080600340307020305110410001201308
04080600340307020305200410001201308
04080600340307020305540410001201308
04080600340307020308050410006201308
04080600500307020304490410002201308
04080600500307020306270410002201308
04080600500307020306350410001201308
04080600500307020306860410002201308
04080600500307020306940410002201308
04080600500307020307080410001201308
04080600500307020307240410001201308
04080600500307020310700410001201308
04080600690305040200480410001201308
04080601150307020303250410006201308
04080601150307020303840410001201308
04080601150307020304060410001201308
04080601150307020304140410001201308
04080601150307020304220410001201308
04080601150307020305110410001201308
04080601150307020305200410001201308
04080601150307020305540410001201308
04080601150307020308050410006201308
04080601150307020308990410001201308
04080601150307020309020410001201308
04080601150307020309100410001201308
04080601230304080607190410001201308
04080601740307020303250410006201308
04080601740307020303840410001201308
04080601740307020304060410001201308
04080601740307020308050410006201308
04080601740307020308990410001201308
04080601740307020309020410001201308
04080601820307020306270410002201308
04080601820307020306350410002201308
04080601820307020306430410002201308
04080601820307020306940410002201308
04080601820307020307080410002201308
04080601820307020307240410002201308
04080601820307020307320410002201308
04080601820307020310460410001201308
04080601820307020310700410001201308
04080601900307020303250410006201308
04080601900307020303680410001201308
04080601900307020303840410001201308
04080601900307020303920410001201308
04080601900307020304060410001201308
04080601900307020304650410003201308
04080601900307020305110410001201308
04080601900307020305200410001201308
04080601900307020305380410001201308
04080601900307020305460410003201308
04080601900307020305540410001201308
04080601900307020306350410003201308
04080601900307020306430410003201308
04080601900307020306940410003201308
04080601900307020307240410003201308
04080601900307020308050410006201308
04080601900307020308130410001201308
04080601900307020308210410001201308
04080601900307020308300410001201308
04080601900307020308480410001201308
04080601900307020308560410001201308
04080601900307020308640410001201308
04080601900307020308990410001201308
04080601900307020309020410001201308
04080601900307020309100410001201308
04080601900307020309290410001201308
04080601900307020309700410001201308
04080601900307020310030410001201308
04080601900307020310200410001201308
04080602390307020501800410004201308
04080602470305040200300410001201308
04080602550305040200560410001201308
04080602550307020300230410001201308
04080602550307020303680410001201308
04080602550307020303840410001201308
04080602550307020303920410001201308
04080602550307020304060410001201308
04080602550307020304220410001201308
04080602550307020305110410001201308
04080602550307020305200410001201308
04080602550307020305620410001201308
04080602550307020306000410001201308
04080602550307020306270410001201308
04080602550307020306350410001201308
04080602550307020306430410001201308
04080602550307020308990410001201308
04080602550307020309020410001201308
04080602550307020309450410001201308
04080602550307020309700410001201308
04080602550307020310030410001201308
04080602630305040200560410001201308
04080602630307020311510410001201308
04080602630307020311600410001201308
04080602630307020311780410001201308
04080602630307020311860410001201308
04080602630307020311940410001201308
04080602630307020312080410001201308
04080602630307020312160410001201308
04080602630307020313800410002201308
04080602710305040200300410001201308
04080602800305040200300410001201308
04080602980305040200210410001201308
04080602980307020300230410001201308
04080602980307020303680410001201308
04080602980307020303840410001201308
04080602980307020303920410001201308
04080602980307020304060410001201308
04080602980307020304220410001201308
04080602980307020305110410001201308
04080602980307020305200410001201308
04080602980307020305620410001201308
04080602980307020306000410001201308
04080602980307020306270410001201308
04080602980307020306350410001201308
04080602980307020306430410001201308
04080602980307020308300410001201308
04080602980307020308990410001201308
04080602980307020309020410001201308
04080602980307020309450410001201308
04080602980307020309700410001201308
04080602980307020310030410001201308
04080602980307020310620410001201308
04080604500307020300230410001201308
04080604500307020300310410001201308
04080604500307020306940410001201308
04080604500307020307240410001201308
04080604680307020300230410001201308
04080604680307020300310410001201308
04080604680307020306940410001201308
04080604680307020307240410001201308
04080604760307020312320410001201308
04080604920307020310700410001201308
04080604920307020313480410003201308
04080604920307020313560410001201308
04080604920307020501800410004201308
04080605060307020310700410001201308
04080605060307020313560410001201308
04080605140307020501800410004201308
04080605220307020501800410004201308
04080605810307020303250410006201308
04080605810307020303840410001201308
04080605810307020304220410001201308
04080605810307020308050410006201308
04080605900307020303250410002201308
04080605900307020303680410001201308
04080605900307020303840410001201308
04080605900307020304060410001201308
04080605900307020304220410001201308
04080605900307020304650410003201308
04080605900307020304730410003201308
04080605900307020305110410001201308
04080605900307020305200410001201308
04080605900307020305380410001201308
04080605900307020306270410003201308
04080605900307020306350410003201308
04080605900307020306430410003201308
04080605900307020306860410003201308
04080605900307020307240410001201308
04080605900307020308050410006201308
04080605900307020308130410001201308
04080605900307020308210410001201308
04080605900307020308300410001201308
04080605900307020308560410001201308
04080605900307020308990410001201308
04080605900307020309020410001201308
04080605900307020309100410001201308
04080605900307020309290410001201308
04080605900307020309610410001201308
04080605900307020309960410001201308
04080605900307020310620410001201308
04080606380307020304060410001201308
04080606380307020306270410001201308
04080606380307020306600410001201308
04080606380307020306780410001201308
04080606380307020306940410001201308
04090100570307020500400410001201308
04090100570307020502880410000201308
04090100570307020600110410000201308
04090101460307020600110410000201308
04090101700307020600110410000201308
04090101700603090301020630000201308
04090101700603090301290630000201308
04090101700607020600110710001201308
04090102000307020600110410000201308
04090102270307020600110410000201308
04090102350307020600110410000201308
04090102510307020600110410000201308
04090102600307020600110410000201308
04090103160307020600110410000201308
04090103240307020600110410000201308
04090103320307020600110410000201308
04090103400307020600110410000201308
04090104720307020600110410000201308
04090105370307020600110410000201308
04090105450307020600110410000201308
04090105530307020600110410000201308
04090105610307020600110410000201308
04090105700307020600110410000201308
04090200520308020200110410000201308
04090401420307020600380410002201308
04090401500307020600380410002201308
04090401690307020600380410001201308
04090401850307020600380410002201308
04090500160307020600200410001201308
04090500910307020600200410000201308
04100100570307020800390410002201308
04100100650307020800390410002201308
04100100730307020800120410001201308
04100100730307020800390410002201308
04100100900307020800120410002201308
04100100900307020800390410002201308
04100101540307020800390410001201308
04100101620307020800390410002201308
04100101700307020800390410001201308
04100101890307020800390410002201308
04110100260302020310980410001201308
04110100260302140100400410001201308
04110100260303010101450410002201308
04110100260303100100200410002201308
04110100260304170100360410001201308
04110100260306030400120410002201308
04110100260308010100470410002201308
04110100340302020310980410001201308
04110100340302140100400410001201308
04110100340303010101450410002201308
04110100340303100100200410002201308
04110100340304170100100410001201308
04110100340306030400120410002201308
04110100340308010100470410002201308
04110100420302020310980410001201308
04110100420302140100400410001201308
04110100420303010101450410002201308
04110100420303100100200410002201308
04110100420304170100100410001201308
04110100420304170100360410001201308
04110100420306030400120410002201308
04110100420308010100470410002201308
04110200480302020310980410001201308
04110200480302140100400410001201308
04110200480306030400120410002201308
04120101350307020502880410000201308
04120200760307020500240410001201308
04120400260307020505550410001201308
04120401150307020505550410001201308
04120401230307020505550410001201308
04120401740304030301610310000201308
04120401740304080305180310000201308
04120401740304080305690310000201308
04120401740304080306150310000201308
04120401740304080306310310000201308
04120500480307020500400410001201308
04120500480307020502880410001201308
04120500640307020500320410001201308
04120500640307020500670410001201308
04120500640307020500750410001201308
04120500640307020502700410001201308
04120500640307020502880410001201308
04120500640307020503420410003201308
04120500720307020500320410001201308
04120500720307020500750410001201308
04120500720307020502700410001201308
04120501020307020500400410001201308
04120501020307020502880410001201308
04120501100307020500320410001201308
04120501100307020502700410001201308
04120501100307020502880410001201308
04120501370307020500400410001201308
04120501370307020502880410001201308
04120501530307020401930410002201308
04120501530307020404520410001201308
04120501530307020404790410001201308
04130100660304130100740410015201308
04130100660307021100190410001201308
04130100660307021100270410002201308
04130100660307021100350410002201308
04130100820304130100740410015201308
04130100820307021100190410000201308
04130100820307021100270410000201308
04130100820307021100350410000201308
04130300670307020800200410000201308
04130400200307020800120410001201308
04130401600308020200110410000201308
04130401780307020505390410000201308
04130401860307020800120410001201308
04130402080307020501640410000201308
04130402080307020800120410001201308
04130402160307021100430410250201308
04130402400307020501640410000201308
04140103290304080402110410000201308
04140103290304140200900410000201308
04140200900407020504820410001201308
04140204130301010200660510000201308
04140204130301010200740510000201308
04140204130301010200900510000201308
04140204130303070100150510000201308
04140204130303070100230510000201308
04140204130303070100310510000201308
04140204130303070100400510000201308
04140204130303070100580410000201308
04140204130303070200100510000201308
04140204130303070200290510000201308
04140204130303070200370410000201308
04140204130303070200450410000201308
04140204130303070200530410000201308
04140204130303070200610410000201308
04140204130303070200700510000201308
04140204130303070200880410000201308
04140204130303070200960410000201308
04140204130303070201000410000201308
04140204130303070201180410000201308
04140204130303070300160510000201308
04140204130303070300240510000201308
04140204130303070300320410000201308
04140204130303070400110410000201308
04140204130303070400620410000201308
04140204130303070400700510000201308
04140204130303070400890410000201308
04140204130304010100820510000201308
04140204130304040200540410000201308
04140204130304040201000410000201308
04140204130304040204450410000201308
04140204130304040206150410000201308
04140204130304040206230410000201308
04140204130304040206740410000201308
04140204130304140103610410000201308
04140204130304140103880410000201308
04140204130304140200220410000201308
04140204130304140200300410000201308
04140204130304140200490410000201308
04140204130304140200570410000201308
04140204130304140200650410000201308
04140204130304140200730410000201308
04140204130304140200810410000201308
04140204130304140200900410000201308
04140204130304140201200510000201308
04140204130304140201380510000201308
04140204130304140201460410000201308
04140204130304140201540410000201308
04140204130304140201620410000201308
04140204130304140201700510000201308
04140204130304140202000410000201308
04140204130304140202190410000201308
04140204130304140202430410000201308
04140204130304140202780410000201308
04140204130304140202940410000201308
04140204130304140203590510000201308
04140204130304140203670410000201308
04140204130304140203750410000201308
04140204130304140203830510000201308
04140204130304140204050510000201308
04140204210607010701530710006201308
04150100120304160100160320000201308
04150100120304160100240320000201308
04150100120304160100320320000201308
04150100120304160100400320000201308
04150100120304160100750320000201308
04150100120304160100910320000201308
04150100120304160101130320000201308
04150100120304160101210320000201308
04150100120304160101300320000201308
04150100120304160101640320000201308
04150100120304160101720320000201308
04150100120304160101800320000201308
04150100120304160101990320000201308
04150100120304160102020320000201308
04150100120304160102100320000201308
04150100120304160102290320000201308
04150100120304160200200320000201308
04150100120304160201510320000201308
04150100120304160201600320000201308
04150100120304160201780320000201308
04150100120304160201860320000201308
04150100120304160201940320000201308
04150100120304160202080320000201308
04150100120304160202160320000201308
04150100120304160202240320000201308
04150100120304160202320320000201308
04150100120304160202400320000201308
04150100120304160202590320000201308
04150100120304160300170320000201308
04150100120304160300250320000201308
04150100120304160300330320000201308
04150100120304160300410320000201308
04150100120304160300680320000201308
04150100120304160300760320000201308
04150100120304160300840320000201308
04150100120304160300920320000201308
04150100120304160301490320000201308
04150100120304160301570320000201308
04150100120304160301650320000201308
04150100120304160301730320000201308
04150100120304160301810320000201308
04150100120304160301900320000201308
04150100120304160302030320000201308
04150100120304160302110320000201308
04150100120304160302200320000201308
04150100120304160302380320000201308
04150100120304160302460320000201308
04150100120304160302540320000201308
04150100120304160302620320000201308
04150100120304160302700320000201308
04150100120304160302890320000201308
04150100120304160302970320000201308
04150100120304160303000320000201308
04150100120304160303190320000201308
04150100120304160303270320000201308
04150100120304160303350320000201308
04150100120304160303430320000201308
04150100120304160303510320000201308
04150100120304160303600320000201308
04150100120304160400120320000201308
04150100120304160400200320000201308
04150100120304160400390320000201308
04150100120304160400470320000201308
04150100120304160400550320000201308
04150100120304160400710320000201308
04150100120304160401010320000201308
04150100120304160401100320000201308
04150100120304160401280320000201308
04150100120304160401440320000201308
04150100120304160401790320000201308
04150100120304160401870320000201308
04150100120304160401950320000201308
04150100120304160402090320000201308
04150100120304160402170320000201308
04150100120304160402250320000201308
04150100120304160402330320000201308
04150100120304160402410320000201308
04150100120304160402500320000201308
04150100120304160402680320000201308
04150100120304160402760320000201308
04150100120304160500180320000201308
04150100120304160500260320000201308
04150100120304160500340320000201308
04150100120304160500500320000201308
04150100120304160500770320000201308
04150100120304160500930320000201308
04150100120304160501070320000201308
04150100120304160501150320000201308
04150100120304160600130320000201308
04150100120304160600210320000201308
04150100120304160600300320000201308
04150100120304160600560320000201308
04150100120304160600640320000201308
04150100120304160600800320000201308
04150100120304160600990320000201308
04150100120304160601020320000201308
04150100120304160601100320000201308
04150100120304160601290320000201308
04150100120304160800140320000201308
04150100120304160800300320000201308
04150100120304160800810320000201308
04150100120304160800900320000201308
04150100120304160801110320000201308
04150100120304160801200320000201308
04150100120304160900100320000201308
04150100120304160900280320000201308
04150100120304160900360320000201308
04150100120304160900790320000201308
04150100120304160901090320000201308
04150100120304160901170320000201308
04150100120304160901250320000201308
04150100120304160901330320000201308
04150100120304161100100320000201308
04150100120304161100290320000201308
04150100120304161100370320000201308
04150100120304161100450320000201308
04150100120304161100530320000201308
04150100120304161100610320000201308
04150100120304161100700320000201308
04150100120304161100880320000201308
04150100120304161200240320000201308
04150100120304161200320320000201308
04150100120304161200400320000201308
04150100120304161200590320000201308
04150100120308020200110410001201308
04150200180304070101220310000201308
04150200180304070101730310000201308
04150200180304070101810310000201308
04150200180304130400540310000201308
04150200180304130400620310000201308
04150200180304130400700310000201308
04150200180304130400890310000201308
04150200260304030100120310000201308
04150200260304030100200310000201308
04150200260304030100390310000201308
04150200260304030100470310000201308
04150200260304030100550310000201308
04150200260304030100630310000201308
04150200260304030100710310000201308
04150200260304030101100310000201308
04150200260304030101280310000201308
04150200260304030101360310000201308
04150200260304030101440310000201308
04150200260304030101950310000201308
04150200260304030102090310000201308
04150200260304030102170310000201308
04150200260304030102250310000201308
04150200260304030102410310000201308
04150200260304030102500310000201308
04150200260304030102680310000201308
04150200260304030102760310000201308
04150200260304030102840310000201308
04150200260304030103060310000201308
04150200260304030103300310000201308
04150200260304030300130310000201308
04150200260304030300210310000201308
04150200260304030300300310000201308
04150200260304030300480310000201308
04150200260304030300560310000201308
04150200260304030300640310000201308
04150200260304030300800310000201308
04150200260304030300990310000201308
04150200260304030301020310000201308
04150200260304030301100310000201308
04150200260304030301290310000201308
04150200260304030301370310000201308
04150200260304030301450310000201308
04150200260304030301530310000201308
04150200260304030301610310000201308
04150200260304030400510310000201308
04150200260304030400600310000201308
04150200260304030400780310000201308
04150200260304030500650310000201308
04150200260304030600360310000201308
04150200260304030600440310000201308
04150200260304030600520310000201308
04150200260304030600600310000201308
04150200260304030600790310000201308
04150200260304030600870310000201308
04150200260304030600950310000201308
04150200260304080305000310000201308
04150200260304080305180310000201308
04150200260304080305340310000201308
04150200260304080305420310000201308
04150200260304080305500310000201308
04150200260304080305690310000201308
04150200260304080306150310000201308
04150200260304080306230310000201308
04150200260304080306310310000201308
04150200260304080306400310000201308
04150200340304160100160320000201308
04150200340304160100240320000201308
04150200340304160100320320000201308
04150200340304160100400320000201308
04150200340304160100750320000201308
04150200340304160100910320000201308
04150200340304160101130320000201308
04150200340304160101210320000201308
04150200340304160101300320000201308
04150200340304160101640320000201308
04150200340304160101720320000201308
04150200340304160101800320000201308
04150200340304160101990320000201308
04150200340304160102020320000201308
04150200340304160102100320000201308
04150200340304160102290320000201308
04150200340304160200200320000201308
04150200340304160201510320000201308
04150200340304160201600320000201308
04150200340304160201780320000201308
04150200340304160201860320000201308
04150200340304160201940320000201308
04150200340304160202080320000201308
04150200340304160202160320000201308
04150200340304160202240320000201308
04150200340304160202320320000201308
04150200340304160202400320000201308
04150200340304160202590320000201308
04150200340304160300170320000201308
04150200340304160300250320000201308
04150200340304160300330320000201308
04150200340304160300410320000201308
04150200340304160300680320000201308
04150200340304160300760320000201308
04150200340304160300840320000201308
04150200340304160300920320000201308
04150200340304160301490320000201308
04150200340304160301570320000201308
04150200340304160301650320000201308
04150200340304160301730320000201308
04150200340304160301810320000201308
04150200340304160301900320000201308
04150200340304160302030320000201308
04150200340304160302110320000201308
04150200340304160302200320000201308
04150200340304160302380320000201308
04150200340304160302460320000201308
04150200340304160302540320000201308
04150200340304160302620320000201308
04150200340304160302700320000201308
04150200340304160302890320000201308
04150200340304160302970320000201308
04150200340304160303000320000201308
04150200340304160303190320000201308
04150200340304160303270320000201308
04150200340304160303350320000201308
04150200340304160303430320000201308
04150200340304160303510320000201308
04150200340304160303600320000201308
04150200340304160400120320000201308
04150200340304160400200320000201308
04150200340304160400390320000201308
04150200340304160400470320000201308
04150200340304160400550320000201308
04150200340304160400710320000201308
04150200340304160401010320000201308
04150200340304160401100320000201308
04150200340304160401280320000201308
04150200340304160401440320000201308
04150200340304160401790320000201308
04150200340304160401870320000201308
04150200340304160401950320000201308
04150200340304160402090320000201308
04150200340304160402170320000201308
04150200340304160402250320000201308
04150200340304160402330320000201308
04150200340304160402410320000201308
04150200340304160402500320000201308
04150200340304160402680320000201308
04150200340304160402760320000201308
04150200340304160500180320000201308
04150200340304160500260320000201308
04150200340304160500340320000201308
04150200340304160500500320000201308
04150200340304160500770320000201308
04150200340304160500930320000201308
04150200340304160501070320000201308
04150200340304160501150320000201308
04150200340304160600130320000201308
04150200340304160600210320000201308
04150200340304160600300320000201308
04150200340304160600560320000201308
04150200340304160600640320000201308
04150200340304160600800320000201308
04150200340304160600990320000201308
04150200340304160601020320000201308
04150200340304160601100320000201308
04150200340304160601290320000201308
04150200340304160800140320000201308
04150200340304160800300320000201308
04150200340304160800810320000201308
04150200340304160800900320000201308
04150200340304160801110320000201308
04150200340304160801200320000201308
04150200340304160900100320000201308
04150200340304160900280320000201308
04150200340304160900360320000201308
04150200340304160900790320000201308
04150200340304160901090320000201308
04150200340304160901170320000201308
04150200340304160901250320000201308
04150200340304160901330320000201308
04150200340304161100100320000201308
04150200340304161100290320000201308
04150200340304161100370320000201308
04150200340304161100450320000201308
04150200340304161100530320000201308
04150200340304161100610320000201308
04150200340304161100700320000201308
04150200340304161100880320000201308
04150200340304161200240320000201308
04150200340304161200320320000201308
04150200340304161200400320000201308
04150200340304161200590320000201308
04150200420304040105040310000201308
04150200420304040201780310000201308
04150200420304040202240310000201308
04150200420304040202400310000201308
04150200420304040202750310000201308
04150200420304040206400310000201308
04150200420304040207710310000201308
04150200500304160100160310001201308
04150200500304160100240310001201308
04150200500304160100320310000201308
04150200500304160100750310000201308
04150200500304160100910310000201308
04150200500304160101210310000201308
04150200500304160101300310000201308
04150200500304160102020310000201308
04150200500304160102100310000201308
04150200500304160102290310000201308
04150200500304160202400310000201308
04150200500304160300170310000201308
04150200500304160300250310000201308
04150200500304160300330310000201308
04150200500304160300410310000201308
04150200500304160300680310000201308
04150200500304160300760310000201308
04150200500304160300840310000201308
04150200500304160300920310000201308
04150200500304160301490310000201308
04150200500304160301570310000201308
04150200500304160301650310000201308
04150200500304160301730310000201308
04150200500304160301810310000201308
04150200500304160301900310000201308
04150200500304160302030310000201308
04150200500304160302110310000201308
04150200500304160302200310000201308
04150200500304160302380310000201308
04150200500304160302460310000201308
04150200500304160302540310000201308
04150200500304160302620310000201308
04150200500304160302700310000201308
04150200500304160303000310000201308
04150200500304160303190310000201308
04150200500304160303270310000201308
04150200500304160303350310000201308
04150200500304160303430310000201308
04150200500304160303510310000201308
04150200500304160303600310000201308
04150200500304160400390310000201308
04150200500304160400470310000201308
04150200500304160400550310000201308
04150200500304160400710310000201308
04150200500304160401010310000201308
04150200500304160401100310000201308
04150200500304160401280310000201308
04150200500304160401440310000201308
04150200500304160402170310000201308
04150200500304160402330310000201308
04150200500304160402410310000201308
04150200500304160402500310000201308
04150200500304160402680310000201308
04150200500304160402760310000201308
04150200500304160500180310000201308
04150200500304160500260310000201308
04150200500304160500340310000201308
04150200500304160500500310000201308
04150200500304160500770310000201308
04150200500304160500930310000201308
04150200500304160501070310000201308
04150200500304160501150310000201308
04150200500304160600300310000201308
04150200500304160600560310001201308
04150200500304160600990310000201308
04150200500304160601020310000201308
04150200500304160601100310000201308
04150200500304160601290310000201308
04150200500304160800140310000201308
04150200500304160800300310000201308
04150200500304160801200310000201308
04150200500304160900100310000201308
04150200500304160900280310000201308
04150200500304160900360310000201308
04150200500304160900790310000201308
04150200500304160901090310000201308
04150200500304160901170310000201308
04150200500304160901250310000201308
04150200500304160901330310000201308
04150200500304161100100310000201308
04150200500304161100290310000201308
04150200500304161100370310000201308
04150200500304161100450310000201308
04150200500304161100530310000201308
04150200500304161100610310000201308
04150200500304161200240310000201308
04150200500304161200320310000201308
04150200500304161200400310000201308
04150200500304161200590310000201308
04150300130303030400840310001201308
04150300130303030400920310001201308
04150300130303030401060310001201308
04150300130303030401140310001201308
04150400350308020200110410000201308
04160100160304160200200310001201308
04160100160304160202320310001201308
04160100160304160202590310001201308
04160100160307020600200410001201308
04160100240304160100400310000201308
04160100240304160200200310000201308
04160100240304160500770310000201308
04160100240304160601100310000201308
04160100320304160500770310000201308
04160100320304160601100310000201308
04160100320307020500400410002201308
04160100320307020502880410001201308
04160100400307020500400410001201308
04160100400307020502880410001201308
04160100400307020600110410002201308
04160100750304160202240310000201308
04160100750304160500260310000201308
04160100910304160202240310000201308
04160100910304160500260310000201308
04160101130307020600380410001201308
04160101300304160202240310000201308
04160101800307020600110410002201308
04160101990307020500400410003201308
04160101990307020502880410001201308
04160101990307020600110410002201308
04160102020304160102100310000201308
04160102020304160202240310000201308
04160102020304160500260310000201308
04160102100304160202240310000201308
04160102100307020600110410001201308
04160102290304160200200310000201308
04160102290304160202320310000201308
04160102290304160202590310000201308
04160202400304160201510310000201308
04160202400304160201600310000201308
04160202400304160201780310000201308
04160202400304160202160310000201308
04160202400304160202320310000201308
04160202400304160202590310000201308
04160300170304160201510310000201308
04160300170304160201600310000201308
04160300170304160201780310000201308
04160300170304160800810310000201308
04160300250304160201510310000201308
04160300250304160201600310000201308
04160300250304160201780310000201308
04160300330304160201510310000201308
04160300330304160201600310000201308
04160300330304160201780310000201308
04160300330304160800810310000201308
04160300410304160201510310000201308
04160300410304160201600310000201308
04160300410304160201780310000201308
04160300410304160800810310000201308
04160300680304160201510310000201308
04160300680304160201600310000201308
04160300680304160201780310000201308
04160300760304160201510310000201308
04160300760304160201600310000201308
04160300760304160201780310000201308
04160300760304160302540310000201308
04160300760304160800810310000201308
04160300760304160800900310000201308
04160300840304160201510310000201308
04160300840304160201600310000201308
04160300840304160201780310000201308
04160300920304160201510310000201308
04160300920304160201600310000201308
04160300920304160201780310000201308
04160300920304160800810310000201308
04160301490304160201510310000201308
04160301490304160201600310000201308
04160301490304160201780310000201308
04160301570304160201510310000201308
04160301570304160201600310000201308
04160301570304160201780310000201308
04160301650304160201510310000201308
04160301650304160201600310000201308
04160301650304160201780310000201308
04160301730304160201510310000201308
04160301730304160201600310000201308
04160301730304160201780310000201308
04160301730304160800810310000201308
04160301730304160800900310000201308
04160301730304160801110310000201308
04160301730307020504740410001201308
04160301730307020504820410001201308
04160301810304160201510310000201308
04160301810304160201600310000201308
04160301810304160201780310000201308
04160301810304160800810310000201308
04160301810304160800900310000201308
04160301810304160801110310000201308
04160301810307020504820410001201308
04160301900304160201510310000201308
04160301900304160201600310000201308
04160301900304160201780310000201308
04160301900304160800810310000201308
04160301900304160800900310000201308
04160301900304160801110310000201308
04160301900307020504740410001201308
04160301900307020504820410001201308
04160302030304160201510310000201308
04160302030304160201600310000201308
04160302030304160201780310000201308
04160302030304160800810310000201308
04160302030307020504740410001201308
04160302110304160201510310000201308
04160302110304160201600310000201308
04160302110304160201780310000201308
04160302110304160800810310000201308
04160302110304160800900310000201308
04160302200304160201510310000201308
04160302200304160201600310000201308
04160302200304160201780310000201308
04160302200304160800810310000201308
04160302200304160800900310000201308
04160302380304160201510310000201308
04160302380304160201600310000201308
04160302380304160201780310000201308
04160302380304160800810310000201308
04160302460304160201510310000201308
04160302460304160201600310000201308
04160302460304160201780310000201308
04160302460304160800810310000201308
04160302460304160800900310000201308
04160302460304160801110310000201308
04160302540304160201510310000201308
04160302540304160201600310000201308
04160302540304160201780310000201308
04160302540304160800810310000201308
04160302620304160201510310000201308
04160302620304160201600310000201308
04160302620304160201780310000201308
04160302620304160302890310000201308
04160302700304160201510310000201308
04160302700304160201600310000201308
04160302700304160201860310000201308
04160302890307020900420410001201308
04160303000304160201510310000201308
04160303000304160201600310000201308
04160303000304160201780310000201308
04160303000304160800810310000201308
04160303000304160800900310000201308
04160303000304160801110310000201308
04160303000307020504740410001201308
04160303000307020504820410001201308
04160303190304160201510310000201308
04160303190304160201600310000201308
04160303190304160201780310000201308
04160303190304160800810310000201308
04160303190304160800900310000201308
04160303190304160801110310000201308
04160303190307020504740410001201308
04160303190307020504820410001201308
04160303270304160201510310000201308
04160303270304160201600310000201308
04160303270304160201780310000201308
04160303270304160800810310000201308
04160303270304160800900310000201308
04160303350304160302970310000201308
04160303510304160201510310000201308
04160303510304160201600310000201308
04160303510304160201780310000201308
04160303510304160800810310000201308
04160303510304160800900310000201308
04160303600304160201510310000201308
04160303600304160201600310000201308
04160303600304160201780310000201308
04160400120307020500400410001201308
04160400120307020502880410001201308
04160400390304160201940310000201308
04160400390304160202240310000201308
04160400390307020500400410002201308
04160400390307020502610410001201308
04160400390307020502880410001201308
04160400470307020500400410001201308
04160400470307020502610410001201308
04160400470307020502880410001201308
04160400550304160202240310000201308
04160400550304160800900310000201308
04160400550307020500400410002201308
04160400550307020502610410001201308
04160400550307020502880410001201308
04160400710304160202240310000201308
04160400710304160401010310000201308
04160400710304160401100310000201308
04160400710304160402250310000201308
04160400710307020500400410003201308
04160400710307020502610410001201308
04160400710307020502880410001201308
04160401010304160202240310000201308
04160401010304160402250310000201308
04160401010307020500400410001201308
04160401010307020502880410001201308
04160401100304160202240310000201308
04160401100307020500400410002201308
04160401100307020502880410001201308
04160401280304160202240310000201308
04160401280307020500400410003201308
04160401280307020502880410001201308
04160401440304160202240310000201308
04160401440307020500400410003201308
04160401440307020502610410001201308
04160401440307020502880410001201308
04160401950307020401340410001201308
04160401950307020403800410001201308
04160401950307020503420410001201308
04160401950307020503500410001201308
04160401950307020503690410001201308
04160401950307020504230410002201308
04160402170304160202240310000201308
04160402170304160401010310000201308
04160402170304160401100310000201308
04160402170304160402250310000201308
04160402170307020500400410004201308
04160402170307020502880410001201308
04160402250307020500400410001201308
04160402250307020502880410001201308
04160402330304160202240310000201308
04160402330307020500400410001201308
04160402330307020502880410001201308
04160402410304160202240310000201308
04160402410307020500400410001201308
04160402410307020502880410001201308
04160402500304160202240310000201308
04160402680304160800810310000201308
04160402680307020500400410003201308
04160402680307020502610410001201308
04160402680307020502880410001201308
04160402680307020505550410001201308
04160402760304160402250310000201308
04160402760304160800810310000201308
04160402760307020500400410002201308
04160402760307020502610410001201308
04160402760307020502700410001201308
04160402760307020502880410001201308
04160500180304160101210310000201308
04160500180304160200200310000201308
04160500180304160402250310000201308
04160500180304160800810310000201308
04160500180304160900790310000201308
04160500180307020502880410001201308
04160500260304160402250310000201308
04160500260307020500400410002201308
04160500260307020502880410001201308
04160500340304160402250310000201308
04160500340307020502610410001201308
04160500340307020502700410001201308
04160500340307020502880410001201308
04160500770304160200200310000201308
04160500770304160402250310000201308
04160500770304160600210310000201308
04160500770307020502610410001201308
04160500770307020502700410001201308
04160500770307020502880410001201308
04160500930304160200200310000201308
04160500930304160202240310000201308
04160500930304160402250310000201308
04160500930304160800810310000201308
04160500930307020500400410002201308
04160500930307020502610410001201308
04160500930307020502700410001201308
04160500930307020502880410001201308
04160501070304160200200310000201308
04160501070304160402250310000201308
04160501070304160800810310000201308
04160501070307020500400410002201308
04160501070307020502610410001201308
04160501070307020502700410001201308
04160501070307020502880410001201308
04160501150304160200200310000201308
04160501150304160402250310000201308
04160501150307020500400410002201308
04160501150307020502610410001201308
04160501150307020502700410001201308
04160501150307020502880410001201308
04160600300304160200200310000201308
04160600300304160800810310000201308
04160600560304160200200310001201308
04160600560304160202240310000201308
04160600560304160202590310000201308
04160600560307020500400410002201308
04160600560307020502610410001201308
04160600560307020502880410001201308
04160600990304160800810310000201308
04160601020304160200200310000201308
04160601020304160800810310000201308
04160601100304160200200310000201308
04160601290304160200200310000201308
04160601290304160202240310000201308
04160601290304160202590310000201308
04160601290304160600210310000201308
04160601290304160600560310000201308
04160601290304160601100310000201308
04160800140304160202400310000201308
04160800300304160202400310000201308
04160800810307020800390410002201308
04160800900307020501720410008201308
04160800900307020501800410004201308
04160801200304160202400310000201308
04160900100304160202320310000201308
04160900100304160202590310000201308
04160900100304160800810310000201308
04160900280304160202160310000201308
04160900280304160800810310000201308
04160900360304160800810310000201308
04160900790304160800810310000201308
04160900790307020300660410001201308
04160900790307020503340410002201308
04160900790307020503850410008201308
04160901090304160800810310000201308
04160901090305040200560410003201308
04160901090307020300400410002201308
04160901090307020303250410010201308
04160901090307020303680410001201308
04160901090307020303840410001201308
04160901090307020303920410001201308
04160901090307020304060410001201308
04160901090307020304220410001201308
04160901090307020304810410001201308
04160901090307020304900410001201308
04160901090307020305110410001201308
04160901090307020305200410001201308
04160901090307020305380410001201308
04160901090307020305460410002201308
04160901090307020305540410001201308
04160901090307020305620410001201308
04160901090307020306000410001201308
04160901090307020306190410002201308
04160901090307020306270410003201308
04160901090307020306350410003201308
04160901090307020306430410001201308
04160901090307020306510410002201308
04160901090307020306860410002201308
04160901090307020306940410010201308
04160901090307020307080410010201308
04160901090307020307240410003201308
04160901090307020307320410003201308
04160901090307020307400410003201308
04160901090307020307910410001201308
04160901090307020308050410010201308
04160901090307020308130410001201308
04160901090307020308210410001201308
04160901090307020308300410001201308
04160901090307020308560410001201308
04160901090307020308800410001201308
04160901090307020308990410001201308
04160901090307020309020410001201308
04160901090307020309100410001201308
04160901090307020309290410001201308
04160901090307020309450410001201308
04160901090307020309610410001201308
04160901090307020309700410001201308
04160901090307020309960410001201308
04160901090307020310030410001201308
04160901090307020310460410001201308
04160901090307020310620410001201308
04160901090307020310700410002201308
04160901090307020311510410001201308
04160901090307020311600410001201308
04160901090307020311780410001201308
04160901090307020311860410001201308
04160901090307020311940410001201308
04160901090307020312080410001201308
04160901090307020312160410001201308
04160901090307020313800410004201308
04160901170304160800810310000201308
04160901170304161100370310000201308
04160901170304161100450310000201308
04160901250304160800810310000201308
04160901330304160200200310000201308
04160901330304160201510310000201308
04160901330304160202160310000201308
04160901330304160202320310000201308
04160901330304160202590310000201308
04160901330304160800810310000201308
04161100100304160201940310000201308
04161100100307020500400410002201308
04161100100307020502880410001201308
04161100290307020500400410002201308
04161100290307020502880410001201308
04161100370304160201940310000201308
04161100370304160800810310000201308
04161100370307020313800410003201308
04161100370307020500400410002201308
04161100370307020502880410001201308
04161100370307020505550410001201308
04161100370307020505630410001201308
04161100450304160800810310000201308
04161100450307020313800410003201308
04161100450307020505550410001201308
04161100450307020505630410001201308
04161100610304160201940310000201308
04161100610307020500400410002201308
04161100610307020502880410001201308
04161100700307020500400410002201308
04161100700307020502880410001201308
04161200240304160202160310000201308
04161200240304160202400310000201308
04161200240304160800810310000201308
04161200240304161200320310000201308
04161200240304161200400310000201308
04161200240304161200590310000201308
04161200240307020800390410002201308
04161200320304160202160310000201308
04161200320304160202400310000201308
04161200320304160800810310000201308
04161200320304161200240310000201308
04161200320304161200400310000201308
04161200320304161200590310000201308
04161200320307020800390410002201308
04161200400304161200240310000201308
04161200400304161200320310000201308
04161200400304161200590310000201308
04161200590304160202160310000201308
04161200590304160202400310000201308
04170100440404170100520420000201308
04170100440404170100600420000201308
04170100520404170100600420000201308
04180100130602020102790710001201308
04180100130602020102870710001201308
04180100130602020102950710001201308
04180100130602020106780710001201308
04180100130602020306360710001201308
04180100130602020306790710001201308
04180100130602020308900710001201308
04180100130602020309700710001201308
04180100130602040301530710001201308
04180100130603050100180710001201308
04180100130603050100930710001201308
04180100130603050101070630001201308
04180100130603050101150630001201308
04180100130603050101230710001201308
04180100130603050101660630001201308
04180100130604180100210630001201308
04180100130604180100300630001201308
04180100130604180200190630000201308
04180100130604180200190710001201308
04180100130604180200270630000201308
04180100130604180200270710001201308
04180100210602020102790710001201308
04180100210602020102870710001201308
04180100210602020102950710001201308
04180100210602020106780710001201308
04180100210602020306360710001201308
04180100210602020306790710001201308
04180100210602020308900710001201308
04180100210602020309700710001201308
04180100210602040301530710001201308
04180100210603050100180710001201308
04180100210603050100930710001201308
04180100210603050101070630001201308
04180100210603050101150630001201308
04180100210603050101230710001201308
04180100210603050101660630001201308
04180100210604180100130630000201308
04180100210604180100300630000201308
04180100210604180200190630000201308
04180100210604180200190710001201308
04180100210604180200270630000201308
04180100210604180200270710001201308
04180100300602020102100710001201308
04180100300602020102790710001201308
04180100300602020102870710001201308
04180100300602020102950710001201308
04180100300602020103170710001201308
04180100300602020103840710001201308
04180100300602020103920710001201308
04180100300602020104220710001201308
04180100300602020104300710001201308
04180100300602020104730710001201308
04180100300602020106000710001201308
04180100300602020106270710001201308
04180100300602020106510710001201308
04180100300602020106600710001201308
04180100300602020106780710001201308
04180100300602020106940710001201308
04180100300602020203040710001201308
04180100300602020203710710001201308
04180100300602020203800710001201308
04180100300602020303000710001201308
04180100300602020306360710001201308
04180100300602020306790710001201308
04180100300602020308900710001201308
04180100300602020309700710001201308
04180100300602020602760710001201308
04180100300602020700850710001201308
04180100300602040301530710001201308
04180100300603050101070630001201308
04180100300603050101150630001201308
04180100300603050101660630001201308
04180100300604180100130630000201308
04180100300604180100210630000201308
04180100300604180200190630000201308
04180100300604180200190710001201308
04180100300604180200270630000201308
04180100300604180200270710001201308
04180100480602020102100710001201308
04180100480602020102790710001201308
04180100480602020102870710001201308
04180100480602020102950710001201308
04180100480602020103170710001201308
04180100480602020103840710001201308
04180100480602020103920710001201308
04180100480602020104220710001201308
04180100480602020104300710001201308
04180100480602020104730710001201308
04180100480602020106000710001201308
04180100480602020106270710001201308
04180100480602020106510710001201308
04180100480602020106600710001201308
04180100480602020106780710001201308
04180100480602020106940710001201308
04180100480602020203040710001201308
04180100480602020203710710001201308
04180100480602020203800710001201308
04180100480602020303000710001201308
04180100480602020306360710001201308
04180100480602020306790710001201308
04180100480602020308900710001201308
04180100480602020309700710001201308
04180100480602020602760710001201308
04180100480602020700850710001201308
04180100480602040301530710001201308
04180100480604180100480630000201308
04180100480607021000130710001201308
04180100800602020102100710001201308
04180100800602020102790710001201308
04180100800602020102870710001201308
04180100800602020102950710001201308
04180100800602020103170710001201308
04180100800602020103840710001201308
04180100800602020103920710001201308
04180100800602020104220710001201308
04180100800602020104300710001201308
04180100800602020104730710001201308
04180100800602020106000710001201308
04180100800602020106270710001201308
04180100800602020106510710001201308
04180100800602020106600710001201308
04180100800602020106780710001201308
04180100800602020106940710001201308
04180100800602020203040710001201308
04180100800602020203710710001201308
04180100800602020203800710001201308
04180100800602020303000710001201308
04180100800602020306360710001201308
04180100800602020306790710001201308
04180100800602020308900710001201308
04180100800602020309700710001201308
04180100800602020602760710001201308
04180100800602020700850710001201308
04180100800602040301530710001201308
04180100800603050101660630000201308
04180100800603050101820630000201308
04180100800604180100300630000201308
04180100800604180100800630000201308
04180100800604180200350710001201308
04180100800607021000300710002201308
04180100800607021000720710001201308
04180200190602020102790710001201308
04180200190602020102870710001201308
04180200190602020102950710001201308
04180200190602020106780710001201308
04180200190602020306360710001201308
04180200190602020306790710001201308
04180200190602020308900710001201308
04180200190602020309700710001201308
04180200190602040301530710001201308
04180200190603050100180710001201308
04180200190603050100930710001201308
04180200190603050101070630001201308
04180200190603050101150630001201308
04180200190603050101230710001201308
04180200190603050101660630001201308
04180200190604180100130630001201308
04180200190604180100210630001201308
04180200190604180100300630001201308
04180200190604180200270630000201308
04180200190604180200270710001201308
04180200270602020102790710001201308
04180200270602020102870710001201308
04180200270602020102950710001201308
04180200270602020106780710001201308
04180200270602020306360710001201308
04180200270602020306790710001201308
04180200270602020308900710001201308
04180200270602020309700710001201308
04180200270602040301530710001201308
04180200270603050100180710001201308
04180200270603050100930710001201308
04180200270603050101070630001201308
04180200270603050101150630001201308
04180200270603050101230710001201308
04180200270603050101660630001201308
04180200270604180100130630000201308
04180200270604180100210630000201308
04180200270604180100300630000201308
04180200270604180200190630000201308
04180200270604180200190710001201308
05010600570405010600140510002201308
05010600570405010600220510002201308
05010600570405010600300510002201308
05010600570405010600490510002201308
05020100290405020100100420000201308
05030100140305010600570410001201308
05030100140305010700280410001201308
05030100140305010700360410001201308
05030100140305020100100410000201308
05030100140305020100290410001201308
05030100140305030300150410001201308
05030100140305030300230410001201308
05030100140305030300310410001201308
05030100140305030300400410001201308
05030100140305030300580410001201308
05030100140305030300660410001201308
05030100140305030300740410001201308
05030100140305030300820410001201308
05030100140305030300900410001201308
05030100140305030301040410001201308
05030100140305030400100410001201308
05030100140305030400450410001201308
05030100140305030400530410001201308
05030100140305030400610410000201308
05030100140305030400880410006201308
05030100140305060100580410001201308
05030100140307021200140410003201308
05030100140307021200220410004201308
05030100140307021200300410003201308
05030100140307021200490410004201308
05030100140307021200570410003201308
05030100140307021200650410002201308
05030100140605030300580710001201308
05030100140605030400610710001201308
05030100220305010600570410001201308
05030100220305010700280410000201308
05030100220305010700360410000201308
05030100220305020100100410000201308
05030100220305020100290410000201308
05030100220305030300150410001201308
05030100220305030300230410001201308
05030100220305030300310410001201308
05030100220305030300400410001201308
05030100220305030300580410001201308
05030100220305030300660410001201308
05030100220305030300740410001201308
05030100220305030300820410001201308
05030100220305030300900410001201308
05030100220305030301040410001201308
05030100220305030400100410001201308
05030100220305030400290410001201308
05030100220305030400370410001201308
05030100220305030400530410001201308
05030100220305030400610410001201308
05030100220305030400880410000201308
05030100220305060100580410001201308
05030100220307021200140410003201308
05030100220307021200220410004201308
05030100220307021200300410003201308
05030100220307021200490410004201308
05030100220307021200570410003201308
05030100220307021200650410002201308
05030100220605030300580710001201308
05030100220605030400610710001201308
05030400610405030400530420001201308
05040100260305040100180410002201308
05040100260305040100340410002201308
05040100260307021200650410002201308
05040100260605040100180710002201308
05040100260605040100340710002201308
05040100260607021200650710002201308
05050100110304060206120410001201308
05050100200304060206120410001201308
05050100380304060206120410001201308
05050100460304060206120410001201308
05050100540304060206120410001201308
05050100620304060206120410001201308
05050100700304060206120410001201308
05050100890304060206120410001201308
05050200410305010800310410004201308
05050200410305010800400410004201308
05050200410305010800580410004201308
05050200410306030200380410005201308
05050200410306030200540410010201308
05050200410306030800140410002201308
05050200410306030800220410120201308
05050200410306030800300410060201308
05050200410306030800490410072201308
05050200410306030800570410060201308
05050200410306030800650410010201308
05050200410306030800730410084201308
05050200410306030800810410033201308
05050200410306030800900410056201308
05050200410306030801030410084201308
05050200410306030801110410028201308
05050200410306030801200410006201308
05050200410306030801380410180201308
05050200410306030801460410180201308
05050200410306030801540410010201308
05050200410306030801620410420201308
05050200410306030801700410007201308
05050200410306030801890410210201308
05050200410306030802000411080201308
05050200410306030802190410140201308
05050200410306030802270410120201308
05050200500306030800140410002201308
05050200500306030800220410120201308
05050200500306030800300410060201308
05050200500306030800490410072201308
05050200500306030800570410060201308
05050200500306030800650410010201308
05050200500306030800810410033201308
05050200500306030801380410180201308
05050200500306030801460410180201308
05050200500306030802270410120201308
05050200760305010800310410004201308
05050200760305010800400410004201308
05050200760305010800580410004201308
05050200760306030800140410002201308
05050200760306030800220410120201308
05050200760306030800300410060201308
05050200760306030800490410072201308
05050200760306030800570410060201308
05050200760306030800650410010201308
05050200760306030800730410084201308
05050200760306030800810410033201308
05050200760306030800900410056201308
05050200760306030801030410084201308
05050200760306030801110410028201308
05050200760306030801200410006201308
05050200760306030801380410180201308
05050200760306030801460410180201308
05050200760306030801540410010201308
05050200760306030801620410420201308
05050200760306030801700410007201308
05050200760306030801890410210201308
05050200760306030801970410120201308
05050200760306030802000411080201308
05050200760306030802270410120201308
05050200840305010800310410004201308
05050200840305010800580410004201308
05050200840306030800140410002201308
05050200840306030800220410120201308
05050200840306030800300410060201308
05050200840306030800490410072201308
05050200840306030800570410060201308
05050200840306030800650410010201308
05050200840306030800810410033201308
05050200840306030801380410180201308
05050200840306030801460410180201308
05050200840306030801620410420201308
05050200840306030801700410007201308
05050200840306030801890410210201308
05050200840306030802000411080201308
05050200840306030802190410140201308
05050200840306030802270410120201308
05050200920305010800310410004201308
05050200920305010800400410004201308
05050200920305010800580410004201308
05050200920305050200170510001201308
05050200920306030100160410006201308
05050200920306030200110410480201308
05050200920306030200200410240201308
05050200920306030200380410005201308
05050200920306030200460410720201308
05050200920306030200540410010201308
05050200920306030200620410084201308
05050200920306030200700410028201308
05050200920306030200890410056201308
05050200920306030200970410084201308
05050200920306030201000410010201308
05050200920306030800140410002201308
05050200920306030800220410120201308
05050200920306030800300410060201308
05050200920306030800490410072201308
05050200920306030800570410060201308
05050200920306030800650410010201308
05050200920306030800810410033201308
05050200920306030801200410006201308
05050200920306030801380410180201308
05050200920306030801460410180201308
05050200920306030801620410420201308
05050200920306030801700410007201308
05050200920306030801890410210201308
05050200920306030801970410120201308
05050200920306030802000411080201308
05050200920306030802270410120201308
05050201060305010800310410004201308
05050201060305010800400410004201308
05050201060305010800580410004201308
05050201060305050200250510001201308
05050201060306030100160410006201308
05050201060306030200110410480201308
05050201060306030200200410240201308
05050201060306030200380410005201308
05050201060306030200460410720201308
05050201060306030200540410010201308
05050201060306030200620410084201308
05050201060306030200700410028201308
05050201060306030200890410056201308
05050201060306030200970410084201308
05050201060306030201000410010201308
05050201060306030800220410120201308
05050201060306030800300410060201308
05050201060306030800490410072201308
05050201060306030800570410060201308
05050201060306030800650410010201308
05050201060306030800810410033201308
05050201060306030801200410006201308
05050201060306030801380410180201308
05050201060306030801460410180201308
05050201060306030801620410420201308
05050201060306030801700410007201308
05050201060306030801890410210201308
05050201060306030801970410002201308
05050201060306030802000410220201308
05050201060306030802190410140201308
05050201060306030802270410120201308
05050201140305010800310410004201308
05050201140305010800400410004201308
05050201140305010800580410004201308
05050201140305050200330510001201308
05050201140306030800140410002201308
05050201140306030800220410120201308
05050201140306030800300410060201308
05050201140306030800490410072201308
05050201140306030800570410060201308
05050201140306030800650410010201308
05050201140306030800730410084201308
05050201140306030800810410033201308
05050201140306030800900410056201308
05050201140306030801030410084201308
05050201140306030801110410028201308
05050201140306030801380410180201308
05050201140306030801460410180201308
05050201140306030801540410010201308
05050201140306030801620410420201308
05050201140306030801700410007201308
05050201140306030801890410210201308
05050201140306030801970410120201308
05050201140306030802000411080201308
05050201140306030802270410120201308
05050201220305010800310410004201308
05050201220305010800580410004201308
05050201220306030800140410002201308
05050201220306030800220410000201308
05050201220306030800300410060201308
05050201220306030800490410072201308
05050201220306030800570410060201308
05050201220306030800650410010201308
05050201220306030800810410033201308
05050201220306030801380410000201308
05050201220306030801460410000201308
05050201220306030801620410000201308
05050201220306030801700410007201308
05050201220306030801890410000201308
05050201220306030802000410000201308
05050201220306030802190410000201308
05050201220306030802270410000201308
05060100230605010800150710002201308
05060100230605010800230710002201308
05060100230605010800310710004201308
05060100230605010800400710000201308
05060100230605010800580710004201308
05060100230605010800660710002201308
05060100230605010800740710002201308
05060100230605010800900710002201308
05060200100305010800310410004201308
05060200100305010800400410004201308
05060200100305010800580410004201308
05060200100306030800140410002201308
05060200100306030800220410120201308
05060200100306030800300410060201308
05060200100306030800490410072201308
05060200100306030800570410060201308
05060200100306030800730410084201308
05060200100306030800810410033201308
05060200100306030800900410056201308
05060200100306030801030410084201308
05060200100306030801110410028201308
05060200100306030801200410006201308
05060200100306030801380410120201308
05060200100306030801460410180201308
05060200100306030801700410060201308
05060200100306030801970410002201308
05060200100306030802000410220201308
05060200100306030802190410140201308
05060200100306030802270410120201308
05060200370305010800310410004201308
05060200370305010800400410004201308
05060200370305010800580410004201308
05060200370306030800140410002201308
05060200370306030800220410120201308
05060200370306030800300410060201308
05060200370306030800490410072201308
05060200370306030800570410060201308
05060200370306030800730410084201308
05060200370306030800810410033201308
05060200370306030800900410056201308
05060200370306030801030410084201308
05060200370306030801110410028201308
05060200370306030801200410006201308
05060200370306030801380410120201308
05060200370306030801460410180201308
05060200370306030801700410060201308
05060200370306030801970410002201308
05060200370306030802000410220201308
05060200370306030802190410140201308
05060200370306030802270410120201308
05060200450305010800310410004201308
05060200450305010800400410004201308
05060200450305010800580410004201308
05060200450306030100160410006201308
05060200450306030200110410480201308
05060200450306030200200410240201308
05060200450306030200380410005201308
05060200450306030200460410720201308
05060200450306030200540410010201308
05060200450306030200620410084201308
05060200450306030200700410028201308
05060200450306030200890410056201308
05060200450306030200970410084201308
05060200450306030201000410010201308
05060200450306030800140410002201308
05060200450306030800220410120201308
05060200450306030800300410060201308
05060200450306030800490410072201308
05060200450306030800570410060201308
05060200450306030800650410010201308
05060200450306030800730410084201308
05060200450306030800810410033201308
05060200450306030800900410056201308
05060200450306030801030410084201308
05060200450306030801110410028201308
05060200450306030801200410006201308
05060200450306030801380410180201308
05060200450306030801460410180201308
05060200450306030801540410010201308
05060200450306030801620410420201308
05060200450306030801700410007201308
05060200450306030801890410210201308
05060200450306030801970410002201308
05060200450306030802000410220201308
05060200450306030802190410140201308
05060200450306030802270410120201308
05060200530305010800310410004201308
05060200530305010800400410004201308
05060200530305010800580410004201308
05060200530305060200100320000201308
05060200530305060200290320000201308
05060200530305060200370320000201308
05060200530305060200450320000201308
05060200530306030100160410006201308
05060200530306030200110410480201308
05060200530306030200200410240201308
05060200530306030200380410005201308
05060200530306030200460410720201308
05060200530306030200540410010201308
05060200530306030200620410084201308
05060200530306030200700410028201308
05060200530306030200890410056201308
05060200530306030200970410084201308
05060200530306030201000410010201308
05060200530306030800140410002201308
05060200530306030800220410120201308
05060200530306030800300410060201308
05060200530306030800490410072201308
05060200530306030800570410060201308
05060200530306030800650410010201308
05060200530306030800730410084201308
05060200530306030800810410033201308
05060200530306030800900410056201308
05060200530306030801030410084201308
05060200530306030801110410028201308
05060200530306030801200410006201308
05060200530306030801380410180201308
05060200530306030801460410180201308
05060200530306030801540410010201308
05060200530306030801620410420201308
05060200530306030801700410007201308
05060200530306030801890410210201308
05060200530306030801970410002201308
05060200530306030802000410220201308
05060200530306030802190410140201308
05060200530306030802270410120201308
05060200610305010800310410004201308
05060200610305010800400410004201308
05060200610305010800580410004201308
05060200610305060200100320000201308
05060200610305060200290320000201308
05060200610305060200370320000201308
05060200610305060200450320000201308
05060200610306030100160410006201308
05060200610306030200110410480201308
05060200610306030200200410240201308
05060200610306030200380410005201308
05060200610306030200460410720201308
05060200610306030200540410010201308
05060200610306030200620410084201308
05060200610306030200700410028201308
05060200610306030200890410056201308
05060200610306030200970410084201308
05060200610306030201000410010201308
05060200610306030800140410002201308
05060200610306030800220410120201308
05060200610306030800300410060201308
05060200610306030800490410072201308
05060200610306030800570410060201308
05060200610306030800650410010201308
05060200610306030800730410084201308
05060200610306030800810410033201308
05060200610306030800900410056201308
05060200610306030801030410084201308
05060200610306030801110410028201308
05060200610306030801200410006201308
05060200610306030801380410180201308
05060200610306030801540410010201308
05060200610306030801620410420201308
05060200610306030801700410007201308
05060200610306030801890410210201308
05060200610306030801970410002201308
05060200610306030802000410220201308
05060200610306030802190410140201308
05060200610306030802270410120201308
05060200700305010800310410004201308
05060200700305010800400410004201308
05060200700305010800580410004201308
05060200700305060200100320000201308
05060200700305060200290320000201308
05060200700305060200370320000201308
05060200700305060200450320000201308
05060200700306030100160410006201308
05060200700306030200110410480201308
05060200700306030200200410240201308
05060200700306030200380410005201308
05060200700306030200460410720201308
05060200700306030200540410010201308
05060200700306030200620410084201308
05060200700306030200700410028201308
05060200700306030200890410056201308
05060200700306030200970410084201308
05060200700306030201000410010201308
05060200700306030800140410002201308
05060200700306030800220410120201308
05060200700306030800300410060201308
05060200700306030800490410072201308
05060200700306030800570410060201308
05060200700306030800650410010201308
05060200700306030800730410084201308
05060200700306030800810410033201308
05060200700306030800900410056201308
05060200700306030801030410084201308
05060200700306030801110410028201308
05060200700306030801200410006201308
05060200700306030801380410180201308
05060200700306030801460410180201308
05060200700306030801540410010201308
05060200700306030801620410420201308
05060200700306030801700410007201308
05060200700306030801890410210201308
05060200700306030801970410002201308
05060200700306030802000410220201308
05060200700306030802190410140201308
05060200700306030802270410120201308
05060200880305010800310410004201308
05060200880305010800400410004201308
05060200880305010800580410004201308
05060200880305060200100320000201308
05060200880305060200290320000201308
05060200880305060200370320000201308
05060200880305060200450320000201308
05060200880306030100160410006201308
05060200880306030200110410480201308
05060200880306030200200410240201308
05060200880306030200380410005201308
05060200880306030200460410720201308
05060200880306030200540410010201308
05060200880306030200620410084201308
05060200880306030200700410028201308
05060200880306030200890410056201308
05060200880306030200970410084201308
05060200880306030201000410010201308
05060200880306030800140410002201308
05060200880306030800220410120201308
05060200880306030800300410060201308
05060200880306030800490410072201308
05060200880306030800570410060201308
05060200880306030800650410010201308
05060200880306030800730410084201308
05060200880306030800810410033201308
05060200880306030800900410056201308
05060200880306030801030410084201308
05060200880306030801110410028201308
05060200880306030801200410006201308
05060200880306030801380410180201308
05060200880306030801460410180201308
05060200880306030801540410010201308
05060200880306030801620410420201308
05060200880306030801700410007201308
05060200880306030801890410210201308
05060200880306030801970410002201308
05060200880306030802000410220201308
05060200880306030802190410140201308
05060200880306030802270410120201308
05060200960305010800310410004201308
05060200960305010800400410004201308
05060200960305010800580410004201308
05060200960305060200100320000201308
05060200960305060200290320000201308
05060200960305060200370320000201308
05060200960305060200450320000201308
05060200960306030100160410006201308
05060200960306030200110410480201308
05060200960306030200380410005201308
05060200960306030200460410720201308
05060200960306030200540410010201308
05060200960306030200620410084201308
05060200960306030200700410028201308
05060200960306030200890410056201308
05060200960306030200970410084201308
05060200960306030201000410010201308
05060200960306030800140410002201308
05060200960306030800220410120201308
05060200960306030800300410060201308
05060200960306030800490410072201308
05060200960306030800570410060201308
05060200960306030800650410010201308
05060200960306030800730410084201308
05060200960306030800810410033201308
05060200960306030800900410056201308
05060200960306030801030410084201308
05060200960306030801110410028201308
05060200960306030801200410006201308
05060200960306030801380410180201308
05060200960306030801460410180201308
05060200960306030801540410010201308
05060200960306030801620410420201308
05060200960306030801700410007201308
05060200960306030801890410210201308
05060200960306030801970410002201308
05060200960306030802000410220201308
05060200960306030802190410140201308
05060200960306030802270410120201308
05060201000305010800310410004201308
05060201000305010800400410004201308
05060201000305010800580410004201308
05060201000305060200100320000201308
05060201000305060200290320000201308
05060201000305060200370320000201308
05060201000305060200450320000201308
05060201000306030100160410006201308
05060201000306030200110410480201308
05060201000306030200200410240201308
05060201000306030200380410005201308
05060201000306030200460410720201308
05060201000306030200540410010201308
05060201000306030200620410084201308
05060201000306030200700410028201308
05060201000306030200890410056201308
05060201000306030200970410084201308
05060201000306030201000410010201308
05060201000306030800140410002201308
05060201000306030800220410120201308
05060201000306030800300410060201308
05060201000306030800490410072201308
05060201000306030800570410060201308
05060201000306030800650410010201308
05060201000306030800730410084201308
05060201000306030800810410033201308
05060201000306030800900410056201308
05060201000306030801030410084201308
05060201000306030801110410028201308
05060201000306030801200410006201308
05060201000306030801380410180201308
05060201000306030801460410180201308
05060201000306030801540410010201308
05060201000306030801620410420201308
05060201000306030801700410007201308
05060201000306030801890410210201308
05060201000306030801970410002201308
05060201000306030802000410220201308
05060201000306030802190410140201308
05060201000306030802270410120201308
05060201180305060200100320000201308
05060201180305060200290320000201308
05060201180305060200370320000201308
05060201180305060200450320000201308
06030200620406030200700420000201308
06030200620406030200890420000201308
06030200620406030200970420000201308
06030200890406030200700420000201308
06030200970406030200700420000201308
06030200970406030200890420000201308
06030201000406030200620420000201308
06030201000406030200700420000201308
06030201000406030200890420000201308
06030201000406030200970420000201308
06030500420406030500770420000201308
06030500420406030500850420000201308
06030500420406030500930420000201308
06030500500406030500770420000201308
06030500500406030500850420000201308
06030500500406030500930420000201308
06030500690406030500770420000201308
06030500690406030500850420000201308
06030500690406030500930420000201308
06030500770406030500850420000201308
06030500770406030500930420000201308
06030500850406030500770420000201308
06030500850406030500930420000201308
06030500930406030500770420000201308
06030500930406030500850420000201308
07020100300407020100570420000201308
07020100300407020100810420000201308
07020100300407020100900420000201308
07020100300407020101200420000201308
07020100300407020102190420000201308
07020100570407020100810420000201308
07020100570407020100900420000201308
07020100570407020101110420000201308
07020100570407020101200420000201308
07020100570407020102190420000201308
07020100650407020100300420000201308
07020100650407020100570420000201308
07020100650407020100810420000201308
07020100650407020100900420000201308
07020100650407020101110420000201308
07020100650407020101200420000201308
07020100650407020102190420000201308
07020100900407020100810420000201308
07020101110407020100810420000201308
07020101110407020100900420000201308
07020101110407020101200420000201308
07020101110407020102190420000201308
07020101200407020100810420000201308
07020101200407020100900420000201308
07020101200407020102190420000201308
07020102190407020100810420000201308
07020102190407020100900420000201308
07020310380407020312670420000201308
07020310380407020503340420000201308
07020400610407020400450420000201308
07020400610407020404360420000201308
07020401000407020402230420000201308
07020401500407020503420420000201308
07020403390407020403470420000201308
07020404360407020400450420000201308
07020503340407020312670420000201308
07020504310407020504400420000201308
07020504740407020504820420000201308
07020505120407020310380420000201308
07020505120407020312670420000201308
07020505120407020503340420000201308
07020505550407020505470420000201308
07020505550407020505630420000201308
07020505550407020505710420000201308
07020505630407020505470420000201308
07020505630407020505710420000201308
