010101001001201308
010101002801201308
010101003601201308
010101004401201308
010102001501201308
010102002301201308
010102003101201308
010102004001201308
010102005801201308
010102006601201308
010102006602201308
010102006603201308
010102007401201308
010102007402201308
010102007403201308
010102008201201308
010102009001201308
010102009002201308
010102009003201308
010103001001201308
010103001006201308
010103002901201308
010104001601201308
010104002401201308
010104003201201308
010104004001201308
010201005601201308
010201006401201308
010201007201201308
010201014501201308
010201015301201308
010201016101201308
010201017001201308
010201018801201308
010201019601201308
010201020001201308
010201021801201308
010201022601201308
010201023401201308
010201024201201308
010201025001201308
010201026901201308
010201027701201308
010201028501201308
010201029301201308
010201030701201308
010201031501201308
010201032301201308
010201033101201308
010201034001201308
010201035801201308
010201036601201308
010201037401201308
010201038201201308
010201039001201308
010201040401201308
010201041201201308
010201042001201308
010201043901201308
010201044701201308
010201045501201308
010201046301201308
010201047101201308
010201048001201308
010201049801201308
010201050101201308
010201051001201308
010201052801201308
010201053601201308
020101001101201308
020101001102201308
020101001103201308
020101002001201308
020101002002201308
020101002003201308
020101003802201308
020101004601201308
020101004602201308
020101004603201308
020101005402201308
020101005403201308
020101006201201308
020101006202201308
020101006203201308
020101007001201308
020101007002201308
020101007003201308
020101008901201308
020101008902201308
020101008903201308
020101009701201308
020101009702201308
020101009703201308
020101010001201308
020101010002201308
020101010003201308
020101011901201308
020101011902201308
020101011903201308
020101012702201308
020101013502201308
020101014301201308
020101014302201308
020101014303201308
020101015101201308
020101015102201308
020101015103201308
020101016001201308
020101016002201308
020101016003201308
020101017801201308
020101017802201308
020101017803201308
020101018601201308
020101018602201308
020101018603201308
020101019401201308
020101019402201308
020101019403201308
020101020802201308
020101021601201308
020101021602201308
020101021603201308
020101022401201308
020101022402201308
020101022403201308
020101023201201308
020101023202201308
020101023203201308
020101024001201308
020101024002201308
020101024003201308
020101025902201308
020101026701201308
020101026702201308
020101026703201308
020101027501201308
020101027502201308
020101027503201308
020101028301201308
020101028302201308
020101028303201308
020101029101201308
020101029102201308
020101029103201308
020101030501201308
020101030502201308
020101030503201308
020101031301201308
020101031302201308
020101031303201308
020101032101201308
020101032102201308
020101032103201308
020101033001201308
020101033002201308
020101033003201308
020101034801201308
020101034802201308
020101034803201308
020101035601201308
020101036401201308
020101037201201308
020101037202201308
020101037203201308
020101038001201308
020101038002201308
020101038003201308
020101039901201308
020101039902201308
020101039903201308
020101040201201308
020101040202201308
020101040203201308
020101041001201308
020101041002201308
020101041003201308
020101042902201308
020101043701201308
020101043702201308
020101043703201308
020101044501201308
020101044502201308
020101044503201308
020101045301201308
020101045302201308
020101045303201308
020101046101201308
020101046102201308
020101046103201308
020101047001201308
020101047002201308
020101047003201308
020101048801201308
020101048802201308
020101048803201308
020101049601201308
020101049602201308
020101049603201308
020101050001201308
020101050002201308
020101050003201308
020101051801201308
020101051802201308
020101051803201308
020101052601201308
020101052602201308
020101052603201308
020101053402201308
020101054201201308
020101054202201308
020101054203201308
020101055002201308
020101056901201308
020101058501201308
020101058502201308
020101058503201308
020101059301201308
020101059302201308
020101059303201308
020101060701201308
020101060702201308
020101060703201308
020101061501201308
020101061502201308
020101061503201308
020101062301201308
020101062302201308
020101062303201308
020101063101201308
020101063102201308
020101063103201308
020101064001201308
020101064002201308
020101064003201308
020101065801201308
020101065802201308
020101065803201308
020101066601201308
020101066602201308
020101066603201308
020102001701201308
020102001702201308
020102001703201308
020102002501201308
020102002502201308
020102002503201308
020102003301201308
020102003302201308
020102003303201308
020102003306201308
020102004101201308
020102004102201308
020102004103201308
020102004106201308
020102005001201308
020102005002201308
020102005003201308
020201001501201308
020201001502201308
020201001503201308
020201002301201308
020201002302201308
020201002303201308
020201003101201308
020201003102201308
020201003103201308
020201004001201308
020201004002201308
020201004003201308
020201005801201308
020201005802201308
020201005803201308
020201006601201308
020201006602201308
020201006603201308
020201007401201308
020201007402201308
020201007403201308
020201008201201308
020201008202201308
020201008203201308
020201009001201308
020201009002201308
020201009003201308
020201010401201308
020201010402201308
020201010403201308
020201011201201308
020201011202201308
020201011203201308
020201012001201308
020201012002201308
020201012003201308
020201013901201308
020201013902201308
020201013903201308
020201014701201308
020201014702201308
020201014703201308
020201015501201308
020201015502201308
020201015503201308
020201016301201308
020201016302201308
020201016303201308
020201017101201308
020201017102201308
020201017103201308
020201018001201308
020201018002201308
020201018003201308
020201019801201308
020201019802201308
020201019803201308
020201020101201308
020201020102201308
020201020103201308
020201021001201308
020201021002201308
020201021003201308
020201022801201308
020201022802201308
020201022803201308
020201023601201308
020201023602201308
020201023603201308
020201024402201308
020201024403201308
020201025201201308
020201025202201308
020201025203201308
020201026001201308
020201026002201308
020201026003201308
020201027901201308
020201027902201308
020201027903201308
020201028701201308
020201028702201308
020201028703201308
020201029501201308
020201029502201308
020201029503201308
020201030901201308
020201030902201308
020201030903201308
020201031701201308
020201031702201308
020201031703201308
020201032501201308
020201032502201308
020201032503201308
020201033301201308
020201033302201308
020201033303201308
020201034101201308
020201034102201308
020201034103201308
020201035001201308
020201035002201308
020201035003201308
020201036801201308
020201036802201308
020201036803201308
020201037601201308
020201037602201308
020201037603201308
020201038401201308
020201038402201308
020201038403201308
020201039201201308
020201039202201308
020201039203201308
020201040601201308
020201040602201308
020201040603201308
020201041401201308
020201041402201308
020201041403201308
020201042201201308
020201042202201308
020201042203201308
020201043001201308
020201043002201308
020201043003201308
020201044901201308
020201044902201308
020201044903201308
020201045701201308
020201045702201308
020201045703201308
020201046501201308
020201046502201308
020201046503201308
020201047301201308
020201047302201308
020201047303201308
020201048101201308
020201048102201308
020201048103201308
020201049001201308
020201049002201308
020201049003201308
020201050301201308
020201050302201308
020201050303201308
020201051101201308
020201051102201308
020201051103201308
020201052001201308
020201053801201308
020201053802201308
020201053803201308
020201054601201308
020201054602201308
020201054603201308
020201055401201308
020201055402201308
020201055403201308
020201056201201308
020201056202201308
020201056203201308
020201057001201308
020201057002201308
020201057003201308
020201058901201308
020201058902201308
020201058903201308
020201059701201308
020201059702201308
020201059703201308
020201060001201308
020201060002201308
020201060003201308
020201061901201308
020201061902201308
020201061903201308
020201062701201308
020201062702201308
020201062703201308
020201063501201308
020201063502201308
020201063503201308
020201064301201308
020201064302201308
020201064303201308
020201065101201308
020201065102201308
020201065103201308
020201066001201308
020201066002201308
020201066003201308
020201067801201308
020201067802201308
020201067803201308
020201068601201308
020201068602201308
020201068603201308
020201069401201308
020201069402201308
020201069403201308
020201070801201308
020201070802201308
020201070803201308
020201071601201308
020201071602201308
020201071603201308
020201072401201308
020201072402201308
020201072403201308
020201073201201308
020201073202201308
020201073203201308
020201074001201308
020201074002201308
020201074003201308
020201075901201308
020201075902201308
020201075903201308
020201076701201308
020201076702201308
020201076703201308
020201077501201308
020201078301201308
020202001001201308
020202001002201308
020202001003201308
020202002901201308
020202002902201308
020202002903201308
020202003701201308
020202003702201308
020202003703201308
020202004501201308
020202004502201308
020202004503201308
020202005301201308
020202005302201308
020202005303201308
020202006101201308
020202006102201308
020202006103201308
020202007001201308
020202007002201308
020202007003201308
020202008801201308
020202008802201308
020202008803201308
020202009601201308
020202009602201308
020202009603201308
020202010001201308
020202010002201308
020202010003201308
020202011801201308
020202012601201308
020202012602201308
020202012606201308
020202013401201308
020202013402201308
020202013403201308
020202014201201308
020202014202201308
020202014203201308
020202015001201308
020202015002201308
020202015003201308
020202016901201308
020202016902201308
020202016903201308
020202017701201308
020202017702201308
020202017703201308
020202018501201308
020202018502201308
020202018503201308
020202019301201308
020202019302201308
020202019303201308
020202020701201308
020202020702201308
020202020703201308
020202021501201308
020202021502201308
020202021503201308
020202022301201308
020202022302201308
020202022303201308
020202023101201308
020202023102201308
020202023103201308
020202024001201308
020202024002201308
020202024003201308
020202025801201308
020202025802201308
020202025803201308
020202026601201308
020202026602201308
020202026603201308
020202027401201308
020202027402201308
020202027403201308
020202028201201308
020202028202201308
020202028203201308
020202029001201308
020202029002201308
020202029003201308
020202030401201308
020202030402201308
020202030403201308
020202031201201308
020202031202201308
020202031203201308
020202032001201308
020202032002201308
020202032003201308
020202033901201308
020202033902201308
020202033903201308
020202034701201308
020202034702201308
020202034703201308
020202035501201308
020202035502201308
020202035503201308
020202036301201308
020202036302201308
020202036303201308
020202037101201308
020202037102201308
020202037103201308
020202038001201308
020202038002201308
020202038003201308
020202039801201308
020202039802201308
020202039803201308
020202040101201308
020202040102201308
020202040103201308
020202041001201308
020202041002201308
020202041003201308
020202042801201308
020202042802201308
020202042803201308
020202043601201308
020202043602201308
020202043603201308
020202044401201308
020202044402201308
020202044403201308
020202045201201308
020202045202201308
020202045203201308
020202046001201308
020202046002201308
020202046003201308
020202047902201308
020202048701201308
020202048702201308
020202048703201308
020202049501201308
020202049502201308
020202049503201308
020202050901201308
020202050902201308
020202050903201308
020202051701201308
020202052501201308
020202052502201308
020202052503201308
020202053301201308
020202053302201308
020202053303201308
020202054101201308
020202054102201308
020202054103201308
020203001601201308
020203001602201308
020203001603201308
020203002401201308
020203002402201308
020203002403201308
020203003201201308
020203003202201308
020203003203201308
020203004001201308
020203004002201308
020203004003201308
020203005901201308
020203005902201308
020203005903201308
020203006701201308
020203006702201308
020203006703201308
020203007501201308
020203007502201308
020203007503201308
020203008301201308
020203008302201308
020203008303201308
020203009101201308
020203009102201308
020203009103201308
020203010501201308
020203010502201308
020203010503201308
020203011301201308
020203011302201308
020203011303201308
020203012101201308
020203012102201308
020203012103201308
020203013001201308
020203013002201308
020203013003201308
020203014801201308
020203014802201308
020203014803201308
020203015601201308
020203015602201308
020203015603201308
020203016401201308
020203016402201308
020203016403201308
020203017202201308
020203017203201308
020203018001201308
020203018002201308
020203018003201308
020203019901201308
020203019902201308
020203019903201308
020203020201201308
020203020202201308
020203020203201308
020203021001201308
020203022901201308
020203022902201308
020203022903201308
020203023701201308
020203023702201308
020203024501201308
020203024502201308
020203024503201308
020203025301201308
020203025302201308
020203025303201308
020203026101201308
020203027001201308
020203027002201308
020203027003201308
020203028801201308
020203028802201308
020203028803201308
020203029601201308
020203029602201308
020203029603201308
020203030001201308
020203030002201308
020203030003201308
020203031801201308
020203031802201308
020203031803201308
020203032601201308
020203032602201308
020203032603201308
020203033401201308
020203033402201308
020203033403201308
020203034201201308
020203034202201308
020203034203201308
020203035001201308
020203035002201308
020203035003201308
020203036901201308
020203036902201308
020203036903201308
020203037701201308
020203037702201308
020203037703201308
020203038501201308
020203038502201308
020203038503201308
020203039301201308
020203039302201308
020203039303201308
020203040701201308
020203040702201308
020203040703201308
020203041501201308
020203041502201308
020203041503201308
020203042301201308
020203042302201308
020203042303201308
020203043101201308
020203043102201308
020203043103201308
020203044001201308
020203044002201308
020203044003201308
020203045801201308
020203045802201308
020203045803201308
020203046601201308
020203046602201308
020203046603201308
020203047401201308
020203047402201308
020203047403201308
020203048201201308
020203048202201308
020203048203201308
020203050401201308
020203050402201308
020203050403201308
020203051201201308
020203051202201308
020203051203201308
020203052001201308
020203052002201308
020203052003201308
020203053901201308
020203053902201308
020203053903201308
020203054701201308
020203054702201308
020203054703201308
020203055501201308
020203055502201308
020203055503201308
020203056301201308
020203056302201308
020203056303201308
020203057101201308
020203057102201308
020203057103201308
020203058001201308
020203058002201308
020203058003201308
020203059801201308
020203059802201308
020203059803201308
020203060101201308
020203060102201308
020203061001201308
020203061002201308
020203061003201308
020203062801201308
020203062802201308
020203062803201308
020203063601201308
020203063602201308
020203063603201308
020203064401201308
020203064402201308
020203064403201308
020203065201201308
020203065202201308
020203065203201308
020203066001201308
020203066002201308
020203066003201308
020203067901201308
020203067902201308
020203067903201308
020203068701201308
020203068702201308
020203068703201308
020203069501201308
020203069502201308
020203069503201308
020203070901201308
020203070902201308
020203070903201308
020203071701201308
020203071702201308
020203071703201308
020203072501201308
020203072502201308
020203072503201308
020203073301201308
020203073302201308
020203073303201308
020203074101201308
020203074102201308
020203074103201308
020203075001201308
020203075002201308
020203075003201308
020203076801201308
020203076802201308
020203076803201308
020203077601201308
020203077602201308
020203077603201308
020203078401201308
020203078402201308
020203078403201308
020203079201201308
020203079202201308
020203079203201308
020203080601201308
020203080602201308
020203080603201308
020203081401201308
020203081402201308
020203081403201308
020203082201201308
020203082202201308
020203082203201308
020203083001201308
020203083002201308
020203083003201308
020203084901201308
020203084902201308
020203084903201308
020203085701201308
020203085702201308
020203085703201308
020203086501201308
020203086502201308
020203086503201308
020203087301201308
020203087302201308
020203087303201308
020203088101201308
020203088102201308
020203088103201308
020203089001201308
020203089002201308
020203089003201308
020203090301201308
020203090302201308
020203090303201308
020203091101201308
020203091102201308
020203091103201308
020203092001201308
020203092002201308
020203092003201308
020203093801201308
020203093802201308
020203093803201308
020203094601201308
020203094602201308
020203094603201308
020203095401201308
020203095402201308
020203095403201308
020203096201201308
020203096202201308
020203096203201308
020203097001201308
020203097002201308
020203097003201308
020203098901201308
020203098902201308
020203098903201308
020203099701201308
020203099702201308
020203099703201308
020203100401201308
020203100402201308
020203100403201308
020203101201201308
020203101202201308
020203101203201308
020203102001201308
020203102002201308
020203102003201308
020203103901201308
020203103902201308
020203103903201308
020203104701201308
020203104702201308
020203104703201308
020203105501201308
020203106301201308
020203106302201308
020203106303201308
020203107101201308
020203107102201308
020203107103201308
020203108001201308
020203109801201308
020203109802201308
020203109803201308
020203110101201308
020203110102201308
020203110103201308
020203111001201308
020203111002201308
020203111003201308
020203112801201308
020203112802201308
020203112803201308
020203113601201308
020203113602201308
020203113603201308
020203114401201308
020203114402201308
020203114403201308
020203115201201308
020203115202201308
020203115203201308
020203117901201308
020203117902201308
020203117903201308
020203118701201308
020203118702201308
020203118703201308
020203119501201308
020203119502201308
020203119503201308
020203120901201308
020203120902201308
020203120903201308
020203121701201308
020204001101201308
020204001102201308
020204001103201308
020204002001201308
020204002002201308
020204002003201308
020204003801201308
020204003802201308
020204003803201308
020204004601201308
020204004602201308
020204004603201308
020204005401201308
020204005402201308
020204005403201308
020204006201201308
020204006202201308
020204006203201308
020204007001201308
020204007002201308
020204007003201308
020204008901201308
020204008902201308
020204008903201308
020204009701201308
020204009702201308
020204009703201308
020204010001201308
020204010002201308
020204010003201308
020204011901201308
020204012701201308
020204012702201308
020204012703201308
020204013501201308
020204013502201308
020204013503201308
020204014301201308
020204014302201308
020204014303201308
020204015101201308
020204015102201308
020204015103201308
020204016001201308
020204016002201308
020204016003201308
020204017801201308
020204017802201308
020204017803201308
020205001701201308
020205001702201308
020205001703201308
020205002501201308
020205002502201308
020205002503201308
020205003301201308
020205003302201308
020205003303201308
020205004101201308
020205004102201308
020205004103201308
020205005001201308
020205005002201308
020205005003201308
020205006801201308
020205006802201308
020205006803201308
020205007601201308
020205007602201308
020205007603201308
020205008401201308
020205008402201308
020205008403201308
020205009201201308
020205009202201308
020205009203201308
020205010601201308
020205010602201308
020205010603201308
020205011401201308
020205011402201308
020205011403201308
020205012201201308
020205012202201308
020205012203201308
020205013001201308
020205013002201308
020205013003201308
020205014901201308
020205014902201308
020205014903201308
020205015701201308
020205015702201308
020205015703201308
020205016501201308
020205016502201308
020205016503201308
020205017301201308
020205017302201308
020205017303201308
020205018101201308
020205018102201308
020205018103201308
020205019001201308
020205019002201308
020205019003201308
020205020301201308
020205020302201308
020205020303201308
020205021101201308
020205021102201308
020205021103201308
020205022001201308
020205022002201308
020205022003201308
020205023801201308
020205023802201308
020205023803201308
020205024601201308
020205024602201308
020205024603201308
020205025401201308
020205025402201308
020205025403201308
020205026201201308
020205026202201308
020205026203201308
020205027001201308
020205027002201308
020205027003201308
020205028901201308
020205028902201308
020205028903201308
020205029701201308
020205029702201308
020205029703201308
020205030001201308
020205030002201308
020205030003201308
020205031901201308
020205031902201308
020205031903201308
020205032701201308
020205032702201308
020205032703201308
020206001201201308
020206001202201308
020206001203201308
020206002001201308
020206002002201308
020206002003201308
020206003901201308
020206003902201308
020206003903201308
020206004701201308
020206004702201308
020206004703201308
020206005501201308
020206005502201308
020206005503201308
020206006301201308
020206006302201308
020206006303201308
020206007101201308
020206007102201308
020206007103201308
020206008001201308
020206008002201308
020206008003201308
020206009801201308
020206009802201308
020206009803201308
020206010101201308
020206010102201308
020206010103201308
020206011001201308
020206011002201308
020206011003201308
020206012801201308
020206012802201308
020206012803201308
020206013601201308
020206013602201308
020206013603201308
020206014401201308
020206014402201308
020206014403201308
020206015201201308
020206015202201308
020206015203201308
020206016001201308
020206016002201308
020206016003201308
020206017901201308
020206017902201308
020206017903201308
020206018701201308
020206018702201308
020206018703201308
020206019501201308
020206019502201308
020206019503201308
020206020901201308
020206020902201308
020206020903201308
020206021701201308
020206021702201308
020206021703201308
020206022501201308
020206022502201308
020206022503201308
020206023301201308
020206023302201308
020206023303201308
020206024101201308
020206024102201308
020206024103201308
020206025001201308
020206025002201308
020206025003201308
020206026801201308
020206026802201308
020206026803201308
020206027601201308
020206028401201308
020206028402201308
020206028403201308
020206029201201308
020206029202201308
020206029203201308
020206030601201308
020206030602201308
020206030603201308
020206031401201308
020206031402201308
020206031403201308
020206032201201308
020206033001201308
020206033002201308
020206033003201308
020206034901201308
020206034902201308
020206034903201308
020206035701201308
020206035702201308
020206036501201308
020206036502201308
020206036503201308
020206037301201308
020206037302201308
020206037303201308
020206038101201308
020206038102201308
020206038103201308
020206039001201308
020206039002201308
020206039003201308
020206040301201308
020206040302201308
020206040303201308
020206041101201308
020206041102201308
020206041103201308
020206042001201308
020206042002201308
020206042003201308
020206043801201308
020206043802201308
020206043803201308
020206044601201308
020206044602201308
020206044603201308
020206045401201308
020206045402201308
020206045403201308
020206046201201308
020206046202201308
020206046203201308
020206047001201308
020206047002201308
020206047003201308
020207001801201308
020207001802201308
020207001803201308
020207002601201308
020207002602201308
020207002603201308
020207003401201308
020207003402201308
020207003403201308
020207004201201308
020207004202201308
020207004203201308
020207005001201308
020207005002201308
020207005003201308
020207006901201308
020207006902201308
020207006903201308
020207007701201308
020207007702201308
020207007703201308
020207008501201308
020207008502201308
020207008503201308
020207009301201308
020207009302201308
020207009303201308
020207010701201308
020207010702201308
020207010703201308
020207011501201308
020207011502201308
020207011503201308
020207012301201308
020207012302201308
020207012303201308
020207013101201308
020207013102201308
020207013103201308
020207014001201308
020207014002201308
020207014003201308
020207015801201308
020207015802201308
020207015803201308
020207016601201308
020207016602201308
020207016603201308
020207017401201308
020207017402201308
020207017403201308
020207018201201308
020207018202201308
020207018203201308
020207019001201308
020207019002201308
020207019003201308
020207020401201308
020207020402201308
020207020403201308
020207021201201308
020207021202201308
020207021203201308
020207022001201308
020207022002201308
020207022003201308
020207023901201308
020207023902201308
020207023903201308
020207024701201308
020207024702201308
020207024703201308
020207025501201308
020207025502201308
020207025503201308
020207026301201308
020207026302201308
020207026303201308
020207027101201308
020207027102201308
020207027103201308
020207028001201308
020207028002201308
020207028003201308
020207029801201308
020207029802201308
020207029803201308
020207030101201308
020207030102201308
020207030103201308
020207031001201308
020207031002201308
020207031003201308
020207032801201308
020207032802201308
020207032803201308
020207033601201308
020207033602201308
020207033603201308
020207034401201308
020207034402201308
020207034403201308
020207035201201308
020207035202201308
020207035203201308
020208001301201308
020208001302201308
020208001303201308
020208002101201308
020208002102201308
020208002103201308
020208003001201308
020208003002201308
020208003003201308
020208004801201308
020208004802201308
020208004803201308
020208005601201308
020208005602201308
020208005603201308
020208006401201308
020208006402201308
020208006403201308
020208007201201308
020208007202201308
020208007203201308
020208008001201308
020208008002201308
020208008003201308
020208009901201308
020208009902201308
020208009903201308
020208010201201308
020208010202201308
020208010203201308
020208011001201308
020208011002201308
020208011003201308
020208012901201308
020208012902201308
020208012903201308
020208013701201308
020208013702201308
020208013703201308
020208014501201308
020208014502201308
020208014503201308
020208015301201308
020208015302201308
020208015303201308
020208016101201308
020208016102201308
020208016103201308
020208017001201308
020208017002201308
020208017003201308
020208018801201308
020208018802201308
020208018803201308
020208019601201308
020208019602201308
020208019603201308
020208020001201308
020208020002201308
020208020003201308
020208021801201308
020208021802201308
020208021803201308
020208022601201308
020208022602201308
020208022603201308
020208023401201308
020208023402201308
020208023403201308
020208024201201308
020209001901201308
020209001902201308
020209001903201308
020209002701201308
020209002702201308
020209002703201308
020209003501201308
020209003502201308
020209003503201308
020209004301201308
020209004302201308
020209004303201308
020209005101201308
020209005102201308
020209005103201308
020209006001201308
020209006002201308
020209006003201308
020209007801201308
020209007802201308
020209007803201308
020209008601201308
020209008602201308
020209008603201308
020209009401201308
020209009402201308
020209009403201308
020209010801201308
020209010802201308
020209010803201308
020209011601201308
020209012401201308
020209012402201308
020209012403201308
020209013201201308
020209013202201308
020209013203201308
020209014002201308
020209015901201308
020209015902201308
020209015903201308
020209016701201308
020209016702201308
020209016703201308
020209017501201308
020209017502201308
020209017503201308
020209018301201308
020209018302201308
020209018303201308
020209019101201308
020209019102201308
020209019103201308
020209021301201308
020209021302201308
020209021303201308
020209022101201308
020209022102201308
020209022103201308
020209023001201308
020209023002201308
020209023003201308
020209024801201308
020209024802201308
020209024803201308
020209025601201308
020209025602201308
020209025603201308
020209026401201308
020209026402201308
020209026403201308
020209027201201308
020209027202201308
020209027203201308
020209028001201308
020209028002201308
020209028003201308
020209029901201308
020209029902201308
020209029903201308
020209030201201308
020209030202201308
020209030203201308
020209031001201308
020209031002201308
020209031003201308
020209032901201308
020209032902201308
020209032903201308
020209033701201308
020209033702201308
020209033703201308
020209034501201308
020209034502201308
020209034503201308
020209035301201308
020209035302201308
020209035303201308
020210001401201308
020210001402201308
020210002201201308
020210002202201308
020210003001201308
020210003002201308
020210004901201308
020210004902201308
020211001001201308
020211002801201308
020211003601201308
020211004401201308
020211005201201308
020211006001201308
020211007901201308
020211008701201308
020211009501201308
020211010901201308
020211011701201308
020211012501201308
020211013301201308
020211014101201308
020212001501201308
020212001502201308
020212001503201308
020212002301201308
020212002302201308
020212002303201308
020212003101201308
020212003102201308
020212003103201308
020212004001201308
020212004002201308
020212004003201308
020212005801201308
020212005802201308
020212005803201308
020212006601201308
020212006602201308
020212006603201308
020212007401201308
020212007402201308
020212007403201308
020212008201201308
020212008202201308
020212008203201308
020212009001201308
020212009002201308
020212009003201308
020212010401201308
020212010402201308
020212010403201308
020301001901201308
020301002701201308
020301002702201308
020301002703201308
020301003501201308
020301003502201308
020301003503201308
020301004301201308
020302001401201308
020302002201201308
020302002202201308
020302003001201308
020302003002201308
020302003003201308
020302004901201308
020302004902201308
020302005702201308
020302006501201308
020302007301201308
020302008101201308
020401001201201308
020401001202201308
020401001203201308
020401002001201308
020401003901201308
020401003902201308
020401003903201308
020401004701201308
020401004702201308
020401004703201308
020401005501201308
020401005502201308
020401005503201308
020401006301201308
020401006302201308
020401006303201308
020401007101201308
020401007102201308
020401007103201308
020401008001201308
020401008002201308
020401008003201308
020401009801201308
020401009802201308
020401009803201308
020401010101201308
020401010102201308
020401010103201308
020401011001201308
020401011002201308
020401011003201308
020401012801201308
020401012802201308
020401012803201308
020401013601201308
020401013602201308
020401013603201308
020401014401201308
020401014402201308
020401014403201308
020401015201201308
020401015202201308
020401015203201308
020401016001201308
020401016002201308
020401016003201308
020401017901201308
020401017902201308
020401017903201308
020401018701201308
020401018702201308
020401018703201308
020401019501201308
020401019502201308
020401019503201308
020401020901201308
020401020902201308
020401020903201308
020402001801201308
020402001802201308
020402001803201308
020402002601201308
020402003401201308
020402003402201308
020402003403201308
020402004201201308
020402004202201308
020402004203201308
020402005001201308
020402005002201308
020402005003201308
020402006901201308
020402006902201308
020402006903201308
020402007701201308
020402007702201308
020402007703201308
020402008501201308
020402008502201308
020402008503201308
020402009301201308
020402009302201308
020402010701201308
020402010702201308
020402010703201308
020402011501201308
020402012301201308
020402012302201308
020402012303201308
020402013102201308
020402013103201308
020403001301201308
020403001302201308
020403001303201308
020403002101201308
020403002102201308
020403002103201308
020403003001201308
020403004801201308
020403004802201308
020403004803201308
020403005601201308
020403005602201308
020403005603201308
020403006401201308
020403006402201308
020403006403201308
020403007201201308
020403007202201308
020403007203201308
020403008001201308
020403008002201308
020403008003201308
020403009901201308
020403009902201308
020403009903201308
020403010201201308
020403010202201308
020403010203201308
020403011001201308
020403011002201308
020403011003201308
020403012901201308
020403012902201308
020403012903201308
020403013701201308
020403013702201308
020403013703201308
020403014501201308
020403014502201308
020403014503201308
020403015301201308
020403015302201308
020403015303201308
020403016101201308
020403017001201308
020403017002201308
020403017003201308
020403018801201308
020404001901201308
020404001902201308
020404001903201308
020404002701201308
020404002702201308
020404002703201308
020404003501201308
020404003502201308
020404003503201308
020404004301201308
020404004302201308
020404004303201308
020404005101201308
020404005102201308
020404005103201308
020404006001201308
020404006002201308
020404006003201308
020404007801201308
020404007802201308
020404007803201308
020404008601201308
020404008602201308
020404008603201308
020404009401201308
020404009402201308
020404010801201308
020404010802201308
020404010803201308
020404011601201308
020404011602201308
020404011603201308
020404012401201308
020404012402201308
020405001401201308
020405001402201308
020405001403201308
020405002201201308
020405002202201308
020405002203201308
020405003001201308
020405003002201308
020405003003201308
020405004901201308
020405004902201308
020405004903201308
020405005701201308
020405005702201308
020405005703201308
020405006501201308
020405006502201308
020405006503201308
020405007301201308
020405008101201308
020405008102201308
020405008103201308
020405009002201308
020405009003201308
020405010301201308
020405010302201308
020405010303201308
020405011101201308
020405011102201308
020405011103201308
020405012001201308
020405012002201308
020405012003201308
020405013801201308
020405013802201308
020405013803201308
020405014601201308
020405014602201308
020405014603201308
020405015401201308
020405015402201308
020405015403201308
020405016201201308
020405017001201308
020405017002201308
020405017003201308
020405018901201308
020405018902201308
020405018903201308
020406001001201308
020406001002201308
020406001003201308
020406002801201308
020406003601201308
020406003602201308
020406003603201308
020406004401201308
020406005201201308
020406006001201308
020406006002201308
020406006003201308
020406007901201308
020406007902201308
020406007903201308
020406008701201308
020406008702201308
020406008703201308
020406009501201308
020406009502201308
020406009503201308
020406010901201308
020406010902201308
020406010903201308
020406011701201308
020406011702201308
020406011703201308
020406012501201308
020406012502201308
020406012503201308
020406013301201308
020406013302201308
020406013303201308
020406014101201308
020406015001201308
020406015002201308
020406015003201308
020406016801201308
020406016802201308
020406016803201308
020406017601201308
020501001601201308
020501001602201308
020501001603201308
020501002401201308
020501002402201308
020501002403201308
020501003201201308
020501003202201308
020501003203201308
020501004001201308
020501004002201308
020501004003201308
020501005901201308
020502001101201308
020502001102201308
020502002001201308
020502003801201308
020502003802201308
020502003803201308
020502004601201308
020502004602201308
020502004603201308
020502005401201308
020502005402201308
020502005403201308
020502006201201308
020502007001201308
020502007002201308
020502007003201308
020502008901201308
020502008902201308
020502008903201308
020502009701201308
020502010001201308
020502011901201308
020502011902201308
020502011903201308
020502012701201308
020502012702201308
020502012703201308
020502013501201308
020502013502201308
020502013503201308
020502014301201308
020502014302201308
020502014303201308
020502015101201308
020502016001201308
020502016002201308
020502016003201308
020502017801201308
020502017802201308
020502017803201308
020502018601201308
020502019401201308
020502020801201308
020502021601201308
020601001001201308
020601001002201308
020601001003201308
020601002801201308
020601002802201308
020601002803201308
020601003601201308
020601003602201308
020601003603201308
020601004401201308
020601004402201308
020601004403201308
020601005201201308
020601005202201308
020601005203201308
020601006001201308
020601006002201308
020601006003201308
020601007901201308
020601007902201308
020601007903201308
020601008701201308
020602001501201308
020602001502201308
020602001503201308
020602002301201308
020602002302201308
020602002303201308
020602003101201308
020602003102201308
020602003103201308
020602004002201308
020602004003201308
020603001001201308
020603001002201308
020603001003201308
020603002901201308
020603002902201308
020603002903201308
020603003701201308
020603003702201308
020603003703201308
020701001301201308
020701001302201308
020701001303201308
020701002101201308
020701002102201308
020701002103201308
020701003001201308
020701003002201308
020701003003201308
020701004801201308
020701004802201308
020701004803201308
020701005601201308
020701005602201308
020701005603201308
020701006401201308
020701006402201308
020701006403201308
020701007201201308
020701007202201308
020701007203201308
020702001901201308
020702001902201308
020702001903201308
020702002701201308
020702002702201308
020702002703201308
020702003501201308
020702003502201308
020702003503201308
020702004301201308
020702005101201308
020703001401201308
020703001402201308
020703001403201308
020703002201201308
020703002202201308
020703002203201308
020703003001201308
020703003002201308
020703003003201308
020703004901201308
020703004902201308
020703004903201308
020801001701201308
020801001702201308
020801002501201308
020801002502201308
020801002503201308
020801003301201308
020801003302201308
020801003303201308
020801004101201308
020801004102201308
020801004103201308
020801005001201308
020801005002201308
020801006801201308
020801006802201308
020801006803201308
020801007601201308
020801007602201308
020801007603201308
020801008401201308
020801008402201308
020801008403201308
020801009201201308
020801009202201308
020801009203201308
020802001201201308
020802001202201308
020802001203201308
020802002001201308
020802002002201308
020802002003201308
020802003901201308
020802003902201308
020802003903201308
020802004702201308
020802004703201308
020802005501201308
020802005502201308
020802005503201308
020802006301201308
020802006302201308
020802006303201308
020802007101201308
020802007102201308
020802007103201308
020802008001201308
020802008002201308
020802008003201308
020802009801201308
020802009802201308
020802009803201308
020802010101201308
020802010102201308
020802010103201308
020802011001201308
020802011002201308
020802011003201308
020802012801201308
020802012802201308
020802012803201308
020803001801201308
020803001802201308
020803001803201308
020803002601201308
020803002602201308
020803002603201308
020803003401201308
020803003402201308
020803003403201308
020803004201201308
020803004202201308
020803004203201308
020803005001201308
020803005002201308
020803005003201308
020804001302201308
020804001303201308
020804002101201308
020804002102201308
020804002103201308
020804003001201308
020804003002201308
020804003003201308
020804004802201308
020804004803201308
020804005601201308
020804005602201308
020804005603201308
020804006401201308
020804006402201308
020804006403201308
020804007201201308
020804007202201308
020804007203201308
020804008001201308
020804008002201308
020804008003201308
020804009901201308
020804009902201308
020804009903201308
020804010201201308
020804010202201308
020804010203201308
020805001901201308
020805001902201308
020805001903201308
020805002702201308
020805002703201308
020805003501201308
020805003502201308
020805003503201308
020805004301201308
020805004302201308
020805004303201308
020806001401201308
020806001402201308
020806001403201308
020806002201201308
020806002202201308
020806002203201308
020806003001201308
020806003002201308
020806003003201308
020807001001201308
020807001002201308
020807001003201308
020807002801201308
020807002802201308
020807002803201308
020807003601201308
020807003602201308
020807003603201308
020807004401201308
020807004402201308
020807004403201308
020808001501201308
020808001502201308
020808001503201308
020808002301201308
020808002302201308
020808002303201308
020808003101201308
020808003102201308
020808003103201308
020808004001201308
020808004002201308
020808004003201308
020809001001201308
020809001002201308
020809001003201308
020809002901201308
020809002902201308
020809003701201308
020809003702201308
020809003703201308
020901001001201308
020901001002201308
020901001003201308
020901002901201308
020901002902201308
020901002903201308
020901003701201308
020901003702201308
020901003703201308
020901004501201308
020901004502201308
020901004503201308
020901005301201308
020901005302201308
020901005303201308
020901006101201308
020901006102201308
020901006103201308
020902001601201308
020902001602201308
020902001603201308
020903001101201308
020904001701201308
020904001702201308
020904001703201308
020904002501201308
020904003301201308
020904003302201308
020904003303201308
020904004101201308
020904005002201308
020904005003201308
021001001002201308
021001001003201308
021001002901201308
021001003702201308
021001003703201308
021001004501201308
021001004502201308
021001004503201308
021001005301201308
021001005302201308
021001005303201308
021001006101201308
021001006102201308
021001006103201308
021001007001201308
021001007002201308
021001007003201308
021001008801201308
021001009601201308
021001009602201308
021001009603201308
021001010001201308
021001010002201308
021001010003201308
021001011801201308
021001011802201308
021001011803201308
021001012601201308
021001012602201308
021001012603201308
021001013401201308
021001013402201308
021001013403201308
021001014201201308
021001014202201308
021001014203201308
021001015001201308
021001015002201308
021001015003201308
021001016901201308
021001016902201308
021001016903201308
021001017701201308
021001018501201308
021001019301201308
021001019302201308
021001019303201308
021001020701201308
021002001601201308
021002001602201308
021002001603201308
021101001401201308
021101002201201308
021101002202201308
021101002203201308
021101003001201308
021101003002201308
021101003003201308
021101004901201308
021102001001201308
021102001002201308
021102001003201308
021102002801201308
021102002802201308
021102002803201308
021102003601201308
021102003602201308
021102003603201308
021102003606201308
021102004401201308
021102004402201308
021102004403201308
021102005201201308
021102006001201308
021102006002201308
021102006003201308
021103001501201308
021103001502201308
021103002301201308
021103002302201308
021103003101201308
021103003102201308
021103004001201308
021103004002201308
021103004003201308
021103005801201308
021103005802201308
021103005803201308
021103006601201308
021103006602201308
021103006603201308
021103007401201308
021103007402201308
021103007403201308
021103008201201308
021103008202201308
021103008203201308
021103009001201308
021103009002201308
021104001001201308
021104001002201308
021104001003201308
021104002901201308
021104002902201308
021104002903201308
021104003701201308
021104004501201308
021104005301201308
021104006101201308
021104006102201308
021104006103201308
021105001602201308
021105001603201308
021105002401201308
021105002402201308
021105002403201308
021105003201201308
021105003202201308
021105003203201308
021105004001201308
021105004002201308
021105004003201308
021105005901201308
021105006701201308
021105006702201308
021105006703201308
021105007501201308
021105008301201308
021105008302201308
021105008303201308
021105009102201308
021105010502201308
021105010503201308
021105011301201308
021105011302201308
021105011303201308
021105012101201308
021105012102201308
021105012103201308
021105013001201308
021105013002201308
021105013003201308
021105014802201308
021105015601201308
021106001101201308
021106002001201308
021106003801201308
021106005401201308
021106006201201308
021106007001201308
021106008901201308
021106009701201308
021106010001201308
021106011901201308
021106012701201308
021106013501201308
021106014301201308
021106015101201308
021106015106201308
021106016001201308
021106017801201308
021106018601201308
021106020801201308
021106021601201308
021106022401201308
021106023201201308
021106024001201308
021106025901201308
021106025902201308
021106025903201308
021106026701201308
021106027501201308
021107001701201308
021107002501201308
021107002502201308
021107002503201308
021107003301201308
021107004101201308
021107004102201308
021107004103201308
021107005001201308
021107006801201308
021107006802201308
021107006803201308
021107007601201308
021107007602201308
021107007603201308
021107008401201308
021107008402201308
021107008403201308
021107009201201308
021107010601201308
021107011401201308
021107011402201308
021107011403201308
021107012201201308
021107013001201308
021107014901201308
021107014902201308
021107014903201308
021107015701201308
021107015702201308
021107015703201308
021107016501201308
021107017301201308
021107018101201308
021107019001201308
021107020301201308
021107020302201308
021107020303201308
021107021101201308
021107021102201308
021107022001201308
021107023801201308
021107024601201308
021107025401201308
021107026201201308
021107026202201308
021107026203201308
021107027001201308
021107027002201308
021107027003201308
021107028901201308
021107029701201308
021107030001201308
021107031901201308
021107032701201308
021107033501201308
021107034301201308
021107035101201308
021107035102201308
021107035103201308
021107036001201308
021108001201201308
021108001202201308
021108001203201308
021108002001201308
021108003901201308
021108004701201308
021108004702201308
021108004703201308
021108005501201308
021108006301201308
021108006302201308
021108006303201308
021108007101201308
021108007102201308
021108007103201308
021108008001201308
021108008002201308
021108008003201308
021109001801201308
021109002601201308
021109003401201308
021109004201201308
021109004202201308
021109004203201308
021109005001201308
021109006901201308
021109007701201308
021110001301201308
021110001302201308
021110001303201308
021201001801201308
021201002601201308
021201002602201308
021201002603201308
021201003401201308
021201003402201308
021201003403201308
021201004201201308
021201005001201308
021202001301201308
021202002101201308
021202003001201308
021202004801201308
021202005601201308
021202006401201308
021301001101201308
021301002001201308
021301003801201308
021301004601201308
021301005401201308
021301006201201308
021301007001201308
021301008901201308
021301009701201308
021301010001201308
021301011901201308
021301012701201308
021301013501201308
021301014301201308
021301015101201308
021301016001201308
021301017801201308
021301018601201308
021301019401201308
021301020801201308
021301021601201308
021301022401201308
021301023201201308
021301024001201308
021301025901201308
021301026701201308
021301027501201308
021301028301201308
021301029101201308
021301030501201308
021301031301201308
021301032101201308
021301033001201308
021301034801201308
021301035601201308
021301036401201308
021301037201201308
021301038001201308
021301039901201308
021301040201201308
021301041001201308
021301042901201308
021301043701201308
021301044501201308
021301045301201308
021301046101201308
021301047001201308
021301048801201308
021301049601201308
021301050001201308
021301051801201308
021301052601201308
021301053401201308
021301054201201308
021301055001201308
021301056901201308
021301057701201308
021301058501201308
021301059301201308
021301060701201308
021301061501201308
021301062301201308
021301063101201308
021301064001201308
021301065801201308
021301066601201308
021301067401201308
021301068201201308
021301069001201308
021301070401201308
021301071201201308
021302001701201308
021302002501201308
021302003301201308
021302004101201308
021302005001201308
021302006801201308
021302007601201308
021302008401201308
021401001501201308
021401001502201308
021401001503201308
021401001506201308
021401002301201308
021401002302201308
021401002303201308
021401003101201308
021401003102201308
021401003103201308
021401004001201308
021401004002201308
021401004003201308
021401005801201308
021401005802201308
021401005803201308
021401006601201308
021401007401201308
021401007402201308
021401007403201308
021401008201201308
021401009001201308
030101001301201308
030101002101201308
030101003001201308
030101004801201308
030101004802201308
030101004803201308
030101005601201308
030101006401201308
030101007201201308
030101008001201308
030101009901201308
030101010201201308
030101011001201308
030101012901201308
030101013706201308
030101014502201308
030101015301201308
030101015306201308
030101016106201308
030101017002201308
030101017003201308
030101018801201308
030102001901201308
030102002701201308
030102003501201308
030103001401201308
030103002201201308
030103004901201308
030103005701201308
030103006501201308
030103007301201308
030103008101201308
030103009001201308
030103010301201308
030103011101201308
030103012001201308
030103013801201308
030103014601201308
030103015401201308
030103016201201308
030103017001201308
030103018901201308
030103019701201308
030104001001201308
030104002801201308
030104003601201308
030104004401201308
030105001506201308
030105002306201308
030105003106201308
030105004006201308
030105005806201308
030105006606201308
030105007406201308
030105008206201308
030105009006201308
030105010406201308
030105011206201308
030105012006201308
030105013906201308
030105014706201308
030106001002201308
030106002901201308
030106003701201308
030106004501201308
030106005301201308
030106006101201308
030106007002201308
030106008802201308
030106009601201308
030106010001201308
030107001601201308
030107002401201308
030107002406201308
030107003201201308
030107004001201308
030107005901201308
030107006701201308
030107006706201308
030107007501201308
030107007506201308
030107008301201308
030107009101201308
030107010501201308
030107011301201308
030107011306201308
030107012101201308
030107013001201308
030107014801201308
030107015601201308
030107016401201308
030108001101201308
030108002001201308
030108003801201308
030108004601201308
030108014301201308
030108015101201308
030108016001201308
030108017801201308
030108019401201308
030108020801201308
030108021601201308
030108022401201308
030108023201201308
030108024001201308
030108025901201308
030108026701201308
030108027501201308
030108028301201308
030108029101201308
030108030501201308
030108031301201308
030108032101201308
030108033001201308
030108034801201308
030108035601201308
030108036401201308
030108037201201308
030108038001201308
030108039901201308
030109001702201308
030109001703201308
030109002502201308
030109002503201308
030110001201201308
030110002001201308
030110003901201308
030110004701201308
030110004702201308
030110004703201308
030110004706201308
030110005501201308
030110005502201308
030110005503201308
030110005506201308
030110006301201308
030110006302201308
030110006303201308
030110006306201308
030110007102201308
030110007103201308
030110007106201308
030110008002201308
030110009802201308
030110009803201308
030110009806201308
030110010101201308
030110010102201308
030110011002201308
030110012801201308
030110012802201308
030110012803201308
030110013601201308
030110014401201308
030110014402201308
030110014403201308
030110014406201308
030110015201201308
030110015206201308
030110017901201308
030110017902201308
030110017903201308
030110017906201308
030110018701201308
030110018706201308
030111001801201308
030111002601201308
030112001301201308
030112002101201308
030112003001201308
030112004801201308
030112005601201308
030112006401201308
030112007201201308
030112008001201308
030113001901201308
030113002701201308
030201001701201308
030201001702201308
030201001703201308
030201002501201308
030201002502201308
030201002503201308
030201003302201308
030201003303201308
030202001201201308
030202001202201308
030202001203201308
030202001206201308
030202002001201308
030202002002201308
030202002003201308
030202002006201308
030202003901201308
030202003902201308
030202003903201308
030203001801201308
030203001802201308
030203001803201308
030203002601201308
030203002602201308
030203002603201308
030204001301201308
030204001302201308
030204002101201308
030204002102201308
030204002103201308
030204002106201308
030204003001201308
030204003002201308
030204003003201308
030204003006201308
030204004801201308
030204004802201308
030204005601201308
030204005602201308
030204005603201308
030205001901201308
030205001902201308
030205001903201308
030205002701201308
030205002706201308
030205003502201308
030206001401201308
030206001402201308
030206001403201308
030206001406201308
030206002201201308
030206002202201308
030206002206201308
030206003001201308
030206003002201308
030206004901201308
030206005701201308
030206005702201308
030207001001201308
030207001002201308
030207002802201308
030207003601201308
030301001002201308
030301002902201308
030301003702201308
030301004502201308
030301005302201308
030301006102201308
030301007002201308
030301008802201308
030301009602201308
030301010002201308
030301011802201308
030301012602201308
030301013402201308
030301014202201308
030301015002201308
030301016902201308
030301017702201308
030301018502201308
030301019302201308
030301020702201308
030301021502201308
030302001601201308
030302002401201308
030302003202201308
030302004002201308
030302005902201308
030302006702201308
030302007502201308
030302008302201308
030303001103201308
030303002002201308
030303003802201308
030303003806201308
030303004602201308
030303005402201308
030303006202201308
030303007001201308
030304001702201308
030304002502201308
030304002503201308
030304003302201308
030304004102201308
030304005002201308
030304006802201308
030304007602201308
030304008402201308
030304009202201308
030304010602201308
030304011402201308
030304012202201308
030304013002201308
030304014902201308
030304015702201308
030304016502201308
030304017302201308
030304018102201308
030304019002201308
030304020302201308
030304021102201308
030304022002201308
030304023802201308
030304024602201308
030304025402201308
030304026202201308
030304027002201308
030304028902201308
030304028903201308
030304029702201308
030304030002201308
030305001201201308
030305002001201308
030305003901201308
030305004701201308
030305005501201308
030305006301201308
030305007101201308
030305008001201308
030305009801201308
030305010101201308
030305011001201308
030305012801201308
030305013602201308
030305014402201308
030305015201201308
030305016001201308
030305017901201308
030305018701201308
030305019501201308
030305020901201308
030305021701201308
030305022501201308
030306001802201308
030306002602201308
030306003402201308
030306004202201308
030306005002201308
030306006902201308
030306007702201308
030306008502201308
030306009302201308
030306010702201308
030306011502201308
030306012302201308
030306013102201308
030306014002201308
030306015802201308
030306016602201308
030306017402201308
030306018202201308
030306019002201308
030306020402201308
030306021202201308
030306022002201308
030306023902201308
030306024702201308
030306025502201308
030306026302201308
030306026306201308
030306027102201308
030306028002201308
030306029802201308
030306030102201308
030307001301201308
030307002102201308
030307003001201308
030307003006201308
030307004801201308
030307005601201308
030307006402201308
030307007202201308
030307008002201308
030307009902201308
030307010202201308
030307011002201308
030307012902201308
030307013702201308
030308001901201308
030308002701201308
030308003501201308
030308004302201308
030308005102201308
030308006002201308
030308007802201308
030308008602201308
030308009402201308
030308010801201308
030308011601201308
030309001401201308
030309001402201308
030309001403201308
030309002202201308
030309002203201308
030309003001201308
030309004902201308
030309007301201308
030309008101201308
030309009001201308
030309011101201308
030309012001201308
030309012002201308
030309012003201308
030309013802201308
030309013803201308
030309014601201308
030309014602201308
030309014603201308
030309015401201308
030309016201201308
030309017002201308
030309017003201308
030309018901201308
030309018902201308
030309018903201308
030309019702201308
030309019703201308
030309020001201308
030309020002201308
030309021901201308
030309022701201308
030309022702201308
030309022703201308
030309023501201308
030309023502201308
030309023503201308
030309024302201308
030309025101201308
030309026001201308
030309028601201308
030309029402201308
030309031602201308
030310001002201308
030310002802201308
030310003602201308
030310004402201308
030310005202201308
030311001502201308
030311002302201308
030311003102201308
030311004002201308
030311005802201308
030311006602201308
030311007402201308
030311008202201308
030311009002201308
030311010402201308
030311011202201308
030312003702201308
030312004502201308
030312005301201308
030312006101201308
030312006102201308
030312007001201308
030312007002201308
030313001602201308
030313002402201308
030313003202201308
030313004002201308
030313005902201308
030313006702201308
030313007502201308
030313008302201308
030314001101201308
030314002002201308
030314003802201308
030314004602201308
030314005402201308
030314006202201308
030314007002201308
030314008902201308
030314009702201308
030314010002201308
030314011901201308
030314011902201308
030314012702201308
030314013502201308
030314014302201308
030314015102201308
030315001702201308
030315002502201308
030315003302201308
030315004102201308
030315005002201308
030315006802201308
030316001202201308
030316002002201308
030316003902201308
030316004702201308
030316005502201308
030316006302201308
030316007102201308
030317009302201308
030317010703201308
030317013102201308
030317014002201308
030317015802201308
030317016602201308
030317017402201308
030317018202201308
030318001302201308
030318003002201308
030318004802201308
030318005602201308
030318006402201308
030318007203201308
030319001902201308
030319001906201308
030401001401201308
030401002201201308
030401003001201308
030401004902201308
030401005702201308
030401006502201308
030401007301201308
030401008101201308
030401009001201308
030401010301201308
030401011102201308
030401012001201308
030401013801201308
030401014601201308
030401015401201308
030401016202201308
030401017001201308
030401018901201308
030401019701201308
030401020001201308
030401021901201308
030401023501201308
030401024301201308
030401026001201308
030401028601201308
030401029401201308
030401030801201308
030401031601201308
030401032402201308
030401033202201308
030401034001201308
030402001001201308
030402002801201308
030402003601201308
030402004401201308
030402005201201308
030402006001201308
030402007901201308
030402008701201308
030402009501201308
030402010901201308
030402011701201308
030402012501201308
030402013301201308
030402014101201308
030402015001201308
030402016801201308
030402017601201308
030402018401201308
030402019201201308
030402020601201308
030402021401201308
030402022201201308
030402023001201308
030402024901201308
030402025701201308
030402026501201308
030402027301201308
030402028101201308
030402029001201308
030402030301201308
030402031101201308
030402032001201308
030402033801201308
030402034601201308
030402036201201308
030402037001201308
030402038901201308
030402039701201308
030402040001201308
030403001501201308
030403002301201308
030403003101201308
030403004001201308
030403005801201308
030403006601201308
030403007401201308
030403008201201308
030403009001201308
030403010401201308
030403011201201308
030403012001201308
030403013901201308
030403014701201308
030403015501201308
030403016301201308
030403017101201308
030403018001201308
030403019801201308
030403020101201308
030403021001201308
030403022801201308
030404001001201308
030404002901201308
030404004501201308
030404005301201308
030404006101201308
030404007001201308
030404008801201308
030404009601201308
030404010001201308
030404011801201308
030404012601201308
030404013401201308
030404014201201308
030404015001201308
030404016901201308
030404017701201308
030404018501201308
030405001601201308
030405002401201308
030405003201201308
030405004001201308
030405006701201308
030405007501201308
030405011301201308
030405012101201308
030405013001201308
030405016401201308
030405017201201308
030405018001201308
030405020201201308
030405021001201308
030405022901201308
030405025301201308
030405026101201308
030405027001201308
030405028801201308
030405029601201308
030405030001201308
030405031801201308
030405032601201308
030406001101201308
030406003801201308
030406004601201308
030406007001201308
030406008901201308
030406009701201308
030406010001201308
030406011901201308
030406012701201308
030406013501201308
030406015101201308
030406016001201308
030406017801201308
030406018601201308
030406020801201308
030406021601201308
030406022401201308
030407001701201308
030407002501201308
030407003301201308
030407004101201308
030407005001201308
030408001201201308
030408002002201308
030408003902201308
030408003903201308
030408004702201308
030408005501201308
030408006302201308
030408007101201308
030409001802201308
030409002602201308
030409003402201308
030409004202201308
030410001302201308
030410001303201308
030410002102201308
030501001801201308
030501002601201308
030501003402201308
030501004202201308
030501009301201308
030501010701201308
030501011501201308
030501012301201308
030501013102201308
030501014002201308
030501015802201308
030501016601201308
030501016606201308
030501017402201308
030501018201201308
030501019002201308
030502001302201308
030502001306201308
030502002102201308
030502003002201308
030502004802201308
030502005602201308
030502005606201308
030601001101201308
030601002001201308
030601003801201308
030602001701201308
030602001702201308
030602002501201308
030602002502201308
030602003301201308
030602003302201308
030602004101201308
030602004102201308
030602005001201308
030602005002201308
030602006801201308
030602006802201308
030602007601201308
030602007602201308
030602008401201308
030602008402201308
030602009201201308
030602009202201308
030602010601201308
030602010602201308
030602011401201308
030602011402201308
030602012201201308
030602012202201308
030602013001201308
030602013002201308
030602014901201308
030602014902201308
030602015701201308
030602015702201308
030701001501201308
030701001502201308
030701001503201308
030701002301201308
030701002302201308
030701002303201308
030701003101201308
030701003102201308
030701003103201308
030701003106201308
030701004001201308
030701004002201308
030701004003201308
030701004006201308
030701005801201308
030701005802201308
030701005803201308
030702001001201308
030702001002201308
030702001003201308
030702001006201308
030702002901201308
030702002902201308
030702002903201308
030702003701201308
030702003702201308
030702003703201308
030702004501201308
030702004502201308
030702004503201308
030702005301201308
030702005302201308
030702005303201308
030702006101201308
030702006102201308
030702006103201308
030702007001201308
030702007002201308
030702007003201308
030702008801201308
030702008802201308
030702008803201308
030702009601201308
030702009602201308
030702009603201308
030702010001201308
030702010002201308
030702010003201308
030702011801201308
030702011802201308
030702011803201308
030703001601201308
030703001602201308
030703001603201308
030703001606201308
030703002401201308
030703002402201308
030703002403201308
030703002406201308
030703003201201308
030703003202201308
030703003203201308
030704001101201308
030704001102201308
030704001103201308
030704006201201308
030704006202201308
030704006203201308
030704006206201308
030704007001201308
030704007002201308
030704007003201308
030704007006201308
030704008901201308
030704008902201308
030704008903201308
030704010001201308
030704011901201308
030704012701201308
030704013501201308
030704013502201308
030704013503201308
030704013506201308
030704014301201308
030704014302201308
030704014303201308
030704014306201308
030704015101201308
030704015102201308
030704015103201308
030704015106201308
030704016001201308
030704016002201308
030704016003201308
030704016006201308
030801001902201308
030801001906201308
030801002702201308
030801003502201308
030801004302201308
030801004306201308
030802001402201308
030802002202201308
030802003002201308
030803001002201308
030803002802201308
030803003602201308
030804001502201308
030804002302201308
030901003902201308
030901004702201308
030901004706201308
030901005502201308
030901006302201308
030901006306201308
030901007102201308
030901007106201308
030901008002201308
030901009802201308
030901009806201308
030901010102201308
030901010106201308
030902001801201308
030902002601201308
030902003401201308
030903001301201308
030903002101201308
030903003001201308
030903004801201308
030903005601201308
030903005602201308
030903006401201308
030903007201201308
030903008001201308
030903009902201308
030903010201201308
030903011001201308
030903012901201308
030903013701201308
030903014501201308
030903014502201308
030903015301201308
030904001902201308
030904002701201308
030904002702201308
030904002703201308
030905001401201308
030905001406201308
030905002201201308
030905002206201308
030905003001201308
030905003006201308
030906001002201308
030906003602201308
030906003603201308
031001001201201308
031001001206201308
031001002002201308
031001003902201308
031001004702201308
031001005502201308
040101001501201308
040101001502201308
040101001503201308
040101001506201308
040101002301201308
040101002302201308
040101002303201308
040101002306201308
040101003101201308
040101003102201308
040101003103201308
040101003106201308
040101004001201308
040101004002201308
040101005801201308
040101005802201308
040101006601201308
040101007401201308
040101008201201308
040101008202201308
040101008203201308
040101009001201308
040101010401201308
040101010402201308
040101011201201308
040101012001201308
040101013901201308
040102001002201308
040102002902201308
040102003702201308
040102004502201308
040102004503201308
040102005302201308
040102005303201308
040102006102201308
040102006103201308
040102007002201308
040102007003201308
040102008801201308
040102008802201308
040102008803201308
040102009602201308
040102009603201308
040102010002201308
040102010003201308
040102011802201308
040102012602201308
040102013402201308
040102014202201308
040102014203201308
040102015001201308
040102015002201308
040102015003201308
040102016902201308
040201001902201308
040201002702201308
040201003502201308
040201003503201308
040201004302201308
040201004303201308
040201005102201308
040202001402201308
040202002202201308
040301001202201308
040301002002201308
040301003902201308
040301004702201308
040301005502201308
040301006302201308
040301007102201308
040301008002201308
040301009802201308
040301010102201308
040301011002201308
040301012802201308
040301013602201308
040301014402201308
040301015202201308
040301016002201308
040301017902201308
040301018702201308
040301019502201308
040301020902201308
040301021702201308
040301022502201308
040301023302201308
040301024102201308
040301025002201308
040301026802201308
040301027602201308
040301028402201308
040301029202201308
040301030602201308
040301031402201308
040301032202201308
040301033002201308
040301034902201308
040301035702201308
040301036502201308
040301039002201308
040302001802201308
040302002602201308
040302003402201308
040302004202201308
040302005002201308
040302006902201308
040302007702201308
040302008502201308
040302009302201308
040302010702201308
040302011502201308
040302012302201308
040302012303201308
040302013102201308
040303001302201308
040303002102201308
040303003002201308
040303004802201308
040303005602201308
040303006402201308
040303008002201308
040303009902201308
040303010202201308
040303011002201308
040303012902201308
040303013702201308
040303014502201308
040303015302201308
040303016102201308
040303017002201308
040304001902201308
040304002702201308
040304005102201308
040304006002201308
040304007802201308
040304008602201308
040304009402201308
040304010802201308
040304011602201308
040304012402201308
040305001401201308
040305002201201308
040305003002201308
040305004902201308
040305005702201308
040305006502201308
040305007302201308
040305008101201308
040305009002201308
040305010302201308
040305011102201308
040305012002201308
040305013802201308
040305014602201308
040305015402201308
040305016202201308
040306001002201308
040306002802201308
040306003602201308
040306004402201308
040306005202201308
040306006002201308
040306007902201308
040306008702201308
040306009502201308
040307001502201308
040307004002201308
040307005802201308
040307008202201308
040307009002201308
040307010402201308
040307011202201308
040307012002201308
040307013902201308
040307014702201308
040307015502201308
040307016302201308
040308001002201308
040308002902201308
040308003702201308
040308004502201308
040308005302201308
040308006102201308
040308007002201308
040308008802201308
040308009602201308
040308010002201308
040401001601201308
040401001602201308
040401001603201308
040401002401201308
040401002402201308
040401002403201308
040401003201201308
040401003202201308
040401003203201308
040401004002201308
040401005901201308
040401005902201308
040401006702201308
040401007501201308
040401008302201308
040401009101201308
040401010502201308
040401011302201308
040401012101201308
040401012102201308
040401012103201308
040401013002201308
040401014802201308
040401015601201308
040401016402201308
040401017202201308
040401018002201308
040401019902201308
040401020202201308
040401021002201308
040401022902201308
040401023702201308
040401024501201308
040401025301201308
040401025302201308
040401026101201308
040401027001201308
040401028802201308
040401029601201308
040401030001201308
040401031801201308
040401031802201308
040401031803201308
040401032602201308
040401033402201308
040401034201201308
040401034202201308
040401035002201308
040401036901201308
040401037702201308
040401038502201308
040401039301201308
040401040702201308
040401041501201308
040401041502201308
040401041503201308
040401042302201308
040401043102201308
040401044001201308
040401045802201308
040401046602201308
040401047402201308
040401047403201308
040401048202201308
040401048203201308
040401049002201308
040401050402201308
040401051201201308
040401051202201308
040401052002201308
040401052003201308
040401053902201308
040401054702201308
040401055502201308
040402001102201308
040402001103201308
040402003801201308
040402003802201308
040402004602201308
040402004603201308
040402005401201308
040402005402201308
040402006202201308
040402007002201308
040402007003201308
040402008901201308
040402008902201308
040402008903201308
040402009701201308
040402009702201308
040402010001201308
040402010002201308
040402010003201308
040402011902201308
040402011903201308
040402013502201308
040402014302201308
040402017802201308
040402020802201308
040402022402201308
040402023202201308
040402024002201308
040402027502201308
040402029102201308
040402031301201308
040402031302201308
040402031303201308
040402032102201308
040402032103201308
040402034802201308
040402035602201308
040402035603201308
040402038002201308
040402039902201308
040402042902201308
040402044501201308
040402044502201308
040402044503201308
040402045302201308
040402046102201308
040402047002201308
040402048801201308
040402048802201308
040402048803201308
040402049602201308
040402050002201308
040402051802201308
040402052602201308
040402053402201308
040402054202201308
040402055002201308
040402056902201308
040402057701201308
040402057702201308
040402057703201308
040402058502201308
040402059302201308
040402060702201308
040402061501201308
040402061502201308
040402061503201308
040402062301201308
040402062302201308
040402062303201308
040402063101201308
040402064002201308
040402065802201308
040402065803201308
040402066602201308
040402066603201308
040402067401201308
040402067402201308
040402069002201308
040402070402201308
040402071202201308
040402072002201308
040402073902201308
040402077102201308
040402077103201308
040402078002201308
040403001702201308
040403001703201308
040403003302201308
040403004102201308
040403004103201308
040403005002201308
040403006802201308
040403006803201308
040403007602201308
040403008402201308
040403010602201308
040403012202201308
040403012203201308
040403013002201308
040403015702201308
040403016502201308
040403017302201308
040403017303201308
040403019002201308
040403022002201308
040403022003201308
040403024602201308
040403025402201308
040403026202201308
040403027002201308
040403028902201308
040403029702201308
040403030002201308
040403031902201308
040403032702201308
040501001001201308
040501001002201308
040501001003201308
040501002801201308
040501002802201308
040501002803201308
040501003601201308
040501003602201308
040501003603201308
040501004401201308
040501005201201308
040501006001201308
040501007901201308
040501007902201308
040501007903201308
040501008702201308
040501008703201308
040501010901201308
040501011701201308
040501011702201308
040501011703201308
040501012501201308
040501012502201308
040501012503201308
040501013302201308
040501013303201308
040501014101201308
040501015002201308
040501015003201308
040501016801201308
040501017601201308
040501017602201308
040501017603201308
040501018401201308
040501019201201308
040501020601201308
040502001501201308
040502001502201308
040502001503201308
040502002301201308
040502002302201308
040502002303201308
040503001002201308
040503001003201308
040503002901201308
040503002902201308
040503002903201308
040503003701201308
040503004501201308
040503005301201308
040503007001201308
040503007002201308
040503007003201308
040503009601201308
040503009602201308
040503009603201308
040503010001201308
040503011801201308
040503011802201308
040503011803201308
040503012601201308
040503013401201308
040503013402201308
040503013403201308
040503014202201308
040503014203201308
040503015001201308
040503016902201308
040503016903201308
040503017702201308
040503017703201308
040503018502201308
040503019301201308
040503019302201308
040503020702201308
040503020703201308
040503021501201308
040503022301201308
040503023101201308
040504001601201308
040504001602201308
040504001603201308
040504002402201308
040504002403201308
040504004002201308
040504004003201308
040504005902201308
040504005903201308
040504006701201308
040504006702201308
040504006703201308
040504007501201308
040504007502201308
040504007503201308
040504008302201308
040504008303201308
040504009102201308
040504009103201308
040504010501201308
040504010502201308
040504010503201308
040504013001201308
040504014802201308
040504014803201308
040504015602201308
040504015603201308
040504016402201308
040504016403201308
040504018002201308
040504019901201308
040504020201201308
040504020202201308
040504020203201308
040504021001201308
040504021002201308
040504021003201308
040505001101201308
040505001102201308
040505001103201308
040505002001201308
040505003801201308
040505004601201308
040505004602201308
040505004603201308
040505005401201308
040505005402201308
040505005403201308
040505006201201308
040505007001201308
040505008901201308
040505009701201308
040505009702201308
040505009703201308
040505010001201308
040505010002201308
040505010003201308
040505011901201308
040505011902201308
040505011903201308
040505012701201308
040505013502201308
040505013503201308
040505014301201308
040505014302201308
040505014303201308
040505015101201308
040505015102201308
040505015103201308
040505016001201308
040505017801201308
040505018602201308
040505018603201308
040505019401201308
040505020801201308
040505021601201308
040505021602201308
040505021603201308
040505022401201308
040505022402201308
040505022403201308
040505023202201308
040505023203201308
040505024001201308
040505025901201308
040505026701201308
040505028301201308
040505029101201308
040505030501201308
040505031302201308
040505031303201308
040505032101201308
040505032102201308
040505032103201308
040505035602201308
040505035603201308
040505036401201308
040505037201201308
040505037202201308
040505037203201308
040505038002201308
040505038003201308
040505039901201308
040505039902201308
040505039903201308
040601001302201308
040601002102201308
040601003002201308
040601004802201308
040601005602201308
040601006402201308
040601007202201308
040601008002201308
040601009902201308
040601010202201308
040601011002201308
040601012902201308
040601013702201308
040601015302201308
040601016102201308
040601017002201308
040601018802201308
040601019602201308
040601020002201308
040601021802201308
040601022602201308
040601023402201308
040601024202201308
040601025002201308
040601026902201308
040601027702201308
040601028502201308
040601029302201308
040601030702201308
040601031502201308
040601032302201308
040601033102201308
040601034002201308
040601035802201308
040601036602201308
040601037402201308
040601038202201308
040601039002201308
040601040402201308
040601041202201308
040601042002201308
040601043902201308
040601044702201308
040601045502201308
040601046302201308
040601047102201308
040601048002201308
040601049802201308
040601050102201308
040601051002201308
040601052802201308
040601053602201308
040601054402201308
040601055202201308
040601056002201308
040601057902201308
040601058702201308
040601059502201308
040601060902201308
040601061702201308
040601062502201308
040601063302201308
040601064102201308
040601065002201308
040601066802201308
040601067602201308
040601068402201308
040601069202201308
040601070602201308
040601071402201308
040601072202201308
040601073002201308
040601074902201308
040601075702201308
040601076502201308
040601077302201308
040601078102201308
040601079002201308
040601080302201308
040601081102201308
040601082002201308
040601083802201308
040601084602201308
040601085402201308
040601086202201308
040601087002201308
040601088902201308
040601089702201308
040601090002201308
040601091902201308
040601092702201308
040601093502201308
040601094302201308
040601095102201308
040601096002201308
040601097802201308
040601098602201308
040601099402201308
040601100102201308
040601101002201308
040601102802201308
040601103602201308
040601104402201308
040601105202201308
040601107902201308
040601108702201308
040601109502201308
040601110902201308
040601111702201308
040601112502201308
040601113302201308
040601114102201308
040601115002201308
040601116802201308
040601117602201308
040601118402201308
040601119202201308
040601120602201308
040601121402201308
040601122202201308
040601123002201308
040601124902201308
040601125702201308
040602001902201308
040602002702201308
040602003502201308
040602004302201308
040602005102201308
040602007802201308
040602007803201308
040602008602201308
040602009401201308
040602009402201308
040602009403201308
040602010802201308
040602011602201308
040602012402201308
040602013201201308
040602014001201308
040602015902201308
040602015903201308
040602016702201308
040602018302201308
040602019102201308
040602020501201308
040602021302201308
040602022102201308
040602023002201308
040602024802201308
040602025602201308
040602026402201308
040602027202201308
040602028002201308
040602029901201308
040602030202201308
040602031002201308
040602032902201308
040602033702201308
040602034502201308
040602035302201308
040602036102201308
040602037002201308
040602038802201308
040602039602201308
040602040002201308
040602041802201308
040602042602201308
040602043402201308
040602044202201308
040602045002201308
040602046902201308
040602047702201308
040602048502201308
040602049302201308
040602050702201308
040602051502201308
040602052302201308
040602053102201308
040602054002201308
040602055802201308
040602056602201308
040602057402201308
040602058202201308
040602059002201308
040602060402201308
040602061202201308
040602062001201308
040602062002201308
040602062003201308
040603001402201308
040603002202201308
040603003002201308
040603004902201308
040603005702201308
040603006502201308
040603007302201308
040603008102201308
040603009002201308
040603010302201308
040603011102201308
040603012002201308
040603013802201308
040603014602201308
040604001002201308
040604002802201308
040604004402201308
040604005202201308
040604006002201308
040604007902201308
040604008702201308
040604009502201308
040604010902201308
040604011702201308
040604012502201308
040604013302201308
040604014102201308
040604015002201308
040604016802201308
040604017602201308
040604018402201308
040604019202201308
040604020602201308
040604021402201308
040604021403201308
040604022202201308
040604023002201308
040604024902201308
040604025702201308
040604026502201308
040604027302201308
040604028102201308
040604029002201308
040604030302201308
040604031102201308
040604032002201308
040604033802201308
040605001502201308
040605002302201308
040605003102201308
040605004002201308
040605005802201308
040605006602201308
040605007402201308
040605008202201308
040605009002201308
040605010402201308
040605011202201308
040605012002201308
040605013902201308
040701001702201308
040701002502201308
040701002503201308
040701003302201308
040701004102201308
040701005002201308
040701006802201308
040701007602201308
040701008402201308
040701009202201308
040701010602201308
040701011402201308
040701012202201308
040701013002201308
040701014902201308
040701015702201308
040701016502201308
040701017302201308
040701018102201308
040701019002201308
040701020302201308
040701021102201308
040701022002201308
040701023802201308
040701024601201308
040701024602201308
040701025401201308
040701025402201308
040701026202201308
040701027002201308
040701028902201308
040701029702201308
040701030002201308
040701031901201308
040701032701201308
040701033502201308
040701034302201308
040701035102201308
040701036002201308
040701037802201308
040702001202201308
040702002002201308
040702003902201308
040702004702201308
040702005501201308
040702006302201308
040702007102201308
040702008002201308
040702009802201308
040702010102201308
040702011002201308
040702011003201308
040702012801201308
040702012802201308
040702012803201308
040702013601201308
040702013602201308
040702013603201308
040702014401201308
040702014402201308
040702014403201308
040702015202201308
040702016001201308
040702017902201308
040702018702201308
040702019502201308
040702020902201308
040702021702201308
040702021703201308
040702022501201308
040702022502201308
040702022503201308
040702023302201308
040702024102201308
040702025002201308
040702026802201308
040702027602201308
040702027603201308
040702028402201308
040702028403201308
040702029202201308
040702030602201308
040702031401201308
040702032202201308
040702032203201308
040702033002201308
040702034902201308
040702035702201308
040702036502201308
040702037301201308
040702038102201308
040702039001201308
040702040302201308
040702041102201308
040702042002201308
040702043802201308
040702044602201308
040702045402201308
040702045403201308
040702046202201308
040702047002201308
040702047003201308
040702048901201308
040702049701201308
040703001802201308
040703002602201308
040703003402201308
040703004202201308
040703004203201308
040703005002201308
040703006902201308
040703007702201308
040703008501201308
040703009301201308
040703010701201308
040703011501201308
040703012302201308
040703013102201308
040703014002201308
040703015802201308
040703016602201308
040703017402201308
040703018202201308
040703019002201308
040703020402201308
040703021202201308
040703022002201308
040703023901201308
040703024702201308
040704001302201308
040704002102201308
040704003002201308
040704004802201308
040704005602201308
040704006402201308
040704006403201308
040704007202201308
040704007203201308
040704008002201308
040704008003201308
040704009902201308
040704009903201308
040704010202201308
040704010203201308
040704011002201308
040704011003201308
040704012902201308
040704012903201308
040704013702201308
040704014502201308
040704015302201308
040704016102201308
040704017002201308
040704017003201308
040704018802201308
040704019601201308
040704019602201308
040704020002201308
040704021801201308
040704021802201308
040704022602201308
040704022603201308
040704023402201308
040704024202201308
040704025002201308
040704026902201308
040801001002201308
040801002902201308
040801003702201308
040801004502201308
040801005302201308
040801006102201308
040801007002201308
040801008802201308
040801009602201308
040801010002201308
040801011802201308
040801012601201308
040801012602201308
040801013401201308
040801013402201308
040801014202201308
040801015002201308
040801016902201308
040801017702201308
040801018502201308
040801019302201308
040801020702201308
040801021502201308
040801022302201308
040801023102201308
040802001602201308
040802002402201308
040802003202201308
040802004002201308
040802005902201308
040802006702201308
040802007502201308
040802008302201308
040802009102201308
040802010501201308
040802010502201308
040802011302201308
040802012102201308
040802013002201308
040802014802201308
040802015602201308
040802016401201308
040802016402201308
040802017201201308
040802017202201308
040802018001201308
040802018002201308
040802019901201308
040802019902201308
040802020201201308
040802020202201308
040802021002201308
040802022901201308
040802022902201308
040802023702201308
040802024501201308
040802024502201308
040802025302201308
040802026102201308
040802027002201308
040802028802201308
040802029601201308
040802029602201308
040802030001201308
040802030002201308
040802031802201308
040802032602201308
040802032603201308
040802033402201308
040802034202201308
040802034203201308
040802035002201308
040802036902201308
040802037702201308
040802038502201308
040802039302201308
040802040702201308
040802041502201308
040802042302201308
040802043102201308
040802044002201308
040802044003201308
040802045802201308
040802046602201308
040802047402201308
040802048202201308
040802049002201308
040802050402201308
040802051202201308
040802052002201308
040802053902201308
040802054702201308
040802055502201308
040802056302201308
040802057102201308
040802058002201308
040802059802201308
040802060102201308
040802061002201308
040802062802201308
040802063602201308
040802064402201308
040803001102201308
040803002002201308
040803003802201308
040803004602201308
040803005402201308
040803006202201308
040803007002201308
040803008902201308
040803009702201308
040803010002201308
040803011902201308
040803012702201308
040803013502201308
040803014302201308
040803015102201308
040803016002201308
040803017802201308
040803018602201308
040803019402201308
040803020802201308
040803021602201308
040803022402201308
040803023202201308
040803024002201308
040803025902201308
040803026702201308
040803027502201308
040803028302201308
040803029102201308
040803030502201308
040803031302201308
040803032102201308
040803033002201308
040803034802201308
040803035602201308
040803036402201308
040803037202201308
040803038002201308
040803039902201308
040803040202201308
040803041002201308
040803042902201308
040803043702201308
040803044502201308
040803045302201308
040803046102201308
040803047002201308
040803048802201308
040803050002201308
040803051802201308
040803052602201308
040803053402201308
040803054202201308
040803055002201308
040803056902201308
040803057702201308
040803058502201308
040803059302201308
040803060702201308
040803061502201308
040803062302201308
040803063102201308
040803064002201308
040803065802201308
040803066602201308
040803067402201308
040803068202201308
040803069002201308
040803070402201308
040803071202201308
040803072002201308
040803073902201308
040803074702201308
040803075502201308
040803076302201308
040803077102201308
040803078002201308
040803079802201308
040803080102201308
040803081002201308
040803082802201308
040803083602201308
040803084402201308
040803085202201308
040803086002201308
040803087902201308
040803088702201308
040803089502201308
040803090902201308
040803091702201308
040804001702201308
040804002502201308
040804003302201308
040804004102201308
040804005002201308
040804006802201308
040804007602201308
040804008402201308
040804009202201308
040804010602201308
040804011402201308
040804012202201308
040804013002201308
040804014902201308
040804015702201308
040804016502201308
040804017302201308
040804018102201308
040804019002201308
040804019003201308
040804020302201308
040804021102201308
040804022002201308
040804023802201308
040804024602201308
040804025402201308
040804026202201308
040804027002201308
040804028902201308
040804029702201308
040804030002201308
040804031902201308
040804032702201308
040804033502201308
040804034302201308
040804035101201308
040805001202201308
040805002002201308
040805003902201308
040805004702201308
040805005502201308
040805006302201308
040805007102201308
040805008002201308
040805009802201308
040805010102201308
040805011002201308
040805012802201308
040805013602201308
040805014402201308
040805015202201308
040805016002201308
040805017902201308
040805018702201308
040805019501201308
040805019502201308
040805020901201308
040805020902201308
040805021701201308
040805021702201308
040805022501201308
040805022502201308
040805022503201308
040805023302201308
040805024101201308
040805024102201308
040805025001201308
040805025002201308
040805025003201308
040805026801201308
040805026802201308
040805026803201308
040805027601201308
040805027602201308
040805028401201308
040805028402201308
040805029201201308
040805029202201308
040805030602201308
040805031402201308
040805032202201308
040805033001201308
040805033002201308
040805034902201308
040805035702201308
040805036502201308
040805037302201308
040805038102201308
040805039002201308
040805040302201308
040805041102201308
040805042002201308
040805043802201308
040805044602201308
040805045402201308
040805046202201308
040805047002201308
040805048902201308
040805049702201308
040805050002201308
040805051902201308
040805052702201308
040805053502201308
040805054302201308
040805055102201308
040805056002201308
040805057802201308
040805058602201308
040805059402201308
040805060802201308
040805061602201308
040805062402201308
040805063202201308
040805064002201308
040805065902201308
040805066702201308
040805067502201308
040805068302201308
040805069102201308
040805070502201308
040805071302201308
040805072102201308
040805073002201308
040805074802201308
040805075602201308
040805076402201308
040805077202201308
040805078002201308
040805079902201308
040805080202201308
040805081002201308
040805082902201308
040805083702201308
040805084502201308
040805085302201308
040805086102201308
040805087002201308
040805088802201308
040805089602201308
040805090002201308
040805091802201308
040805092602201308
040806001802201308
040806002602201308
040806003402201308
040806004201201308
040806004202201308
040806004203201308
040806005002201308
040806006902201308
040806007702201308
040806008501201308
040806008502201308
040806009302201308
040806010702201308
040806011502201308
040806012302201308
040806013102201308
040806014002201308
040806015801201308
040806015802201308
040806015803201308
040806016602201308
040806017402201308
040806018202201308
040806019002201308
040806020402201308
040806021201201308
040806021202201308
040806022001201308
040806023902201308
040806024702201308
040806025502201308
040806026302201308
040806027102201308
040806028002201308
040806029802201308
040806030101201308
040806030102201308
040806031002201308
040806032802201308
040806033602201308
040806034402201308
040806035201201308
040806035202201308
040806036002201308
040806037902201308
040806038702201308
040806039502201308
040806040901201308
040806040902201308
040806041702201308
040806042501201308
040806042502201308
040806042503201308
040806043302201308
040806044102201308
040806045001201308
040806045002201308
040806046802201308
040806047602201308
040806048402201308
040806049202201308
040806050602201308
040806051402201308
040806052202201308
040806053002201308
040806054902201308
040806055702201308
040806056502201308
040806057302201308
040806057303201308
040806058102201308
040806059002201308
040806060302201308
040806061102201308
040806062002201308
040806063802201308
040806064602201308
040806065401201308
040806066202201308
040806067002201308
040806068901201308
040806069702201308
040806070002201308
040806071902201308
040806071903201308
040901001402201308
040901002202201308
040901003002201308
040901004902201308
040901005702201308
040901006502201308
040901007302201308
040901008102201308
040901009001201308
040901009002201308
040901010301201308
040901011101201308
040901012002201308
040901013802201308
040901014602201308
040901015401201308
040901016201201308
040901017001201308
040901017002201308
040901017003201308
040901018902201308
040901019702201308
040901020002201308
040901021902201308
040901022702201308
040901023502201308
040901024302201308
040901025102201308
040901026002201308
040901027801201308
040901028602201308
040901029401201308
040901029402201308
040901030802201308
040901031602201308
040901032402201308
040901033202201308
040901034002201308
040901035901201308
040901035902201308
040901036702201308
040901037502201308
040901038301201308
040901038302201308
040901038303201308
040901039102201308
040901040502201308
040901041302201308
040901042101201308
040901043002201308
040901043003201308
040901044801201308
040901045602201308
040901046402201308
040901047202201308
040901048002201308
040901049902201308
040901050202201308
040901051002201308
040901052902201308
040901053702201308
040901054502201308
040901055302201308
040901056102201308
040901057002201308
040901058802201308
040902001001201308
040902001002201308
040902001003201308
040902002801201308
040902002802201308
040902003601201308
040902003602201308
040902003603201308
040902004402201308
040902004403201308
040902005202201308
040902006001201308
040902007901201308
040902007902201308
040902007903201308
040902008701201308
040902008702201308
040902008703201308
040902009501201308
040902009502201308
040902009503201308
040902010902201308
040902011701201308
040902012502201308
040902012503201308
040902013302201308
040902014102201308
040902015002201308
040902015003201308
040902016802201308
040902017601201308
040902017602201308
040902017603201308
040902018401201308
040903001502201308
040903001503201308
040903002302201308
040903003102201308
040903004002201308
040904001001201308
040904001002201308
040904001003201308
040904002901201308
040904002902201308
040904003702201308
040904004502201308
040904005302201308
040904006101201308
040904006102201308
040904006103201308
040904007001201308
040904007002201308
040904007003201308
040904008801201308
040904008802201308
040904008803201308
040904009602201308
040904010001201308
040904011802201308
040904012602201308
040904013402201308
040904014201201308
040904014202201308
040904014203201308
040904015002201308
040904016901201308
040904016902201308
040904017702201308
040904018502201308
040904019302201308
040904020702201308
040904021501201308
040904021502201308
040904022302201308
040904023102201308
040904024001201308
040904024002201308
040904024003201308
040905001602201308
040905002402201308
040905003202201308
040905004002201308
040905005901201308
040905006701201308
040905007502201308
040905008301201308
040905008302201308
040905008303201308
040905009102201308
040905010502201308
040905011302201308
040905012102201308
040906001101201308
040906001102201308
040906001103201308
040906002002201308
040906003802201308
040906003803201308
040906004601201308
040906004602201308
040906004603201308
040906005402201308
040906005403201308
040906006201201308
040906007002201308
040906007003201308
040906008901201308
040906009701201308
040906010002201308
040906011902201308
040906012702201308
040906013502201308
040906014302201308
040906015102201308
040906016002201308
040906017801201308
040906017802201308
040906017803201308
040906018602201308
040906018603201308
040906019402201308
040906020802201308
040906020803201308
040906021602201308
040906022402201308
040906023202201308
040906023203201308
040906024002201308
040906024003201308
040906025902201308
040906026702201308
040906026703201308
040906027502201308
040906027503201308
040906028302201308
040907001702201308
040907001703201308
040907002502201308
040907003302201308
040907003303201308
040907004102201308
040907004103201308
040907005002201308
040907006802201308
040907006803201308
040907007602201308
040907007603201308
040907008402201308
040907008403201308
040907009202201308
040907009203201308
040907010601201308
040907010602201308
040907010603201308
040907011402201308
040907012201201308
040907012202201308
040907012203201308
040907013002201308
040907013003201308
040907014901201308
040907014902201308
040907014903201308
040907015701201308
040907015702201308
040907015703201308
040907016501201308
040907016502201308
040907016503201308
040907017301201308
040907018101201308
040907018102201308
040907018103201308
040907019002201308
040907019003201308
040907020302201308
040907021102201308
040907022002201308
040907022003201308
040907023802201308
040907024602201308
040907025402201308
040907026202201308
040907026203201308
040907027002201308
040907028902201308
040907029702201308
040907030002201308
041001001401201308
041001001402201308
041001001403201308
041001002201201308
041001003001201308
041001004901201308
041001004902201308
041001004903201308
041001005702201308
041001006502201308
041001007302201308
041001008101201308
041001008102201308
041001008103201308
041001009002201308
041001010301201308
041001011102201308
041001011103201308
041001012002201308
041001013802201308
041001014602201308
041001015402201308
041001016202201308
041001017002201308
041001018902201308
041101001801201308
041101001802201308
041101001803201308
041101002602201308
041101003402201308
041101004202201308
041101005002201308
041101006901201308
041101007701201308
041101007702201308
041101007703201308
041101008502201308
041102001301201308
041102001302201308
041102001303201308
041102002102201308
041102003002201308
041102004802201308
041102005602201308
041201001102201308
041201002002201308
041201003802201308
041201004602201308
041201004603201308
041201006201201308
041201006202201308
041201007002201308
041201008902201308
041201009702201308
041201010002201308
041201011902201308
041201012702201308
041201013502201308
041201014302201308
041202001702201308
041202002502201308
041202003302201308
041202005002201308
041202006802201308
041202007602201308
041202008402201308
041203001202201308
041203004702201308
041203005502201308
041203006302201308
041203007102201308
041203008002201308
041203009802201308
041203010102201308
041203011002201308
041203012801201308
041203012802201308
041204001802201308
041204002602201308
041204003402201308
041204004202201308
041204005002201308
041204006902201308
041204008502201308
041204010702201308
041204011502201308
041204012302201308
041204013102201308
041204015802201308
041204016602201308
041204017402201308
041204018202201308
041204019002201308
041204020402201308
041204021202201308
041204022002201308
041205001302201308
041205003002201308
041205004802201308
041205006402201308
041205007202201308
041205008002201308
041205010202201308
041205011002201308
041205013702201308
041205014502201308
041205015302201308
041205016102201308
041205017001201308
041205017002201308
041301001502201308
041301002301201308
041301003101201308
041301004001201308
041301005801201308
041301006602201308
041301007402201308
041301008202201308
041301009002201308
041303001602201308
041303001603201308
041303002402201308
041303003202201308
041303004001201308
041303005902201308
041303005903201308
041303006702201308
041303007502201308
041303008302201308
041303008303201308
041304001101201308
041304002002201308
041304003802201308
041304004602201308
041304005402201308
041304006202201308
041304007002201308
041304008902201308
041304009702201308
041304010002201308
041304011902201308
041304011903201308
041304012702201308
041304012703201308
041304013502201308
041304013503201308
041304014302201308
041304015101201308
041304015102201308
041304015103201308
041304016002201308
041304017802201308
041304018602201308
041304019402201308
041304020802201308
041304021602201308
041304022402201308
041304023202201308
041304023203201308
041304024002201308
041304025902201308
041401002702201308
041401003502201308
041401025601201308
041401025602201308
041401025603201308
041401027202201308
041401032902201308
041401032903201308
041401034501201308
041401034502201308
041401034503201308
041401036101201308
041401036102201308
041401036103201308
041401037001201308
041401038801201308
041401038802201308
041401038803201308
041402002201201308
041402002202201308
041402002203201308
041402003001201308
041402003002201308
041402003003201308
041402004901201308
041402004902201308
041402004903201308
041402005701201308
041402005702201308
041402005703201308
041402006501201308
041402006502201308
041402006503201308
041402007301201308
041402007302201308
041402007303201308
041402008101201308
041402008102201308
041402008103201308
041402009001201308
041402009002201308
041402009003201308
041402012001201308
041402012002201308
041402012003201308
041402013801201308
041402013802201308
041402013803201308
041402014601201308
041402014602201308
041402014603201308
041402015401201308
041402015402201308
041402015403201308
041402016201201308
041402016202201308
041402016203201308
041402017001201308
041402017002201308
041402017003201308
041402017006201308
041402020001201308
041402020002201308
041402020003201308
041402021901201308
041402021902201308
041402021903201308
041402024301201308
041402024302201308
041402024303201308
041402027801201308
041402027802201308
041402027803201308
041402029401201308
041402029402201308
041402029403201308
041402035901201308
041402035902201308
041402035903201308
041402036701201308
041402036702201308
041402036703201308
041402037501201308
041402037502201308
041402037503201308
041402038301201308
041402038302201308
041402038303201308
041402040501201308
041402040502201308
041402040503201308
041402041302201308
041402041303201308
041402042101201308
041501001202201308
041502001802201308
041502002602201308
041502003402201308
041502004202201308
041502005002201308
041503001302201308
041504002702201308
041504003502201308
041504003506201308
041504004301201308
041504004306201308
041504005101201308
041601001602201308
041601002402201308
041601003202201308
041601004002201308
041601007502201308
041601009102201308
041601011302201308
041601011303201308
041601012102201308
041601013002201308
041601016402201308
041601017202201308
041601017203201308
041601018002201308
041601019902201308
041601020202201308
041601021002201308
041601022902201308
041602002002201308
041602015102201308
041602016002201308
041602017802201308
041602018602201308
041602019402201308
041602020802201308
041602021602201308
041602022402201308
041602023202201308
041602024002201308
041602025902201308
041603001702201308
041603002502201308
041603003302201308
041603004102201308
041603006802201308
041603007602201308
041603008402201308
041603009202201308
041603014901201308
041603014902201308
041603014903201308
041603015702201308
041603016502201308
041603017302201308
041603018102201308
041603019002201308
041603020302201308
041603021102201308
041603022002201308
041603023802201308
041603024602201308
041603025402201308
041603026202201308
041603027002201308
041603028902201308
041603029702201308
041603030002201308
041603031902201308
041603032702201308
041603033502201308
041603034302201308
041603035102201308
041603036002201308
041604001202201308
041604002002201308
041604003902201308
041604004702201308
041604005502201308
041604007102201308
041604010102201308
041604011002201308
041604012802201308
041604014402201308
041604017902201308
041604018702201308
041604019502201308
041604020902201308
041604021702201308
041604022502201308
041604023302201308
041604024102201308
041604025002201308
041604026802201308
041604027602201308
041605001802201308
041605002602201308
041605003402201308
041605005002201308
041605007702201308
041605009302201308
041605010702201308
041605011502201308
041606001302201308
041606002102201308
041606003002201308
041606005602201308
041606006402201308
041606008002201308
041606009902201308
041606010202201308
041606011002201308
041606012902201308
041608001402201308
041608003002201308
041608008102201308
041608009002201308
041608011102201308
041608012002201308
041609001002201308
041609002802201308
041609003602201308
041609007902201308
041609010902201308
041609011702201308
041609012502201308
041609013302201308
041611001002201308
041611002902201308
041611003702201308
041611004502201308
041611005302201308
041611006102201308
041611007002201308
041611008802201308
041612002402201308
041612003202201308
041612004002201308
041612004003201308
041612005902201308
041612005903201308
041701001002201308
041701002802201308
041701003602201308
041701004402201308
041701004403201308
041701005201201308
041701005202201308
041701005203201308
041701006001201308
041701006002201308
041701006003201308
041801001301201308
041801002101201308
041801003001201308
041801004801201308
041801005602201308
041801006401201308
041801007202201308
041801008001201308
041801009901201308
041802001901201308
041802002701201308
041802003501201308
050101001701201308
050101002501201308
050101003301201308
050101004101201308
050101005001201308
050101006801201308
050101007601201308
050101008401201308
050101009201201308
050102001201201308
050102002001201308
050102003901201308
050103001801201308
050103002601201308
050103003401201308
050103004201201308
050103005001201308
050103006902201308
050103007701201308
050103008501201308
050103009301201308
050103010701201308
050103011501201308
050103012301201308
050104001301201308
050104002101201308
050104002102201308
050104003001201308
050104004801201308
050104005601201308
050104006401201308
050104006402201308
050104007201201308
050105001901201308
050105002701201308
050105003501201308
050105004301201308
050106001402201308
050106002202201308
050106003002201308
050106004902201308
050106005702201308
050107001001201308
050107002801201308
050107002802201308
050107003602201308
050107004401201308
050107005201201308
050107006001201308
050107007901201308
050107008701201308
050107009501201308
050107010901201308
050107011701201308
050108001501201308
050108001502201308
050108002301201308
050108002302201308
050108003101201308
050108003102201308
050108004001201308
050108004002201308
050108005801201308
050108005802201308
050108006601201308
050108006602201308
050108007401201308
050108007402201308
050108008202201308
050108009001201308
050108009002201308
050201001002201308
050201002902201308
050301001401201308
050301001402201308
050301002201201308
050301002202201308
050302001002201308
050302002802201308
050303001502201308
050303002302201308
050303003102201308
050303004002201308
050303005801201308
050303005802201308
050303006602201308
050303007402201308
050303008202201308
050303009002201308
050303010402201308
050304001002201308
050304002902201308
050304003702201308
050304004502201308
050304005302201308
050304006101201308
050304006102201308
050304008802201308
050401001801201308
050401001802201308
050401002601201308
050401002602201308
050401003401201308
050401003402201308
050402001302201308
050402002102201308
050402003002201308
050402004802201308
050402005602201308
050403001902201308
050403002702201308
050404001401201308
050404002201201308
050501001102201308
050501002002201308
050501003802201308
050501004602201308
050501005402201308
050501006202201308
050501007002201308
050501008902201308
050501009701201308
050501009702201308
050501009703201308
050501010001201308
050501010002201308
050501010003201308
050501011901201308
050501011902201308
050501011903201308
050501012701201308
050501012702201308
050501012703201308
050502001702201308
050502002502201308
050502003302201308
050502004102201308
050502005002201308
050502006802201308
050502007602201308
050502008402201308
050502009202201308
050502010602201308
050502011402201308
050502012202201308
050601001501201308
050601002301201308
050601003101201308
050601004001201308
050601005801201308
050601005802201308
050602001003201308
050602002903201308
050602003703201308
050602004502201308
050602004503201308
050602005302201308
050602006102201308
050602007002201308
050602008802201308
050602009602201308
050602010002201308
050602011802201308
060201001201201308
060201002001201308
060201003901201308
060201004701201308
060201005501201308
060201006301201308
060201007101201308
060201008001201308
060201009801201308
060201011001201308
060201012801201308
060201013601201308
060201014401201308
060201015201201308
060201016001201308
060301001602201308
060302001102201308
060302002002201308
060302003802201308
060302004602201308
060302005402201308
060302006202201308
060302007002201308
060302008902201308
060302009702201308
060302010002201308
060303001702201308
060303002502201308
060303003302201308
060303004102201308
060304001202201308
060305001802201308
060305002602201308
060305003402201308
060305004202201308
060305005002201308
060305006902201308
060305007702201308
060305008502201308
060305009302201308
060305010702201308
060306001302201308
060307001902201308
060307002702201308
060307003502201308
060307004302201308
060307005102201308
060308001402201308
060308002202201308
060308003002201308
060308004902201308
060308005702201308
060308006502201308
060308007302201308
060308008102201308
060308009002201308
060308010302201308
060308011102201308
060308012002201308
060308013802201308
060308014602201308
060308015402201308
060308016202201308
060308017002201308
060308018902201308
060308019702201308
060308020002201308
060308021902201308
060308022702201308
060401001001201308
060401002801201308
060401003601201308
060401004401201308
060401005201201308
060401006001201308
060401007901201308
060401008701201308
060401009501201308
060402001501201308
060402002301201308
060402003101201308
060402004001201308
060402005801201308
060403001001201308
060403002901201308
060403003701201308
060403004501201308
060403005301201308
060403006101201308
060404001601201308
060404002401201308
060404003201201308
060404004001201308
060404005901201308
060404006701201308
060404007501201308
060404008301201308
060404009101201308
060405001101201308
060405002001201308
060405003801201308
060405004601201308
060405005401201308
060405006201201308
060405007001201308
060405008901201308
060405009701201308
060405010001201308
060405011901201308
060406001701201308
060406002501201308
060407001201201308
060408001801201308
060408002601201308
060409001301201308
060410001901201308
060411001401201308
060411002201201308
060411003001201308
060411004901201308
060411005701201308
060411006501201308
060412001001201308
060413001501201308
060413002301201308
060413003101201308
060413004001201308
060413005801201308
060413006601201308
060413007401201308
060413008201201308
060413009001201308
060413010401201308
060413011201201308
060414001001201308
060414002901201308
060414003701201308
060415001601201308
060415002401201308
060416001101201308
060416002001201308
060416003801201308
060416004601201308
060416005401201308
060417001701201308
060417002501201308
060417003301201308
060417004101201308
060417005001201308
060418001201201308
060418002001201308
060419001801201308
060420001301201308
060421001901201308
060421002701201308
060422001401201308
060423001001201308
060423002801201308
060423003601201308
060423004401201308
060423005201201308
060423006001201308
060423007901201308
060423008701201308
060424001501201308
060424002301201308
060424003101201308
060424004001201308
060424005801201308
060425001001201308
060425002901201308
060426001601201308
060427001101201308
060427002001201308
060427003801201308
060427004601201308
060427005401201308
060427006201201308
060427007001201308
060427008901201308
060427009701201308
060427010001201308
060427011901201308
060428001701201308
060428002501201308
060428003301201308
060428004101201308
060428005001201308
060428006801201308
060428007601201308
060428008401201308
060428009201201308
060428010601201308
060429001201201308
060429002001201308
060429003901201308
060429004701201308
060429005501201308
060429006301201308
060429007101201308
060429008001201308
060430001801201308
060430002601201308
060430003401201308
060431001301201308
060431002101201308
060431003001201308
060431004801201308
060431005601201308
060431006401201308
060432001901201308
060432002701201308
060432003501201308
060432004301201308
060432005101201308
060432006001201308
060432007801201308
060432008601201308
060432009401201308
060432010801201308
060432011601201308
060432012401201308
060433001401201308
060433002201201308
060434001001201308
060434002801201308
060434003601201308
060434004401201308
060434005201201308
060434006001201308
060434007901201308
060435001501201308
060435002301201308
060435003101201308
060436001001201308
060436002901201308
060436003701201308
060436004501201308
060436005301201308
060436006101201308
060436007001201308
060436008801201308
060436009601201308
060436010001201308
060436011801201308
060436012601201308
060437001601201308
060437002401201308
060438001101201308
060438002001201308
060438003801201308
060438004601201308
060438005401201308
060438006201201308
060438007001201308
060438008901201308
060439001701201308
060439002501201308
060439003301201308
060439004101201308
060439005001201308
060439006801201308
060439007601201308
060439008401201308
060439009201201308
060439010601201308
060439011401201308
060440001201201308
060441001801201308
060441002601201308
060441003401201308
060442001301201308
060443001901201308
060444001401201308
060445001001201308
060446001501201308
060446002301201308
060446003101201308
060446004001201308
060446005801201308
060446006601201308
060447001001201308
060447002901201308
060447003701201308
060447004501201308
060447005301201308
060448001601201308
060449001101201308
060449002001201308
060450001701201308
060450002501201308
060450003301201308
060450004101201308
060450005001201308
060450006801201308
060450007601201308
060450008401201308
060451001201201308
060451002001201308
060451003901201308
060452001801201308
060453001301201308
060453002101201308
060453003001201308
060453004801201308
060454001901201308
060455001401201308
060455002201201308
060456001001201308
060457001501201308
060457002301201308
060457003101201308
060458001001201308
060458002901201308
060458003701201308
060458004501201308
060458005301201308
060458006101201308
060459001601201308
060459002401201308
060460001101201308
060460002001201308
060461001701201308
060461002501201308
060462001201201308
060462002001201308
060462003901201308
060462004701201308
060463001801201308
060464001301201308
060464002101201308
060465001901201308
060465002701201308
060465003501201308
060466001401201308
060466002201201308
060466003001201308
060467001001201308
060468002301201308
060469001001201308
060470001601201308
060471001101201308
060471002001201308
060472001701201308
060472002501201308
060473001201201308
060474001801201308
070101001001201308
070101002901201308
070101003701201308
070101004501201308
070101005301201308
070101006101201308
070101007001201308
070101008801201308
070101009601201308
070101010001201308
070101011801201308
070101012601201308
070101013401201308
070101014201201308
070101015001201308
070101016901201308
070101017701201308
070101018501201308
070101019301201308
070101020701201308
070101021501201308
070101022301201308
070101023101201308
070101024001201308
070101025801201308
070101026601201308
070101027401201308
070101028201201308
070101029001201308
070101030401201308
070101031201201308
070101032001201308
070101033901201308
070102001601201308
070102002401201308
070102003201201308
070102004001201308
070102005901201308
070102006701201308
070102007501201308
070102008301201308
070102009101201308
070102010501201308
070102011301201308
070102012101201308
070102013001201308
070102014801201308
070102015601201308
070102016401201308
070102017201201308
070102018001201308
070102019901201308
070102020201201308
070102021001201308
070102022901201308
070102023701201308
070102024501201308
070102025301201308
070102026101201308
070102027001201308
070102028801201308
070102029601201308
070102030001201308
070102031801201308
070102032601201308
070102033401201308
070102034201201308
070102035001201308
070102036901201308
070102037701201308
070102038501201308
070102039301201308
070102040701201308
070102041501201308
070102042301201308
070102043101201308
070102044001201308
070102045801201308
070102046601201308
070102047401201308
070102048201201308
070102049001201308
070102050401201308
070102051201201308
070102052001201308
070102053901201308
070102054701201308
070102055501201308
070102056301201308
070102057101201308
070102058001201308
070103001101201308
070103002001201308
070103003801201308
070103004601201308
070103005401201308
070103006201201308
070103007001201308
070103008901201308
070103009701201308
070103010001201308
070103011901201308
070103012701201308
070103013501201308
070103014301201308
070103015101201308
070103016001201308
070103017801201308
070103018601201308
070103019401201308
070103020801201308
070103021601201308
070103022401201308
070103023201201308
070103024001201308
070103025901201308
070103026701201308
070103027501201308
070103028301201308
070103029101201308
070103030501201308
070103032101201308
070104001701201308
070104002501201308
070104003301201308
070104004101201308
070104005001201308
070104006801201308
070104007601201308
070104008401201308
070104009201201308
070104010601201308
070104011401201308
070104012201201308
070104013001201308
070104014901201308
070104015701201308
070105001201201308
070105002001201308
070105004701201308
070106001801201308
070106002601201308
070106003401201308
070106004201201308
070107001301201308
070107002101201308
070107003001201308
070107004801201308
070107005601201308
070107006401201308
070107007201201308
070107008001201308
070107009901201308
070107010201201308
070107011001201308
070107012901201308
070107013701201308
070107014501201308
070107015301201308
070107016101201308
070107017001201308
070108002701201308
070108004301201308
070108005101201308
070108006001201308
070108007801201308
070108008601201308
070108009401201308
070108011601201308
070108012401201308
070108013201201308
070108014001201308
070108015901201308
070108016701201308
070108017501201308
070108018301201308
070108019101201308
070109001401201308
070109002201201308
070109003001201308
070109004901201308
070109005701201308
070109006501201308
070109007301201308
070109008101201308
070109009001201308
070110001001201308
070110002801201308
070110003601201308
070110004401201308
070110005201201308
070110006001201308
070110007901201308
070110008701201308
070110009501201308
070110010901201308
070201001402201308
070201002202201308
070201003002201308
070201004902201308
070201005702201308
070201006502201308
070201008102201308
070201009002201308
070201010302201308
070201011102201308
070201012002201308
070201013802201308
070201015402201308
070201016202201308
070201017002201308
070201018902201308
070201019702201308
070201020002201308
070201021902201308
070201022702201308
070201023502201308
070201025102201308
070202002801201308
070202003601201308
070202004401201308
070202021402201308
070203002302201308
070203003102201308
070203004002201308
070203005802201308
070203006602201308
070203007402201308
070203008202201308
070203009002201308
070203010402201308
070203011202201308
070203012002201308
070203013902201308
070203014702201308
070203015502201308
070203016302201308
070203017102201308
070203018002201308
070203019802201308
070203020102201308
070203021002201308
070203022802201308
070203023602201308
070203024402201308
070203025202201308
070203026002201308
070203027902201308
070203028702201308
070203029502201308
070203030902201308
070203031702201308
070203032502201308
070203033302201308
070203034102201308
070203035002201308
070203036802201308
070203037602201308
070203038402201308
070203039202201308
070203040602201308
070203041402201308
070203042202201308
070203043002201308
070203044902201308
070203045702201308
070203046502201308
070203047302201308
070203048102201308
070203049002201308
070203050302201308
070203051102201308
070203052002201308
070203053802201308
070203054602201308
070203055402201308
070203056202201308
070203057002201308
070203058902201308
070203059702201308
070203060002201308
070203060003201308
070203061902201308
070203062702201308
070203062703201308
070203063502201308
070203064302201308
070203065102201308
070203066002201308
070203066003201308
070203067802201308
070203067803201308
070203068602201308
070203068603201308
070203069402201308
070203070802201308
070203071602201308
070203072402201308
070203073202201308
070203074002201308
070203075902201308
070203076702201308
070203078302201308
070203079102201308
070203080502201308
070203081302201308
070203082102201308
070203083002201308
070203084802201308
070203085602201308
070203086402201308
070203087202201308
070203088002201308
070203089902201308
070203090202201308
070203091002201308
070203092902201308
070203093702201308
070203094502201308
070203095302201308
070203095303201308
070203096102201308
070203097002201308
070203098802201308
070203098803201308
070203099602201308
070203100302201308
070203101102201308
070203102002201308
070203103802201308
070203104602201308
070203105402201308
070203106202201308
070203107002201308
070203107003201308
070203108902201308
070203109702201308
070203110002201308
070203111902201308
070203112702201308
070203113502201308
070203114302201308
070203115102201308
070203116002201308
070203117802201308
070203118602201308
070203119402201308
070203120802201308
070203121602201308
070203122402201308
070203123202201308
070203124002201308
070203125902201308
070203126702201308
070203127502201308
070203128302201308
070203129102201308
070203130502201308
070203131302201308
070203132102201308
070203133002201308
070203134802201308
070203135602201308
070203136402201308
070203138002201308
070203139902201308
070204001002201308
070204002902201308
070204003702201308
070204004502201308
070204005302201308
070204006102201308
070204007002201308
070204008802201308
070204009602201308
070204010002201308
070204011802201308
070204012602201308
070204013402201308
070204014202201308
070204015002201308
070204016902201308
070204017702201308
070204018502201308
070204019302201308
070204020702201308
070204021502201308
070204022302201308
070204023102201308
070204024002201308
070204025802201308
070204026602201308
070204027402201308
070204028202201308
070204029002201308
070204030402201308
070204031202201308
070204032002201308
070204033902201308
070204034702201308
070204035502201308
070204036302201308
070204037102201308
070204038002201308
070204039802201308
070204040102201308
070204041002201308
070204042802201308
070204043602201308
070204044402201308
070204045202201308
070204046002201308
070204047902201308
070204048702201308
070204051702201308
070204053302201308
070204054102201308
070204055002201308
070204056802201308
070204057602201308
070204058402201308
070204059202201308
070204060602201308
070205001602201308
070205002402201308
070205003202201308
070205004002201308
070205005902201308
070205006702201308
070205007502201308
070205008302201308
070205009102201308
070205009103201308
070205010502201308
070205012102201308
070205013002201308
070205014802201308
070205015602201308
070205016402201308
070205017202201308
070205018002201308
070205019902201308
070205021002201308
070205022902201308
070205023702201308
070205024502201308
070205025302201308
070205026102201308
070205027002201308
070205028802201308
070205029602201308
070205030002201308
070205031802201308
070205032602201308
070205033402201308
070205034202201308
070205035002201308
070205036902201308
070205037702201308
070205038502201308
070205039302201308
070205040702201308
070205041502201308
070205042302201308
070205043102201308
070205044002201308
070205045802201308
070205046602201308
070205047402201308
070205048202201308
070205049002201308
070205050402201308
070205051202201308
070205052002201308
070205053902201308
070205054702201308
070205054703201308
070205055502201308
070205056302201308
070205057102201308
070205058002201308
070205078402201308
070205079202201308
070205080602201308
070205081402201308
070205081403201308
070206001101201308
070206001102201308
070206001103201308
070206002002201308
070206003802201308
070207004101201308
070207004102201308
070207004103201308
070207005002201308
070207005003201308
070208001202201308
070208002002201308
070208003902201308
070209001802201308
070209003402201308
070209004202201308
070210001301201308
070210002101201308
070210003001201308
070210004801201308
070210004806201308
070210005601201308
070210006401201308
070210007201201308
070210008001201308
070210009901201308
070210010201201308
070211001902201308
070211002702201308
070211003502201308
070211004302201308
070212001402201308
070212002202201308
070212003002201308
070212004902201308
070212005702201308
070212006501201308
070212006502201308
080101001201201308
080101002001201308
080101003902201308
080101004702201308
080201001602201308
080201002402201308
080201003202201308
080201004002201308
080201005902201308
080201006702201308
080201007502201308
080201008302201308
080201009102201308
080201010502201308
080201011302201308
080201012102201308
080201013002201308
080201014802201308
080201015602201308
080201016402201308
080201019902201308
080201021002201308
080201022902201308
080201023702201308
080201024502201308
080201025302201308
080201026102201308
080201027002201308
080202001102201308
080202002002201308
080202002003201308
080301001001201308
080301002801201308
080301003601201308
080301004401201308
080301005201201308
080301006001201308
080301007901201308
080301008701201308
080301009501201308
080301010901201308
080301011701201308
080301012501201308
080301013301201308
080301014101201308
