010101001001201308
010101002801201308
010101003601201308
010101004401201308
010102001501201308
010102002301201308
010102003101201308
010102004001201308
010102005801201308
010102005802201308
010102006601201308
010102006602201308
010102006605201308
010102007401201308
010102007402201308
010102007405201308
010102008201201308
010102008202201308
010102009001201308
010102009002201308
010102009005201308
010103001001201308
010103001008201308
010103002901201308
010103002908201308
010104001601201308
010104002401201308
010104003201201308
010104004001201308
010201005601201308
010201006401201308
010201007201201308
010201014501201308
010201015301201308
010201016101201308
010201017001201308
010201018801201308
010201019601201308
010201020001201308
010201021801201308
010201022601201308
010201023401201308
010201024201201308
010201025001201308
010201026901201308
010201027701201308
010201028501201308
010201029301201308
010201030701201308
010201031501201308
010201032301201308
010201033101201308
010201034001201308
010201035801201308
010201036601201308
010201037401201308
010201038201201308
010201039001201308
010201040401201308
010201041201201308
010201042001201308
010201043901201308
010201044701201308
010201045501201308
010201046301201308
010201047101201308
010201048001201308
010201049801201308
010201050101201308
010201051001201308
010201052801201308
010201053601201308
020101001102201308
020101001104201308
020101002001201308
020101002005201308
020101003803201308
020101004602201308
020101004604201308
020101005405201308
020101006202201308
020101006204201308
020101007002201308
020101007004201308
020101008901201308
020101008905201308
020101009702201308
020101009703201308
020101010002201308
020101010004201308
020101011902201308
020101011903201308
020101012703201308
020101013503201308
020101014303201308
020101014306201308
020101015102201308
020101015105201308
020101016002201308
020101016003201308
020101017802201308
020101017804201308
020101018602201308
020101018603201308
020101019402201308
020101019404201308
020101020803201308
020101021602201308
020101021604201308
020101022402201308
020101022404201308
020101023202201308
020101023204201308
020101024002201308
020101024003201308
020101025903201308
020101026702201308
020101026703201308
020101027502201308
020101027503201308
020101027504201308
020101028302201308
020101028304201308
020101029101201308
020101029105201308
020101030502201308
020101030503201308
020101031302201308
020101031303201308
020101032102201308
020101032103201308
020101033002201308
020101033003201308
020101034801201308
020101034802201308
020101034805201308
020101035602201308
020101036401201308
020101037202201308
020101037204201308
020101038002201308
020101038004201308
020101039901201308
020101039905201308
020101040202201308
020101040203201308
020101041001201308
020101041005201308
020101042905201308
020101043702201308
020101043704201308
020101044501201308
020101044505201308
020101045301201308
020101045305201308
020101046101201308
020101046105201308
020101047001201308
020101047005201308
020101048802201308
020101048804201308
020101049602201308
020101049604201308
020101050002201308
020101050004201308
020101051802201308
020101051804201308
020101052602201308
020101052604201308
020101053403201308
020101054202201308
020101054204201308
020101055003201308
020101056906201308
020101058502201308
020101058505201308
020101059301201308
020101059305201308
020101060702201308
020101060705201308
020101061502201308
020101061504201308
020101062302201308
020101062304201308
020101063101201308
020101063105201308
020101064001201308
020101064005201308
020101065801201308
020101065805201308
020101066602201308
020101066604201308
020102001701201308
020102001705201308
020102002501201308
020102002505201308
020102003301201308
020102003305201308
020102003308201308
020102004101201308
020102004105201308
020102004108201308
020102005001201308
020102005005201308
020201001501201308
020201001505201308
020201002301201308
020201002305201308
020201003101201308
020201003105201308
020201004001201308
020201004005201308
020201005801201308
020201005805201308
020201006601201308
020201006605201308
020201007401201308
020201007405201308
020201008201201308
020201008205201308
020201009001201308
020201009005201308
020201010401201308
020201010405201308
020201011201201308
020201011205201308
020201012001201308
020201012005201308
020201013901201308
020201013905201308
020201014701201308
020201014705201308
020201015501201308
020201015505201308
020201016301201308
020201016305201308
020201017101201308
020201017105201308
020201018001201308
020201018005201308
020201019801201308
020201019805201308
020201020101201308
020201020105201308
020201021001201308
020201021005201308
020201021007201308
020201022801201308
020201022805201308
020201023601201308
020201023605201308
020201024405201308
020201025201201308
020201025205201308
020201026001201308
020201026005201308
020201027901201308
020201027905201308
020201027907201308
020201028701201308
020201028705201308
020201028707201308
020201029501201308
020201029505201308
020201029507201308
020201030901201308
020201030905201308
020201031701201308
020201031705201308
020201031707201308
020201032501201308
020201032505201308
020201033301201308
020201033305201308
020201034101201308
020201034105201308
020201035001201308
020201035005201308
020201036801201308
020201036805201308
020201037601201308
020201037605201308
020201038401201308
020201038405201308
020201038407201308
020201039201201308
020201039205201308
020201039207201308
020201040601201308
020201040605201308
020201041401201308
020201041405201308
020201042201201308
020201042205201308
020201042207201308
020201043001201308
020201043005201308
020201043007201308
020201044901201308
020201044905201308
020201045701201308
020201045705201308
020201046501201308
020201046505201308
020201047301201308
020201047305201308
020201047307201308
020201048101201308
020201048105201308
020201049001201308
020201049005201308
020201050301201308
020201050305201308
020201051101201308
020201051105201308
020201052001201308
020201053801201308
020201053805201308
020201054601201308
020201054605201308
020201055401201308
020201055405201308
020201056201201308
020201056205201308
020201057001201308
020201057005201308
020201058901201308
020201058905201308
020201059701201308
020201059705201308
020201060001201308
020201060005201308
020201060007201308
020201061901201308
020201061905201308
020201062701201308
020201062705201308
020201062707201308
020201063501201308
020201063505201308
020201064301201308
020201064305201308
020201065101201308
020201065105201308
020201065107201308
020201066001201308
020201066005201308
020201066007201308
020201067801201308
020201067805201308
020201067807201308
020201068601201308
020201068605201308
020201069401201308
020201069405201308
020201069407201308
020201070801201308
020201070805201308
020201071601201308
020201071605201308
020201072401201308
020201072405201308
020201073201201308
020201073205201308
020201074001201308
020201074005201308
020201075901201308
020201075905201308
020201076701201308
020201076705201308
020201077501201308
020201078301201308
020202001001201308
020202001005201308
020202002901201308
020202002905201308
020202003701201308
020202003705201308
020202004501201308
020202004505201308
020202005301201308
020202005305201308
020202006101201308
020202006105201308
020202007001201308
020202007005201308
020202008801201308
020202008805201308
020202009601201308
020202009605201308
020202010001201308
020202010005201308
020202011801201308
020202012601201308
020202012605201308
020202012608201308
020202013401201308
020202013405201308
020202014201201308
020202014205201308
020202015001201308
020202015005201308
020202016901201308
020202016905201308
020202017701201308
020202017705201308
020202018501201308
020202018505201308
020202019301201308
020202019305201308
020202020701201308
020202020705201308
020202021501201308
020202021505201308
020202022301201308
020202022305201308
020202023101201308
020202023105201308
020202024001201308
020202024005201308
020202025801201308
020202025805201308
020202026601201308
020202026605201308
020202027401201308
020202027405201308
020202028201201308
020202028205201308
020202029001201308
020202029005201308
020202030401201308
020202030405201308
020202030407201308
020202031201201308
020202031205201308
020202032001201308
020202032005201308
020202033901201308
020202033905201308
020202034701201308
020202034705201308
020202035501201308
020202035505201308
020202036301201308
020202036305201308
020202037101201308
020202037105201308
020202037107201308
020202038001201308
020202038005201308
020202038007201308
020202039801201308
020202039805201308
020202040101201308
020202040105201308
020202041001201308
020202041005201308
020202042801201308
020202042805201308
020202043601201308
020202043605201308
020202044401201308
020202044405201308
020202045201201308
020202045205201308
020202046001201308
020202046005201308
020202047905201308
020202048701201308
020202048705201308
020202049501201308
020202049505201308
020202050901201308
020202050905201308
020202051701201308
020202052501201308
020202052505201308
020202053301201308
020202053305201308
020202054101201308
020202054105201308
020203001601201308
020203001605201308
020203002402201308
020203002405201308
020203003201201308
020203003205201308
020203004001201308
020203004005201308
020203005902201308
020203005905201308
020203006701201308
020203006705201308
020203007501201308
020203007505201308
020203008301201308
020203008305201308
020203009101201308
020203009105201308
020203010501201308
020203010505201308
020203011301201308
020203011305201308
020203012101201308
020203012105201308
020203013001201308
020203013005201308
020203014801201308
020203014805201308
020203015601201308
020203015605201308
020203016401201308
020203016405201308
020203017205201308
020203018001201308
020203018005201308
020203019901201308
020203019905201308
020203020201201308
020203020205201308
020203021002201308
020203022901201308
020203022905201308
020203023702201308
020203023704201308
020203024501201308
020203024505201308
020203025301201308
020203025305201308
020203026101201308
020203027001201308
020203027005201308
020203028801201308
020203028805201308
020203029601201308
020203029605201308
020203030001201308
020203030005201308
020203030007201308
020203031801201308
020203031805201308
020203032601201308
020203032605201308
020203033401201308
020203033405201308
020203034201201308
020203034205201308
020203035001201308
020203035005201308
020203036901201308
020203036905201308
020203037701201308
020203037705201308
020203038501201308
020203038505201308
020203039301201308
020203039305201308
020203040701201308
020203040705201308
020203041501201308
020203041505201308
020203042301201308
020203042305201308
020203043101201308
020203043105201308
020203044001201308
020203044005201308
020203045801201308
020203045805201308
020203046601201308
020203046605201308
020203047401201308
020203047405201308
020203048201201308
020203048205201308
020203050401201308
020203050405201308
020203051201201308
020203051205201308
020203052001201308
020203052005201308
020203053901201308
020203053905201308
020203054701201308
020203054705201308
020203055501201308
020203055505201308
020203056301201308
020203056305201308
020203057101201308
020203057105201308
020203058001201308
020203058005201308
020203059801201308
020203059805201308
020203060101201308
020203060105201308
020203061001201308
020203061005201308
020203062801201308
020203062805201308
020203063601201308
020203063605201308
020203063607201308
020203064401201308
020203064405201308
020203065201201308
020203065205201308
020203066001201308
020203066005201308
020203067902201308
020203067905201308
020203067907201308
020203068701201308
020203068705201308
020203069501201308
020203069505201308
020203070901201308
020203070905201308
020203071701201308
020203071705201308
020203072501201308
020203072505201308
020203073301201308
020203073305201308
020203074101201308
020203074105201308
020203075001201308
020203075005201308
020203076801201308
020203076805201308
020203077601201308
020203077605201308
020203078401201308
020203078405201308
020203079201201308
020203079205201308
020203080601201308
020203080605201308
020203081401201308
020203081405201308
020203082201201308
020203082205201308
020203083001201308
020203083005201308
020203084901201308
020203084905201308
020203085701201308
020203085705201308
020203086501201308
020203086505201308
020203087301201308
020203087305201308
020203088101201308
020203088105201308
020203089001201308
020203089005201308
020203089007201308
020203090301201308
020203090305201308
020203091101201308
020203091105201308
020203092001201308
020203092005201308
020203093801201308
020203093805201308
020203094601201308
020203094605201308
020203095401201308
020203095405201308
020203096201201308
020203096205201308
020203097001201308
020203097005201308
020203097007201308
020203098901201308
020203098905201308
020203099701201308
020203099705201308
020203100401201308
020203100405201308
020203101201201308
020203101205201308
020203102001201308
020203102005201308
020203103901201308
020203103905201308
020203104701201308
020203104705201308
020203105501201308
020203106301201308
020203106305201308
020203107102201308
020203107105201308
020203108002201308
020203109802201308
020203109804201308
020203110101201308
020203110105201308
020203111001201308
020203111005201308
020203112801201308
020203112805201308
020203113601201308
020203113605201308
020203114401201308
020203114405201308
020203115201201308
020203115205201308
020203117901201308
020203117905201308
020203118701201308
020203118705201308
020203119501201308
020203119505201308
020203120902201308
020203120904201308
020203121701201308
020204001101201308
020204001105201308
020204002001201308
020204002005201308
020204003801201308
020204003805201308
020204004601201308
020204004605201308
020204005401201308
020204005405201308
020204006201201308
020204006205201308
020204007001201308
020204007005201308
020204008901201308
020204008905201308
020204009701201308
020204009705201308
020204010001201308
020204010005201308
020204011901201308
020204012701201308
020204012705201308
020204013501201308
020204013505201308
020204014301201308
020204014305201308
020204015101201308
020204015105201308
020204016001201308
020204016005201308
020204017801201308
020204017805201308
020205001701201308
020205001705201308
020205002501201308
020205002505201308
020205003301201308
020205003305201308
020205004101201308
020205004105201308
020205005001201308
020205005005201308
020205006801201308
020205006805201308
020205007601201308
020205007605201308
020205008401201308
020205008405201308
020205009201201308
020205009205201308
020205010601201308
020205010605201308
020205011401201308
020205011405201308
020205012201201308
020205012205201308
020205013001201308
020205013005201308
020205014901201308
020205014905201308
020205015701201308
020205015705201308
020205016501201308
020205016505201308
020205017301201308
020205017305201308
020205018101201308
020205018105201308
020205019001201308
020205019005201308
020205020301201308
020205020305201308
020205021101201308
020205021105201308
020205022001201308
020205022005201308
020205023801201308
020205023805201308
020205024601201308
020205024605201308
020205025401201308
020205025405201308
020205026201201308
020205026205201308
020205027001201308
020205027005201308
020205028901201308
020205028905201308
020205029701201308
020205029705201308
020205030001201308
020205030005201308
020205031901201308
020205031905201308
020205032701201308
020205032705201308
020206001201201308
020206001205201308
020206002001201308
020206002005201308
020206003901201308
020206003905201308
020206004701201308
020206004705201308
020206005501201308
020206005505201308
020206006301201308
020206006305201308
020206007101201308
020206007105201308
020206008001201308
020206008005201308
020206009801201308
020206009805201308
020206010101201308
020206010105201308
020206011001201308
020206011005201308
020206012801201308
020206012805201308
020206013601201308
020206013605201308
020206014401201308
020206014405201308
020206015201201308
020206015205201308
020206016001201308
020206016005201308
020206017901201308
020206017905201308
020206018701201308
020206018705201308
020206019501201308
020206019505201308
020206020901201308
020206020905201308
020206021701201308
020206021705201308
020206022501201308
020206022505201308
020206023301201308
020206023305201308
020206024101201308
020206024105201308
020206025001201308
020206025005201308
020206026801201308
020206026805201308
020206027601201308
020206027607201308
020206028401201308
020206028405201308
020206029201201308
020206029205201308
020206030601201308
020206030605201308
020206031401201308
020206031405201308
020206032201201308
020206033001201308
020206033005201308
020206034901201308
020206034905201308
020206035701201308
020206035705201308
020206036501201308
020206036505201308
020206037301201308
020206037305201308
020206038101201308
020206038105201308
020206039001201308
020206039005201308
020206040301201308
020206040305201308
020206041101201308
020206041105201308
020206042001201308
020206042005201308
020206043801201308
020206043805201308
020206044601201308
020206044605201308
020206045401201308
020206045405201308
020206046201201308
020206046205201308
020206047001201308
020206047005201308
020207001801201308
020207001805201308
020207002601201308
020207002605201308
020207003401201308
020207003405201308
020207004201201308
020207004205201308
020207005001201308
020207005005201308
020207006901201308
020207006905201308
020207007701201308
020207007705201308
020207008501201308
020207008505201308
020207008507201308
020207009301201308
020207009305201308
020207010701201308
020207010705201308
020207011501201308
020207011505201308
020207012301201308
020207012305201308
020207013101201308
020207013105201308
020207014001201308
020207014005201308
020207015801201308
020207015805201308
020207016601201308
020207016605201308
020207017401201308
020207017405201308
020207018202201308
020207018205201308
020207019001201308
020207019005201308
020207020401201308
020207020405201308
020207021201201308
020207021205201308
020207022001201308
020207022005201308
020207023901201308
020207023905201308
020207024701201308
020207024705201308
020207025501201308
020207025505201308
020207026301201308
020207026305201308
020207027101201308
020207027105201308
020207028001201308
020207028005201308
020207029801201308
020207029805201308
020207030101201308
020207030105201308
020207031001201308
020207031005201308
020207032801201308
020207032805201308
020207033601201308
020207033605201308
020207034401201308
020207034405201308
020207035201201308
020207035205201308
020208001301201308
020208001305201308
020208002101201308
020208002105201308
020208003001201308
020208003005201308
020208004801201308
020208004805201308
020208005601201308
020208005605201308
020208006401201308
020208006405201308
020208007201201308
020208007205201308
020208008001201308
020208008005201308
020208009901201308
020208009905201308
020208010201201308
020208010205201308
020208011001201308
020208011005201308
020208012901201308
020208012905201308
020208013701201308
020208013705201308
020208014501201308
020208014505201308
020208015301201308
020208015305201308
020208016101201308
020208016105201308
020208017001201308
020208017005201308
020208018801201308
020208018805201308
020208019601201308
020208019605201308
020208020001201308
020208020005201308
020208021801201308
020208021805201308
020208022601201308
020208022605201308
020208023401201308
020208023405201308
020208024201201308
020209001901201308
020209001905201308
020209002701201308
020209002705201308
020209003501201308
020209003505201308
020209004301201308
020209004305201308
020209005101201308
020209005105201308
020209006001201308
020209006005201308
020209007801201308
020209007805201308
020209008601201308
020209008605201308
020209009401201308
020209009405201308
020209010801201308
020209010805201308
020209011601201308
020209012401201308
020209012405201308
020209013201201308
020209013205201308
020209014005201308
020209015901201308
020209015905201308
020209016701201308
020209016705201308
020209017501201308
020209017505201308
020209018301201308
020209018305201308
020209019101201308
020209019105201308
020209021301201308
020209021305201308
020209022101201308
020209022105201308
020209023001201308
020209023005201308
020209024801201308
020209024805201308
020209025601201308
020209025605201308
020209026401201308
020209026405201308
020209027201201308
020209027205201308
020209028001201308
020209028005201308
020209029901201308
020209029905201308
020209030201201308
020209030205201308
020209031001201308
020209031005201308
020209032901201308
020209032905201308
020209033701201308
020209033705201308
020209034501201308
020209034505201308
020209035301201308
020209035305201308
020210001401201308
020210001404201308
020210002201201308
020210002204201308
020210003001201308
020210003004201308
020210004902201308
020210004904201308
020211001001201308
020211002802201308
020211003602201308
020211004401201308
020211005201201308
020211006001201308
020211007901201308
020211008701201308
020211009501201308
020211010901201308
020211011702201308
020211012502201308
020211013302201308
020211014102201308
020212001501201308
020212001505201308
020212002301201308
020212002305201308
020212003101201308
020212003105201308
020212004001201308
020212004005201308
020212005801201308
020212005805201308
020212006601201308
020212006605201308
020212007401201308
020212007405201308
020212008201201308
020212008205201308
020212009001201308
020212009005201308
020212010401201308
020212010405201308
020301001902201308
020301002702201308
020301002704201308
020301003502201308
020301003504201308
020301004302201308
020302001402201308
020302002202201308
020302002204201308
020302003002201308
020302003004201308
020302004902201308
020302004904201308
020302005705201308
020302006502201308
020302007302201308
020302008102201308
020401001201201308
020401001205201308
020401002001201308
020401003901201308
020401003905201308
020401004701201308
020401004705201308
020401005501201308
020401005505201308
020401006301201308
020401006305201308
020401007101201308
020401007105201308
020401008001201308
020401008005201308
020401009801201308
020401009805201308
020401010101201308
020401010105201308
020401011001201308
020401011005201308
020401012801201308
020401012805201308
020401013601201308
020401013605201308
020401014401201308
020401014405201308
020401015201201308
020401015205201308
020401016001201308
020401016005201308
020401017901201308
020401017905201308
020401018701201308
020401018705201308
020401019501201308
020401019505201308
020401020901201308
020401020905201308
020402001802201308
020402001804201308
020402002601201308
020402003401201308
020402003405201308
020402004201201308
020402004205201308
020402005001201308
020402005005201308
020402006901201308
020402006905201308
020402007701201308
020402007705201308
020402008501201308
020402008505201308
020402009301201308
020402009305201308
020402010701201308
020402010705201308
020402011501201308
020402012301201308
020402012305201308
020402013105201308
020403001302201308
020403001304201308
020403002101201308
020403002105201308
020403003002201308
020403004802201308
020403004804201308
020403005601201308
020403005605201308
020403006401201308
020403006405201308
020403007201201308
020403007205201308
020403008001201308
020403008005201308
020403009901201308
020403009905201308
020403010201201308
020403010205201308
020403011001201308
020403011005201308
020403012901201308
020403012905201308
020403013701201308
020403013705201308
020403014501201308
020403014505201308
020403015301201308
020403015305201308
020403015307201308
020403016102201308
020403017001201308
020403017005201308
020403018802201308
020404001901201308
020404001905201308
020404002701201308
020404002705201308
020404003501201308
020404003505201308
020404004301201308
020404004305201308
020404005101201308
020404005105201308
020404006001201308
020404006005201308
020404007801201308
020404007805201308
020404008601201308
020404008605201308
020404009401201308
020404009405201308
020404010801201308
020404010805201308
020404011601201308
020404011605201308
020404012401201308
020404012405201308
020405001401201308
020405001405201308
020405002201201308
020405002205201308
020405003001201308
020405003005201308
020405004901201308
020405004905201308
020405005701201308
020405005705201308
020405006501201308
020405006505201308
020405007301201308
020405008101201308
020405008105201308
020405009005201308
020405010301201308
020405010305201308
020405011101201308
020405011105201308
020405012001201308
020405012005201308
020405013801201308
020405013805201308
020405014601201308
020405014605201308
020405015401201308
020405015405201308
020405016201201308
020405017001201308
020405017005201308
020405018901201308
020405018905201308
020406001001201308
020406001005201308
020406002802201308
020406003601201308
020406003605201308
020406004401201308
020406005201201308
020406006001201308
020406006005201308
020406007901201308
020406007905201308
020406008701201308
020406008705201308
020406009501201308
020406009505201308
020406010901201308
020406010905201308
020406011701201308
020406011705201308
020406012501201308
020406012505201308
020406013301201308
020406013305201308
020406014101201308
020406015001201308
020406015005201308
020406016801201308
020406016805201308
020406017601201308
020501001602201308
020501001604201308
020501002402201308
020501002404201308
020501003202201308
020501003204201308
020501003207201308
020501004002201308
020501004004201308
020501005901201308
020502001104201308
020502001106201308
020502002002201308
020502003802201308
020502003804201308
020502004602201308
020502004604201308
020502004607201308
020502005402201308
020502005404201308
020502006201201308
020502007002201308
020502007004201308
020502008902201308
020502008904201308
020502009702201308
020502010001201308
020502011902201308
020502011904201308
020502012702201308
020502012704201308
020502013502201308
020502013504201308
020502014302201308
020502014304201308
020502015101201308
020502016002201308
020502016004201308
020502017802201308
020502017804201308
020502018601201308
020502019402201308
020502020806201308
020502021606201308
020601001002201308
020601001004201308
020601002802201308
020601002804201308
020601003602201308
020601003604201308
020601004402201308
020601004404201308
020601005202201308
020601005204201308
020601006002201308
020601006004201308
020601007902201308
020601007904201308
020601008702201308
020602001502201308
020602001504201308
020602002302201308
020602002304201308
020602003102201308
020602003104201308
020602004004201308
020603001002201308
020603001004201308
020603002902201308
020603002904201308
020603003702201308
020603003704201308
020701001302201308
020701001304201308
020701002102201308
020701002105201308
020701003002201308
020701003004201308
020701004802201308
020701004804201308
020701005602201308
020701005604201308
020701006402201308
020701006404201308
020701007202201308
020701007204201308
020702001902201308
020702001904201308
020702002702201308
020702002704201308
020702003502201308
020702003504201308
020702004306201308
020702005106201308
020703001402201308
020703001404201308
020703002202201308
020703002204201308
020703003002201308
020703003004201308
020703004902201308
020703004904201308
020801001702201308
020801001704201308
020801002502201308
020801002504201308
020801003302201308
020801003304201308
020801004102201308
020801004104201308
020801005002201308
020801005004201308
020801006802201308
020801006804201308
020801007602201308
020801007604201308
020801008402201308
020801008404201308
020801009202201308
020801009204201308
020802001202201308
020802001204201308
020802002002201308
020802002004201308
020802003902201308
020802003904201308
020802004705201308
020802005502201308
020802005504201308
020802006302201308
020802006304201308
020802007102201308
020802007104201308
020802008002201308
020802008004201308
020802009802201308
020802009804201308
020802010102201308
020802010104201308
020802011002201308
020802011004201308
020802012802201308
020802012804201308
020803001802201308
020803001804201308
020803002602201308
020803002604201308
020803003402201308
020803003404201308
020803004202201308
020803004204201308
020803005002201308
020803005004201308
020804001305201308
020804002102201308
020804002104201308
020804003002201308
020804003004201308
020804004805201308
020804005602201308
020804005604201308
020804006402201308
020804006404201308
020804007202201308
020804007204201308
020804008002201308
020804008004201308
020804009902201308
020804009904201308
020804010202201308
020804010204201308
020805001902201308
020805001904201308
020805002705201308
020805003502201308
020805003504201308
020805004302201308
020805004304201308
020806001402201308
020806001404201308
020806002202201308
020806002204201308
020806003002201308
020806003004201308
020807001002201308
020807001004201308
020807002802201308
020807002804201308
020807003602201308
020807003604201308
020807004402201308
020807004404201308
020808001502201308
020808001504201308
020808002302201308
020808002304201308
020808003102201308
020808003104201308
020808004002201308
020808004004201308
020809001002201308
020809001004201308
020809002902201308
020809002904201308
020809003702201308
020809003704201308
020901001002201308
020901001004201308
020901002902201308
020901002904201308
020901003702201308
020901003704201308
020901004502201308
020901004504201308
020901005302201308
020901005304201308
020901006102201308
020901006104201308
020902001602201308
020902001604201308
020903001101201308
020904001702201308
020904001704201308
020904002501201308
020904003302201308
020904003303201308
020904004101201308
020904005003201308
021001001004201308
021001002902201308
021001003705201308
021001004502201308
021001004504201308
021001005302201308
021001005304201308
021001006102201308
021001006104201308
021001007002201308
021001007004201308
021001008802201308
021001009602201308
021001009604201308
021001010002201308
021001010004201308
021001011802201308
021001011804201308
021001012602201308
021001012604201308
021001013402201308
021001013404201308
021001014202201308
021001014204201308
021001015002201308
021001015004201308
021001016902201308
021001016904201308
021001017702201308
021001018502201308
021001019302201308
021001019304201308
021001020702201308
021002001602201308
021002001604201308
021101001401201308
021101002201201308
021101002205201308
021101003001201308
021101003005201308
021101004901201308
021102001004201308
021102001006201308
021102002804201308
021102002806201308
021102003601201308
021102003605201308
021102003608201308
021102004401201308
021102004405201308
021102004407201308
021102005201201308
021102006001201308
021102006005201308
021102006007201308
021103001502201308
021103001504201308
021103002302201308
021103002304201308
021103003102201308
021103003104201308
021103004002201308
021103004005201308
021103005802201308
021103005805201308
021103006602201308
021103006604201308
021103007402201308
021103007404201308
021103008202201308
021103008204201308
021103009002201308
021103009004201308
021104001001201308
021104001005201308
021104002901201308
021104002905201308
021104003701201308
021104004501201308
021104005301201308
021104006101201308
021104006105201308
021105001605201308
021105002401201308
021105002405201308
021105003201201308
021105003205201308
021105004001201308
021105004005201308
021105005901201308
021105006701201308
021105006705201308
021105007501201308
021105008301201308
021105008305201308
021105009103201308
021105009104201308
021105010503201308
021105011301201308
021105011305201308
021105012101201308
021105012105201308
021105013001201308
021105013005201308
021105014803201308
021105014804201308
021105015601201308
021106001102201308
021106002001201308
021106003801201308
021106005401201308
021106006201201308
021106007001201308
021106008901201308
021106009701201308
021106010001201308
021106011902201308
021106012702201308
021106013501201308
021106014301201308
021106015101201308
021106015108201308
021106016001201308
021106017802201308
021106018602201308
021106020801201308
021106021601201308
021106022401201308
021106023202201308
021106024001201308
021106025902201308
021106025904201308
021106026702201308
021106027501201308
021107001701201308
021107002501201308
021107002505201308
021107002507201308
021107003301201308
021107003307201308
021107004101201308
021107004105201308
021107004107201308
021107005001201308
021107006801201308
021107006805201308
021107007601201308
021107007605201308
021107008401201308
021107008405201308
021107009206201308
021107010606201308
021107011401201308
021107011405201308
021107012201201308
021107013001201308
021107014901201308
021107014905201308
021107015701201308
021107015705201308
021107015707201308
021107016501201308
021107017301201308
021107018101201308
021107019001201308
021107020301201308
021107020305201308
021107020307201308
021107021101201308
021107021105201308
021107021107201308
021107022001201308
021107023801201308
021107024601201308
021107024607201308
021107025401201308
021107026201201308
021107026205201308
021107026207201308
021107027001201308
021107027005201308
021107028901201308
021107029706201308
021107030006201308
021107031906201308
021107032701201308
021107033501201308
021107034301201308
021107035101201308
021107035105201308
021107036001201308
021108001201201308
021108001205201308
021108002001201308
021108003901201308
021108004701201308
021108004705201308
021108005501201308
021108006301201308
021108006305201308
021108007101201308
021108007105201308
021108008001201308
021108008005201308
021109001801201308
021109002601201308
021109003401201308
021109004201201308
021109004205201308
021109005001201308
021109006901201308
021109007701201308
021110001301201308
021110001305201308
021201001801201308
021201002602201308
021201002604201308
021201003402201308
021201003404201308
021201004201201308
021201005001201308
021202001301201308
021202002101201308
021202003001201308
021202004801201308
021202005601201308
021202006401201308
021301001101201308
021301002001201308
021301003801201308
021301004601201308
021301005401201308
021301006201201308
021301007001201308
021301008901201308
021301009701201308
021301010001201308
021301011901201308
021301012701201308
021301013501201308
021301014301201308
021301015101201308
021301016001201308
021301017801201308
021301018601201308
021301019401201308
021301020801201308
021301021601201308
021301022401201308
021301023201201308
021301024001201308
021301025901201308
021301026701201308
021301027501201308
021301028301201308
021301029101201308
021301030501201308
021301031301201308
021301032101201308
021301033001201308
021301034801201308
021301035601201308
021301036401201308
021301037201201308
021301038001201308
021301039901201308
021301040201201308
021301041001201308
021301042901201308
021301043701201308
021301044501201308
021301045301201308
021301046101201308
021301047001201308
021301048801201308
021301049601201308
021301050001201308
021301051801201308
021301052601201308
021301053401201308
021301054201201308
021301055001201308
021301056901201308
021301057701201308
021301058501201308
021301059301201308
021301060701201308
021301061501201308
021301062301201308
021301063101201308
021301064001201308
021301065801201308
021301066601201308
021301067401201308
021301068201201308
021301069001201308
021301070401201308
021301071201201308
021302001701201308
021302002501201308
021302003301201308
021302004101201308
021302005001201308
021302006801201308
021302007601201308
021302008401201308
021401001501201308
021401001505201308
021401001508201308
021401002301201308
021401002305201308
021401003101201308
021401003105201308
021401004002201308
021401004004201308
021401005801201308
021401005804201308
021401006601201308
021401007401201308
021401007405201308
021401008202201308
021401009002201308
030101001301201308
030101002101201308
030101003001201308
030101004801201308
030101004805201308
030101005601201308
030101006401201308
030101007201201308
030101008001201308
030101009901201308
030101010206201308
030101011001201308
030101012901201308
030101013701201308
030101013708201308
030101014504201308
030101015301201308
030101015308201308
030101016101201308
030101016108201308
030101017005201308
030101018802201308
030102001902201308
030102002702201308
030102003502201308
030103001401201308
030103002201201308
030103004901201308
030103005701201308
030103006501201308
030103007301201308
030103008101201308
030103009001201308
030103010301201308
030103011101201308
030103012001201308
030103013801201308
030103014601201308
030103015401201308
030103016201201308
030103017001201308
030103018901201308
030103019701201308
030104001001201308
030104002801201308
030104003601201308
030104004401201308
030105001506201308
030105001508201308
030105002302201308
030105002308201308
030105003102201308
030105003108201308
030105004002201308
030105004008201308
030105005801201308
030105005808201308
030105006605201308
030105006607201308
030105006608201308
030105007403201308
030105008201201308
030105008208201308
030105009001201308
030105009008201308
030105010401201308
030105010408201308
030105011201201308
030105011208201308
030105012001201308
030105012008201308
030105013901201308
030105014701201308
030105014708201308
030106001003201308
030106002901201308
030106003701201308
030106004501201308
030106005301201308
030106006101201308
030106007003201308
030106008803201308
030106009601201308
030106010001201308
030107001606201308
030107002402201308
030107002408201308
030107003206201308
030107004002201308
030107005902201308
030107006702201308
030107006708201308
030107007502201308
030107007508201308
030107008301201308
030107009101201308
030107010502201308
030107011302201308
030107011308201308
030107012102201308
030107013002201308
030107014802201308
030107015602201308
030107016402201308
030108001101201308
030108002009201308
030108003809201308
030108004609201308
030108014301201308
030108015101201308
030108016001201308
030108017801201308
030108019409201308
030108020809201308
030108021609201308
030108022409201308
030108023202201308
030108024009201308
030108025901201308
030108026701201308
030108027509201308
030108028309201308
030108029109201308
030108030501201308
030108031301201308
030108032101201308
030108033001201308
030108034809201308
030108035609201308
030108036409201308
030108037209201308
030108038009201308
030108039901201308
030109001703201308
030109002503201308
030110001201201308
030110001208201308
030110002001201308
030110003901201308
030110004701201308
030110004705201308
030110004708201308
030110005501201308
030110005505201308
030110005508201308
030110006302201308
030110006305201308
030110006308201308
030110007105201308
030110007108201308
030110008005201308
030110009805201308
030110009808201308
030110010101201308
030110010105201308
030110011005201308
030110012801201308
030110012805201308
030110013601201308
030110014401201308
030110014405201308
030110014408201308
030110015201201308
030110015208201308
030110017901201308
030110017905201308
030110017908201308
030110018701201308
030110018708201308
030111001806201308
030111002606201308
030112001302201308
030112002102201308
030112003002201308
030112004802201308
030112005606201308
030112006402201308
030112007202201308
030112008006201308
030113001906201308
030113002706201308
030201001702201308
030201001704201308
030201002502201308
030201002504201308
030201003304201308
030202001202201308
030202001204201308
030202001208201308
030202002002201308
030202002004201308
030202002008201308
030202003902201308
030202003904201308
030203001802201308
030203001804201308
030203002602201308
030203002604201308
030204001302201308
030204001304201308
030204002102201308
030204002104201308
030204002108201308
030204003002201308
030204003004201308
030204003008201308
030204004802201308
030204004804201308
030204005602201308
030204005604201308
030205001902201308
030205001904201308
030205002702201308
030205002708201308
030205003504201308
030206001402201308
030206001404201308
030206001408201308
030206002202201308
030206002204201308
030206002208201308
030206003002201308
030206003004201308
030206004902201308
030206005702201308
030206005704201308
030207001002201308
030207001004201308
030207002804201308
030207003602201308
030301001003201308
030301002903201308
030301003703201308
030301004503201308
030301005303201308
030301006103201308
030301007003201308
030301008803201308
030301009603201308
030301010003201308
030301011803201308
030301012603201308
030301013403201308
030301014203201308
030301015003201308
030301016903201308
030301017703201308
030301018503201308
030301019303201308
030301020703201308
030301021503201308
030302001601201308
030302002401201308
030302003203201308
030302004003201308
030302005903201308
030302006703201308
030302007503201308
030302008303201308
030303001103201308
030303002003201308
030303003803201308
030303003808201308
030303004603201308
030303005403201308
030303006203201308
030303007006201308
030304001703201308
030304002503201308
030304003303201308
030304004103201308
030304005003201308
030304006803201308
030304007603201308
030304008403201308
030304009203201308
030304010603201308
030304011403201308
030304012203201308
030304013003201308
030304014903201308
030304015703201308
030304016503201308
030304017303201308
030304018103201308
030304019003201308
030304020303201308
030304021103201308
030304022003201308
030304023803201308
030304024603201308
030304025403201308
030304026203201308
030304027003201308
030304028903201308
030304029703201308
030304030003201308
030305001206201308
030305002001201308
030305003907201308
030305004707201308
030305005507201308
030305006307201308
030305007107201308
030305008007201308
030305009807201308
030305010107201308
030305011007201308
030305012802201308
030305013603201308
030305014403201308
030305015207201308
030305016007201308
030305017907201308
030305018707201308
030305019507201308
030305020907201308
030305021707201308
030305022507201308
030306001803201308
030306002603201308
030306003403201308
030306004203201308
030306005003201308
030306006903201308
030306007703201308
030306008503201308
030306009303201308
030306010703201308
030306011503201308
030306012303201308
030306013103201308
030306014003201308
030306015803201308
030306016603201308
030306017403201308
030306018203201308
030306019003201308
030306020403201308
030306021203201308
030306022003201308
030306023903201308
030306024703201308
030306025503201308
030306026303201308
030306026308201308
030306027103201308
030306028003201308
030306029803201308
030306030103201308
030307001301201308
030307002104201308
030307003001201308
030307003008201308
030307004801201308
030307005601201308
030307006403201308
030307007203201308
030307008003201308
030307009903201308
030307010203201308
030307011003201308
030307012903201308
030307013703201308
030308001901201308
030308002701201308
030308003501201308
030308004303201308
030308005103201308
030308006003201308
030308007803201308
030308008603201308
030308009403201308
030308010802201308
030308011602201308
030309001401201308
030309001405201308
030309002205201308
030309003001201308
030309004904201308
030309007301201308
030309008101201308
030309009001201308
030309011101201308
030309012001201308
030309012005201308
030309013803201308
030309014601201308
030309014605201308
030309015401201308
030309016201201308
030309017005201308
030309018901201308
030309018905201308
030309019703201308
030309020001201308
030309020005201308
030309021901201308
030309022701201308
030309022705201308
030309023502201308
030309023503201308
030309024305201308
030309025101201308
030309026001201308
030309028601201308
030309029405201308
030309031603201308
030310001003201308
030310002803201308
030310003603201308
030310004403201308
030310005203201308
030311001503201308
030311002303201308
030311003103201308
030311004003201308
030311005803201308
030311006603201308
030311007403201308
030311008203201308
030311009003201308
030311010403201308
030311011203201308
030312003705201308
030312004505201308
030312005301201308
030312006102201308
030312006104201308
030312007002201308
030312007004201308
030313001603201308
030313002403201308
030313003203201308
030313004003201308
030313005903201308
030313006703201308
030313007503201308
030313008303201308
030314001101201308
030314002003201308
030314003803201308
030314004603201308
030314005403201308
030314006203201308
030314007003201308
030314008903201308
030314009703201308
030314010003201308
030314011902201308
030314011903201308
030314012703201308
030314013503201308
030314014303201308
030314015103201308
030315001703201308
030315002503201308
030315003303201308
030315004103201308
030315005003201308
030315006803201308
030316001203201308
030316002003201308
030316003903201308
030316004703201308
030316005503201308
030316006303201308
030316007103201308
030317009303201308
030317010703201308
030317013103201308
030317014003201308
030317015803201308
030317016603201308
030317017403201308
030317018203201308
030318001303201308
030318003003201308
030318004803201308
030318005603201308
030318006403201308
030318007203201308
030319001903201308
030319001908201308
030401001406201308
030401002206201308
030401003002201308
030401004903201308
030401005703201308
030401006503201308
030401007306201308
030401008107201308
030401009006201308
030401010302201308
030401011103201308
030401012006201308
030401013806201308
030401014606201308
030401015407201308
030401016203201308
030401017007201308
030401018907201308
030401019707201308
030401020007201308
030401021906201308
030401023506201308
030401024306201308
030401026006201308
030401028606201308
030401029406201308
030401030807201308
030401031607201308
030401032403201308
030401033203201308
030401034007201308
030402001006201308
030402002806201308
030402003606201308
030402004406201308
030402005206201308
030402006006201308
030402007906201308
030402008706201308
030402009506201308
030402010906201308
030402011706201308
030402012506201308
030402013306201308
030402014106201308
030402015006201308
030402016806201308
030402017606201308
030402018406201308
030402019206201308
030402020606201308
030402021406201308
030402022206201308
030402023006201308
030402024906201308
030402025706201308
030402026506201308
030402027306201308
030402028106201308
030402029006201308
030402030306201308
030402031106201308
030402032006201308
030402033806201308
030402034606201308
030402036206201308
030402037006201308
030402038906201308
030402039706201308
030402040006201308
030403001506201308
030403002306201308
030403003106201308
030403004006201308
030403005806201308
030403006606201308
030403007406201308
030403008206201308
030403009006201308
030403010406201308
030403011206201308
030403012006201308
030403013906201308
030403014706201308
030403015506201308
030403016306201308
030403017106201308
030403018006201308
030403019806201308
030403020106201308
030403021006201308
030403022806201308
030404001006201308
030404002906201308
030404004506201308
030404005306201308
030404006106201308
030404007006201308
030404008806201308
030404009606201308
030404010006201308
030404011806201308
030404012606201308
030404013406201308
030404014206201308
030404015006201308
030404016906201308
030404017706201308
030404018506201308
030405001606201308
030405002406201308
030405003206201308
030405004006201308
030405006706201308
030405007506201308
030405011306201308
030405012106201308
030405013006201308
030405016406201308
030405017206201308
030405018006201308
030405020206201308
030405021006201308
030405022906201308
030405025306201308
030405026106201308
030405027006201308
030405028806201308
030405029606201308
030405030006201308
030405031806201308
030405032606201308
030406001106201308
030406003806201308
030406004606201308
030406007006201308
030406008906201308
030406009706201308
030406010006201308
030406011906201308
030406012706201308
030406013506201308
030406015106201308
030406016006201308
030406017806201308
030406018606201308
030406020806201308
030406021606201308
030406022406201308
030407001706201308
030407002506201308
030407003306201308
030407004106201308
030407005006201308
030408001207201308
030408002003201308
030408003903201308
030408004703201308
030408005506201308
030408005507201308
030408006303201308
030408007106201308
030408007107201308
030409001803201308
030409002603201308
030409003403201308
030409004203201308
030410001303201308
030410002103201308
030501001807201308
030501002606201308
030501003404201308
030501004204201308
030501009307201308
030501010706201308
030501011506201308
030501012307201308
030501013104201308
030501014004201308
030501015804201308
030501016606201308
030501016608201308
030501017403201308
030501018206201308
030501019004201308
030502001303201308
030502001308201308
030502002103201308
030502003003201308
030502004803201308
030502005603201308
030502005608201308
030601001101201308
030601002001201308
030601003801201308
030602001702201308
030602001704201308
030602002501201308
030602002505201308
030602003301201308
030602003305201308
030602004102201308
030602004104201308
030602005002201308
030602005004201308
030602006802201308
030602006804201308
030602007602201308
030602007604201308
030602008402201308
030602008404201308
030602009202201308
030602009204201308
030602010602201308
030602010604201308
030602011402201308
030602011404201308
030602012202201308
030602012204201308
030602013002201308
030602013004201308
030602014902201308
030602014904201308
030602015702201308
030602015704201308
030701001501201308
030701001502201308
030701001505201308
030701002301201308
030701002302201308
030701002305201308
030701003101201308
030701003102201308
030701003105201308
030701003108201308
030701004001201308
030701004002201308
030701004005201308
030701004008201308
030701005801201308
030701005802201308
030701005804201308
030702001001201308
030702001005201308
030702001008201308
030702002901201308
030702002905201308
030702003701201308
030702003702201308
030702003704201308
030702004501201308
030702004502201308
030702004504201308
030702005301201308
030702005302201308
030702005304201308
030702006101201308
030702006102201308
030702006104201308
030702007001201308
030702007002201308
030702007005201308
030702008801201308
030702008802201308
030702008804201308
030702009601201308
030702009602201308
030702009604201308
030702010001201308
030702010002201308
030702010004201308
030702011801201308
030702011802201308
030702011804201308
030703001601201308
030703001602201308
030703001605201308
030703001608201308
030703002401201308
030703002402201308
030703002405201308
030703002408201308
030703003201201308
030703003202201308
030703003204201308
030704001101201308
030704001104201308
030704006201201308
030704006204201308
030704006208201308
030704007001201308
030704007005201308
030704007008201308
030704008901201308
030704008904201308
030704010006201308
030704011906201308
030704012702201308
030704013501201308
030704013502201308
030704013505201308
030704013508201308
030704014301201308
030704014302201308
030704014305201308
030704014308201308
030704015101201308
030704015102201308
030704015105201308
030704015108201308
030704016001201308
030704016002201308
030704016005201308
030704016008201308
030801001903201308
030801001908201308
030801002703201308
030801003503201308
030801004303201308
030801004308201308
030802001404201308
030802002203201308
030802003003201308
030803001003201308
030803002803201308
030803003603201308
030804001503201308
030804002303201308
030901003904201308
030901004704201308
030901004708201308
030901005504201308
030901006304201308
030901006308201308
030901007104201308
030901007108201308
030901008004201308
030901009804201308
030901009808201308
030901010104201308
030901010108201308
030902001801201308
030902002601201308
030902003401201308
030903001301201308
030903002101201308
030903003001201308
030903004801201308
030903005601201308
030903005605201308
030903006401201308
030903007201201308
030903008001201308
030903009905201308
030903010206201308
030903011006201308
030903012906201308
030903013706201308
030903014501201308
030903014505201308
030903015301201308
030904001905201308
030904002701201308
030904002705201308
030905001401201308
030905001408201308
030905002201201308
030905002208201308
030905003001201308
030905003008201308
030906001004201308
030906003604201308
031001001202201308
031001001208201308
031001002004201308
031001003903201308
031001004703201308
031001005503201308
040101001502201308
040101001504201308
040101001508201308
040101002301201308
040101002305201308
040101002308201308
040101003101201308
040101003105201308
040101003108201308
040101004002201308
040101004004201308
040101005802201308
040101005804201308
040101006601201308
040101007401201308
040101008201201308
040101008202201308
040101008205201308
040101009001201308
040101010402201308
040101010404201308
040101011201201308
040101012001201308
040101013901201308
040102001003201308
040102002903201308
040102003703201308
040102004503201308
040102005303201308
040102006103201308
040102007003201308
040102008803201308
040102008806201308
040102009603201308
040102010003201308
040102011803201308
040102012603201308
040102013403201308
040102014203201308
040102015002201308
040102015003201308
040102016903201308
040201001903201308
040201002703201308
040201003503201308
040201004303201308
040201005103201308
040202001403201308
040202002203201308
040301001203201308
040301002003201308
040301003903201308
040301004703201308
040301005503201308
040301006303201308
040301007103201308
040301008003201308
040301009803201308
040301010103201308
040301011003201308
040301012803201308
040301013603201308
040301014403201308
040301015203201308
040301016003201308
040301017903201308
040301018703201308
040301019503201308
040301020903201308
040301021703201308
040301022503201308
040301023303201308
040301024103201308
040301025003201308
040301026803201308
040301027603201308
040301028403201308
040301029203201308
040301030603201308
040301031403201308
040301032203201308
040301033003201308
040301034903201308
040301035703201308
040301036503201308
040301039003201308
040302001803201308
040302002603201308
040302003403201308
040302004203201308
040302005003201308
040302006903201308
040302007703201308
040302008503201308
040302009303201308
040302010703201308
040302011503201308
040302012303201308
040302013103201308
040303001303201308
040303002103201308
040303003003201308
040303004803201308
040303005603201308
040303006403201308
040303008003201308
040303009903201308
040303010203201308
040303011003201308
040303012903201308
040303013703201308
040303014503201308
040303015303201308
040303016103201308
040303017003201308
040304001903201308
040304002703201308
040304005103201308
040304006003201308
040304007803201308
040304008603201308
040304009403201308
040304010803201308
040304011603201308
040304012403201308
040305001402201308
040305002202201308
040305003003201308
040305004903201308
040305005703201308
040305006503201308
040305007303201308
040305008102201308
040305009003201308
040305010303201308
040305011103201308
040305012003201308
040305013803201308
040305014603201308
040305015403201308
040305016203201308
040306001003201308
040306002803201308
040306003603201308
040306004403201308
040306005203201308
040306006003201308
040306007903201308
040306008703201308
040306009503201308
040307001503201308
040307004003201308
040307005803201308
040307008203201308
040307009003201308
040307010403201308
040307011203201308
040307012003201308
040307013903201308
040307014703201308
040307015503201308
040307016303201308
040308001003201308
040308002903201308
040308003703201308
040308004503201308
040308005303201308
040308006103201308
040308007003201308
040308008803201308
040308009603201308
040308010003201308
040401001603201308
040401001606201308
040401002403201308
040401002406201308
040401003203201308
040401003206201308
040401004003201308
040401005902201308
040401005903201308
040401006703201308
040401007501201308
040401008303201308
040401009101201308
040401010503201308
040401011303201308
040401012102201308
040401012103201308
040401013003201308
040401014803201308
040401015601201308
040401016403201308
040401017203201308
040401018003201308
040401019903201308
040401020203201308
040401021003201308
040401022903201308
040401023703201308
040401024501201308
040401025302201308
040401025304201308
040401026101201308
040401027001201308
040401028803201308
040401029601201308
040401030001201308
040401031802201308
040401031803201308
040401032603201308
040401033403201308
040401034202201308
040401034204201308
040401035003201308
040401036901201308
040401037703201308
040401038503201308
040401039301201308
040401040703201308
040401041503201308
040401041506201308
040401042303201308
040401043103201308
040401044001201308
040401045803201308
040401046603201308
040401047403201308
040401048203201308
040401049003201308
040401050403201308
040401051202201308
040401051203201308
040401052003201308
040401053903201308
040401054703201308
040401055503201308
040402001103201308
040402003802201308
040402003803201308
040402004603201308
040402005402201308
040402005404201308
040402006203201308
040402007003201308
040402008902201308
040402008903201308
040402009702201308
040402009704201308
040402010002201308
040402010004201308
040402011903201308
040402013503201308
040402014303201308
040402017803201308
040402020803201308
040402022403201308
040402023203201308
040402024003201308
040402027503201308
040402029103201308
040402031302201308
040402031303201308
040402032103201308
040402034803201308
040402035603201308
040402038003201308
040402039903201308
040402042903201308
040402044501201308
040402044502201308
040402044504201308
040402045303201308
040402046103201308
040402047003201308
040402048801201308
040402048802201308
040402048803201308
040402049603201308
040402050003201308
040402051803201308
040402052603201308
040402053403201308
040402054203201308
040402055003201308
040402056903201308
040402057701201308
040402057702201308
040402057703201308
040402058503201308
040402059303201308
040402060703201308
040402061501201308
040402061502201308
040402061504201308
040402062301201308
040402062302201308
040402062304201308
040402063101201308
040402063102201308
040402064003201308
040402065803201308
040402066603201308
040402067401201308
040402067402201308
040402067404201308
040402069003201308
040402070403201308
040402071203201308
040402072003201308
040402073903201308
040402077103201308
040402078003201308
040403001703201308
040403003303201308
040403004103201308
040403005003201308
040403006803201308
040403007603201308
040403008403201308
040403010603201308
040403012203201308
040403013003201308
040403015703201308
040403016503201308
040403017303201308
040403019003201308
040403022003201308
040403024603201308
040403025403201308
040403026203201308
040403027003201308
040403028903201308
040403029703201308
040403030003201308
040403031903201308
040403032703201308
040501001002201308
040501001003201308
040501002802201308
040501002803201308
040501003602201308
040501003603201308
040501004401201308
040501005201201308
040501006001201308
040501007902201308
040501007903201308
040501008703201308
040501010901201308
040501011702201308
040501011703201308
040501012502201308
040501012503201308
040501013303201308
040501014101201308
040501015003201308
040501016801201308
040501017602201308
040501017603201308
040501018402201308
040501019202201308
040501020601201308
040502001503201308
040502001506201308
040502002303201308
040502002306201308
040503001003201308
040503002902201308
040503002903201308
040503003701201308
040503004506201308
040503005302201308
040503007002201308
040503007003201308
040503009602201308
040503009603201308
040503010001201308
040503011802201308
040503011803201308
040503012602201308
040503013403201308
040503013406201308
040503014203201308
040503015001201308
040503016903201308
040503017703201308
040503018503201308
040503019303201308
040503019306201308
040503020703201308
040503021502201308
040503022302201308
040503023102201308
040504001602201308
040504001603201308
040504002403201308
040504004003201308
040504005903201308
040504006703201308
040504006706201308
040504007503201308
040504007506201308
040504008303201308
040504009103201308
040504010502201308
040504010503201308
040504013001201308
040504014803201308
040504015603201308
040504016403201308
040504018003201308
040504019901201308
040504020202201308
040504020203201308
040504021002201308
040504021003201308
040505001102201308
040505001103201308
040505002006201308
040505003801201308
040505004602201308
040505004603201308
040505005402201308
040505005403201308
040505006201201308
040505007001201308
040505008902201308
040505009703201308
040505009706201308
040505010003201308
040505010006201308
040505011903201308
040505011906201308
040505012706201308
040505013503201308
040505014302201308
040505014303201308
040505015102201308
040505015103201308
040505016001201308
040505017802201308
040505018603201308
040505019406201308
040505020801201308
040505021602201308
040505021603201308
040505022402201308
040505022403201308
040505023203201308
040505024002201308
040505025901201308
040505026702201308
040505028302201308
040505029101201308
040505030501201308
040505031303201308
040505032102201308
040505032103201308
040505035603201308
040505036401201308
040505037203201308
040505037206201308
040505038003201308
040505039902201308
040505039903201308
040601001303201308
040601002103201308
040601003003201308
040601004803201308
040601005603201308
040601006403201308
040601007203201308
040601008003201308
040601009903201308
040601010203201308
040601011003201308
040601012904201308
040601013703201308
040601015303201308
040601016103201308
040601017003201308
040601018803201308
040601019603201308
040601020003201308
040601021803201308
040601022603201308
040601023403201308
040601024203201308
040601025003201308
040601026903201308
040601027703201308
040601028503201308
040601029303201308
040601030703201308
040601031503201308
040601032303201308
040601033103201308
040601034003201308
040601035803201308
040601036603201308
040601037403201308
040601038203201308
040601039003201308
040601040403201308
040601041203201308
040601042003201308
040601043903201308
040601044703201308
040601045503201308
040601046303201308
040601047103201308
040601048003201308
040601049803201308
040601050103201308
040601051003201308
040601052803201308
040601053603201308
040601054403201308
040601055203201308
040601056003201308
040601057903201308
040601058703201308
040601059503201308
040601060903201308
040601061703201308
040601062503201308
040601063303201308
040601064103201308
040601065003201308
040601066803201308
040601067603201308
040601068403201308
040601069203201308
040601070603201308
040601071403201308
040601072204201308
040601073003201308
040601074904201308
040601075703201308
040601076503201308
040601077303201308
040601078103201308
040601079003201308
040601080303201308
040601081103201308
040601082003201308
040601083803201308
040601084603201308
040601085403201308
040601086203201308
040601087003201308
040601088903201308
040601089703201308
040601090003201308
040601091903201308
040601092703201308
040601093503201308
040601094303201308
040601095103201308
040601096003201308
040601097803201308
040601098603201308
040601099403201308
040601100103201308
040601101003201308
040601102803201308
040601103603201308
040601104403201308
040601105203201308
040601107903201308
040601108703201308
040601109503201308
040601110903201308
040601111703201308
040601112503201308
040601113303201308
040601114103201308
040601115003201308
040601116803201308
040601117603201308
040601118403201308
040601119203201308
040601120603201308
040601121403201308
040601122203201308
040601123003201308
040601124903201308
040601125703201308
040602001903201308
040602002703201308
040602003503201308
040602004303201308
040602005103201308
040602007803201308
040602008605201308
040602009401201308
040602009405201308
040602009407201308
040602010803201308
040602011603201308
040602012403201308
040602013201201308
040602014001201308
040602015903201308
040602016703201308
040602018305201308
040602019103201308
040602020501201308
040602021303201308
040602022103201308
040602023003201308
040602024803201308
040602025603201308
040602026403201308
040602027203201308
040602028003201308
040602029901201308
040602030203201308
040602031003201308
040602032903201308
040602033703201308
040602034503201308
040602035303201308
040602036103201308
040602037003201308
040602038803201308
040602039603201308
040602040003201308
040602041803201308
040602042603201308
040602043403201308
040602044203201308
040602045003201308
040602046903201308
040602047703201308
040602048503201308
040602049303201308
040602050703201308
040602051503201308
040602052303201308
040602053103201308
040602054003201308
040602055803201308
040602056603201308
040602057403201308
040602058203201308
040602059003201308
040602060403201308
040602061204201308
040602062002201308
040602062003201308
040603001403201308
040603002203201308
040603003003201308
040603004903201308
040603005703201308
040603006503201308
040603007303201308
040603008103201308
040603009003201308
040603010303201308
040603011103201308
040603012003201308
040603013803201308
040603014603201308
040604001003201308
040604002803201308
040604004403201308
040604005203201308
040604006003201308
040604007903201308
040604008703201308
040604009503201308
040604010903201308
040604011703201308
040604012503201308
040604013303201308
040604014103201308
040604015003201308
040604016803201308
040604017603201308
040604018403201308
040604019203201308
040604020603201308
040604021403201308
040604022203201308
040604023003201308
040604024903201308
040604025703201308
040604026503201308
040604027303201308
040604028103201308
040604029003201308
040604030303201308
040604031103201308
040604032003201308
040604033803201308
040605001503201308
040605002303201308
040605003103201308
040605004003201308
040605005803201308
040605006603201308
040605007403201308
040605008203201308
040605009003201308
040605010403201308
040605011203201308
040605012003201308
040605013903201308
040701001703201308
040701002505201308
040701003303201308
040701004103201308
040701005003201308
040701006803201308
040701007603201308
040701008403201308
040701009203201308
040701010603201308
040701011403201308
040701012203201308
040701013003201308
040701014903201308
040701015703201308
040701016503201308
040701017303201308
040701018103201308
040701019003201308
040701020303201308
040701021103201308
040701022003201308
040701023803201308
040701024602201308
040701024604201308
040701025402201308
040701025404201308
040701026205201308
040701027003201308
040701028903201308
040701029703201308
040701030003201308
040701031901201308
040701032701201308
040701033503201308
040701034303201308
040701035103201308
040701036003201308
040701037803201308
040702001203201308
040702002003201308
040702003903201308
040702004703201308
040702005501201308
040702006303201308
040702007103201308
040702008003201308
040702009803201308
040702010103201308
040702011003201308
040702012802201308
040702012804201308
040702013602201308
040702013603201308
040702014402201308
040702014403201308
040702015203201308
040702016001201308
040702017903201308
040702018703201308
040702019503201308
040702020903201308
040702021703201308
040702022503201308
040702022506201308
040702023303201308
040702024103201308
040702025003201308
040702026803201308
040702027603201308
040702028403201308
040702029203201308
040702030603201308
040702031401201308
040702032203201308
040702033003201308
040702034903201308
040702035703201308
040702036503201308
040702037301201308
040702038103201308
040702039001201308
040702040303201308
040702041103201308
040702042003201308
040702043803201308
040702044603201308
040702045403201308
040702046203201308
040702047003201308
040702048901201308
040702049701201308
040703001803201308
040703002603201308
040703003403201308
040703004203201308
040703005003201308
040703006903201308
040703007703201308
040703008502201308
040703009302201308
040703010702201308
040703011502201308
040703012303201308
040703013103201308
040703014003201308
040703015803201308
040703016603201308
040703017403201308
040703018203201308
040703019003201308
040703020403201308
040703021203201308
040703022003201308
040703023902201308
040703024703201308
040704001303201308
040704002103201308
040704003003201308
040704004803201308
040704005603201308
040704006403201308
040704007203201308
040704008003201308
040704009903201308
040704010203201308
040704011003201308
040704012903201308
040704013703201308
040704014503201308
040704015303201308
040704016103201308
040704017003201308
040704018803201308
040704019602201308
040704019604201308
040704020003201308
040704021802201308
040704021804201308
040704022603201308
040704023403201308
040704024203201308
040704025003201308
040704026903201308
040801001003201308
040801002903201308
040801003703201308
040801004503201308
040801005303201308
040801006103201308
040801007003201308
040801008803201308
040801009603201308
040801010003201308
040801011803201308
040801012602201308
040801012604201308
040801013402201308
040801013403201308
040801014203201308
040801015003201308
040801016903201308
040801017703201308
040801018503201308
040801019303201308
040801020703201308
040801021503201308
040801022303201308
040801023103201308
040802001603201308
040802002403201308
040802003203201308
040802004003201308
040802005903201308
040802006703201308
040802007503201308
040802008303201308
040802009103201308
040802010502201308
040802010503201308
040802011304201308
040802012103201308
040802013003201308
040802014803201308
040802015603201308
040802016402201308
040802016403201308
040802017202201308
040802017203201308
040802018002201308
040802018003201308
040802019902201308
040802019903201308
040802020202201308
040802020203201308
040802021003201308
040802022902201308
040802022903201308
040802023703201308
040802024502201308
040802024503201308
040802025303201308
040802026103201308
040802027003201308
040802028803201308
040802029602201308
040802029603201308
040802030002201308
040802030003201308
040802031803201308
040802032603201308
040802033403201308
040802034203201308
040802035003201308
040802036903201308
040802037703201308
040802038503201308
040802039303201308
040802040703201308
040802041503201308
040802042303201308
040802043103201308
040802044003201308
040802045803201308
040802046603201308
040802047403201308
040802048203201308
040802049003201308
040802050403201308
040802051203201308
040802052003201308
040802053903201308
040802054703201308
040802055503201308
040802056303201308
040802057103201308
040802058003201308
040802059803201308
040802060103201308
040802061003201308
040802062803201308
040802063603201308
040802064403201308
040803001103201308
040803002003201308
040803003803201308
040803004603201308
040803005403201308
040803006203201308
040803007003201308
040803008903201308
040803009703201308
040803010003201308
040803011903201308
040803012703201308
040803013503201308
040803014303201308
040803015103201308
040803016003201308
040803017803201308
040803018603201308
040803019403201308
040803020803201308
040803021603201308
040803022403201308
040803023203201308
040803024003201308
040803025903201308
040803026703201308
040803027503201308
040803028303201308
040803029103201308
040803030503201308
040803031303201308
040803032103201308
040803033003201308
040803034803201308
040803035603201308
040803036403201308
040803037203201308
040803038003201308
040803039903201308
040803040203201308
040803041003201308
040803042903201308
040803043703201308
040803044503201308
040803045303201308
040803046103201308
040803047003201308
040803048804201308
040803050003201308
040803051803201308
040803052603201308
040803053403201308
040803054203201308
040803055003201308
040803056903201308
040803057703201308
040803058503201308
040803059303201308
040803060703201308
040803061503201308
040803062303201308
040803063103201308
040803064003201308
040803065803201308
040803066603201308
040803067403201308
040803068203201308
040803069003201308
040803070403201308
040803071203201308
040803072003201308
040803073903201308
040803074703201308
040803075503201308
040803076303201308
040803077103201308
040803078003201308
040803079803201308
040803080103201308
040803081003201308
040803082803201308
040803083603201308
040803084403201308
040803085203201308
040803086003201308
040803087903201308
040803088703201308
040803089503201308
040803090903201308
040803091703201308
040804001703201308
040804002503201308
040804003303201308
040804004103201308
040804005003201308
040804006803201308
040804007603201308
040804008403201308
040804009203201308
040804010603201308
040804011403201308
040804012203201308
040804013003201308
040804014903201308
040804015703201308
040804016503201308
040804017303201308
040804018103201308
040804019003201308
040804020303201308
040804021104201308
040804022003201308
040804023803201308
040804024603201308
040804025403201308
040804026203201308
040804027003201308
040804028903201308
040804029703201308
040804030003201308
040804031903201308
040804032703201308
040804033503201308
040804034303201308
040804035101201308
040805001203201308
040805002003201308
040805003903201308
040805004703201308
040805005503201308
040805006303201308
040805007103201308
040805008003201308
040805009804201308
040805010103201308
040805011003201308
040805012803201308
040805013603201308
040805014403201308
040805015203201308
040805016003201308
040805017903201308
040805018703201308
040805019502201308
040805019503201308
040805020902201308
040805020903201308
040805021702201308
040805021703201308
040805022502201308
040805022503201308
040805023303201308
040805024102201308
040805024103201308
040805025002201308
040805025003201308
040805026802201308
040805026803201308
040805027602201308
040805027603201308
040805028402201308
040805028403201308
040805029202201308
040805029203201308
040805030603201308
040805031403201308
040805032203201308
040805033002201308
040805033003201308
040805034903201308
040805035703201308
040805036503201308
040805037303201308
040805038103201308
040805039003201308
040805040303201308
040805041103201308
040805042003201308
040805043803201308
040805044603201308
040805045403201308
040805046203201308
040805047003201308
040805048903201308
040805049703201308
040805050003201308
040805051903201308
040805052703201308
040805053503201308
040805054303201308
040805055103201308
040805056003201308
040805057803201308
040805058603201308
040805059403201308
040805060803201308
040805061603201308
040805062403201308
040805063203201308
040805064003201308
040805065903201308
040805066703201308
040805067503201308
040805068303201308
040805069103201308
040805070503201308
040805071303201308
040805072103201308
040805073003201308
040805074803201308
040805075603201308
040805076403201308
040805077203201308
040805078003201308
040805079903201308
040805080203201308
040805081003201308
040805082903201308
040805083703201308
040805084503201308
040805085303201308
040805086103201308
040805087003201308
040805088803201308
040805089603201308
040805090003201308
040805091803201308
040805092603201308
040806001803201308
040806002603201308
040806003403201308
040806004202201308
040806004203201308
040806005003201308
040806006903201308
040806007703201308
040806008502201308
040806008503201308
040806009303201308
040806010703201308
040806011503201308
040806012303201308
040806013103201308
040806014003201308
040806015802201308
040806015803201308
040806016603201308
040806017403201308
040806018203201308
040806019003201308
040806020403201308
040806021202201308
040806021203201308
040806022001201308
040806023903201308
040806024703201308
040806025503201308
040806026303201308
040806027103201308
040806028003201308
040806029803201308
040806030102201308
040806030103201308
040806031003201308
040806032803201308
040806033603201308
040806034403201308
040806035202201308
040806035203201308
040806036003201308
040806037903201308
040806038703201308
040806039503201308
040806040903201308
040806040906201308
040806041703201308
040806042502201308
040806042503201308
040806043303201308
040806044103201308
040806045003201308
040806045006201308
040806046803201308
040806047603201308
040806048403201308
040806049203201308
040806050603201308
040806051403201308
040806052203201308
040806053003201308
040806054903201308
040806055703201308
040806056503201308
040806057303201308
040806058103201308
040806059003201308
040806060303201308
040806061103201308
040806062003201308
040806063803201308
040806064603201308
040806065401201308
040806066203201308
040806067003201308
040806068901201308
040806069703201308
040806070003201308
040806071904201308
040901001403201308
040901002203201308
040901003003201308
040901004903201308
040901005703201308
040901006503201308
040901007303201308
040901008103201308
040901009002201308
040901009003201308
040901010302201308
040901011102201308
040901012003201308
040901013803201308
040901014603201308
040901015401201308
040901016201201308
040901017003201308
040901017006201308
040901018903201308
040901019703201308
040901020003201308
040901021903201308
040901022703201308
040901023503201308
040901024303201308
040901025103201308
040901026003201308
040901027801201308
040901028603201308
040901029402201308
040901029403201308
040901030803201308
040901031603201308
040901032403201308
040901033203201308
040901034003201308
040901035902201308
040901035904201308
040901036703201308
040901037503201308
040901038302201308
040901038303201308
040901039103201308
040901040503201308
040901041303201308
040901042102201308
040901043003201308
040901044801201308
040901045603201308
040901046403201308
040901047203201308
040901048003201308
040901049903201308
040901050203201308
040901051003201308
040901052903201308
040901053703201308
040901054503201308
040901055303201308
040901056103201308
040901057003201308
040901058803201308
040902001002201308
040902001003201308
040902002802201308
040902002803201308
040902003602201308
040902003604201308
040902004403201308
040902005203201308
040902006001201308
040902007902201308
040902007903201308
040902008702201308
040902008703201308
040902009502201308
040902009503201308
040902010903201308
040902011701201308
040902012503201308
040902013303201308
040902014103201308
040902015003201308
040902016803201308
040902017602201308
040902017603201308
040902018401201308
040903001503201308
040903002303201308
040903003103201308
040903004003201308
040904001002201308
040904001003201308
040904002902201308
040904002904201308
040904003703201308
040904004503201308
040904005303201308
040904006102201308
040904006104201308
040904007002201308
040904007003201308
040904008802201308
040904008803201308
040904009603201308
040904010001201308
040904011803201308
040904012603201308
040904013403201308
040904014203201308
040904014206201308
040904015003201308
040904016902201308
040904016903201308
040904017703201308
040904018503201308
040904019303201308
040904020703201308
040904021503201308
040904021506201308
040904022303201308
040904023103201308
040904024003201308
040904024006201308
040905001603201308
040905002403201308
040905003203201308
040905004003201308
040905005901201308
040905006701201308
040905007503201308
040905008303201308
040905008306201308
040905009103201308
040905010503201308
040905011303201308
040905012103201308
040906001102201308
040906001103201308
040906002003201308
040906003803201308
040906004603201308
040906004606201308
040906005403201308
040906006201201308
040906007003201308
040906008902201308
040906009701201308
040906010003201308
040906011903201308
040906012703201308
040906013503201308
040906014303201308
040906015103201308
040906016003201308
040906017803201308
040906017806201308
040906018603201308
040906019403201308
040906020803201308
040906021603201308
040906022403201308
040906023203201308
040906024003201308
040906025903201308
040906026703201308
040906027503201308
040906028303201308
040907001703201308
040907002503201308
040907003303201308
040907004103201308
040907005003201308
040907006803201308
040907007603201308
040907008403201308
040907009203201308
040907010602201308
040907010603201308
040907011403201308
040907012202201308
040907012204201308
040907013003201308
040907014902201308
040907014903201308
040907015703201308
040907015706201308
040907016502201308
040907016504201308
040907017301201308
040907018102201308
040907018104201308
040907019003201308
040907020303201308
040907021103201308
040907022003201308
040907023803201308
040907024603201308
040907025403201308
040907026203201308
040907027003201308
040907028903201308
040907029703201308
040907030003201308
041001001402201308
041001001403201308
041001002201201308
041001003001201308
041001004902201308
041001004904201308
041001005703201308
041001006503201308
041001007303201308
041001008102201308
041001008103201308
041001009003201308
041001010301201308
041001011103201308
041001012003201308
041001013803201308
041001014603201308
041001015403201308
041001016203201308
041001017003201308
041001018903201308
041101001802201308
041101001803201308
041101002603201308
041101003403201308
041101004203201308
041101005003201308
041101006901201308
041101007702201308
041101007703201308
041101008503201308
041102001302201308
041102001303201308
041102002103201308
041102003003201308
041102004803201308
041102005603201308
041201001103201308
041201002003201308
041201003803201308
041201004603201308
041201006202201308
041201006204201308
041201007003201308
041201008903201308
041201009703201308
041201010003201308
041201011903201308
041201012704201308
041201013503201308
041201014303201308
041202001703201308
041202002503201308
041202003303201308
041202005003201308
041202006803201308
041202007603201308
041202008403201308
041203001203201308
041203004703201308
041203005505201308
041203006305201308
041203007105201308
041203008003201308
041203009803201308
041203010103201308
041203011003201308
041203012802201308
041203012804201308
041204001803201308
041204002603201308
041204003403201308
041204004203201308
041204005003201308
041204006903201308
041204008503201308
041204010703201308
041204011503201308
041204012303201308
041204013103201308
041204015803201308
041204016603201308
041204017403201308
041204018203201308
041204019003201308
041204020403201308
041204021203201308
041204022003201308
041205001303201308
041205003003201308
041205004803201308
041205006403201308
041205007203201308
041205008003201308
041205010203201308
041205011003201308
041205013703201308
041205014503201308
041205015303201308
041205016103201308
041205017002201308
041205017004201308
041301001503201308
041301002301201308
041301003107201308
041301004007201308
041301005807201308
041301006603201308
041301007404201308
041301008203201308
041301009003201308
041303001603201308
041303002403201308
041303003203201308
041303004006201308
041303005903201308
041303006703201308
041303007503201308
041303008303201308
041304001101201308
041304002003201308
041304003803201308
041304004603201308
041304005403201308
041304006203201308
041304007003201308
041304008903201308
041304009703201308
041304010003201308
041304011903201308
041304012703201308
041304013503201308
041304014303201308
041304015102201308
041304015103201308
041304016003201308
041304017803201308
041304018603201308
041304019403201308
041304020803201308
041304021603201308
041304022403201308
041304023203201308
041304024003201308
041304025903201308
041401002703201308
041401003503201308
041401025602201308
041401025603201308
041401027203201308
041401032903201308
041401034501201308
041401034502201308
041401034503201308
041401036101201308
041401036102201308
041401036104201308
041401037006201308
041401038801201308
041401038802201308
041401038804201308
041402002201201308
041402002202201308
041402002204201308
041402003001201308
041402003002201308
041402003004201308
041402004901201308
041402004902201308
041402004904201308
041402005701201308
041402005702201308
041402005704201308
041402006501201308
041402006502201308
041402006504201308
041402007301201308
041402007302201308
041402007304201308
041402008101201308
041402008102201308
041402008104201308
041402009001201308
041402009002201308
041402009004201308
041402012001201308
041402012002201308
041402012005201308
041402013801201308
041402013802201308
041402013805201308
041402014601201308
041402014602201308
041402014604201308
041402015401201308
041402015402201308
041402015404201308
041402016201201308
041402016202201308
041402016204201308
041402017001201308
041402017002201308
041402017005201308
041402017008201308
041402020001201308
041402020002201308
041402020004201308
041402021901201308
041402021902201308
041402021904201308
041402024301201308
041402024302201308
041402024304201308
041402027801201308
041402027802201308
041402027804201308
041402029401201308
041402029402201308
041402029404201308
041402035901201308
041402035902201308
041402035905201308
041402036701201308
041402036702201308
041402036704201308
041402037501201308
041402037502201308
041402037504201308
041402038301201308
041402038302201308
041402038305201308
041402040501201308
041402040502201308
041402040505201308
041402041303201308
041402042106201308
041501001203201308
041502001803201308
041502002603201308
041502003403201308
041502004203201308
041502005003201308
041503001303201308
041504002703201308
041504003503201308
041504003508201308
041504004301201308
041504004308201308
041504005101201308
041601001603201308
041601002403201308
041601003203201308
041601004003201308
041601007503201308
041601009103201308
041601011303201308
041601012103201308
041601013003201308
041601016403201308
041601017203201308
041601018003201308
041601019903201308
041601020203201308
041601021003201308
041601022903201308
041602002003201308
041602015103201308
041602016003201308
041602017803201308
041602018603201308
041602019403201308
041602020803201308
041602021603201308
041602022403201308
041602023203201308
041602024003201308
041602025903201308
041603001703201308
041603002503201308
041603003303201308
041603004103201308
041603006803201308
041603007603201308
041603008403201308
041603009203201308
041603014902201308
041603014903201308
041603015703201308
041603016503201308
041603017303201308
041603018103201308
041603019003201308
041603020303201308
041603021103201308
041603022003201308
041603023803201308
041603024603201308
041603025403201308
041603026203201308
041603027003201308
041603028903201308
041603029703201308
041603030003201308
041603031903201308
041603032703201308
041603033503201308
041603034303201308
041603035103201308
041603036003201308
041604001203201308
041604002003201308
041604003903201308
041604004703201308
041604005503201308
041604007103201308
041604010103201308
041604011003201308
041604012803201308
041604014403201308
041604017903201308
041604018703201308
041604019503201308
041604020903201308
041604021703201308
041604022503201308
041604023303201308
041604024103201308
041604025003201308
041604026803201308
041604027603201308
041605001803201308
041605002603201308
041605003403201308
041605005003201308
041605007703201308
041605009303201308
041605010703201308
041605011503201308
041606001303201308
041606002103201308
041606003003201308
041606005603201308
041606006403201308
041606008003201308
041606009903201308
041606010203201308
041606011003201308
041606012903201308
041608001403201308
041608003003201308
041608008103201308
041608009003201308
041608011103201308
041608012003201308
041609001003201308
041609002803201308
041609003603201308
041609007903201308
041609010903201308
041609011703201308
041609012503201308
041609013303201308
041611001003201308
041611002903201308
041611003703201308
041611004503201308
041611005303201308
041611006103201308
041611007003201308
041611008803201308
041612002403201308
041612003203201308
041612004003201308
041612005903201308
041701001004201308
041701002804201308
041701003604201308
041701004404201308
041701005202201308
041701005204201308
041701006002201308
041701006004201308
041801001306201308
041801002106201308
041801003006201308
041801004806201308
041801005604201308
041801006407201308
041801007204201308
041801008006201308
041801009907201308
041802001906201308
041802001907201308
041802002706201308
041802002707201308
041802003507201308
050101001702201308
050101002502201308
050101003302201308
050101004102201308
050101005002201308
050101006802201308
050101007602201308
050101008402201308
050101009202201308
050102001202201308
050102002002201308
050102003902201308
050103001801201308
050103002601201308
050103003401201308
050103004201201308
050103005001201308
050103006903201308
050103007702201308
050103008502201308
050103009302201308
050103010702201308
050103011501201308
050103012302201308
050104001302201308
050104002102201308
050104002104201308
050104003002201308
050104004802201308
050104005602201308
050104006402201308
050104006404201308
050104007202201308
050105001902201308
050105002702201308
050105003502201308
050105004302201308
050106001405201308
050106002205201308
050106003005201308
050106004905201308
050106005704201308
050107001002201308
050107002802201308
050107002804201308
050107003604201308
050107004402201308
050107005202201308
050107006002201308
050107007902201308
050107008702201308
050107009502201308
050107010902201308
050107011702201308
050108001504201308
050108001507201308
050108002304201308
050108002307201308
050108003104201308
050108003107201308
050108004004201308
050108004007201308
050108005804201308
050108005807201308
050108006604201308
050108006607201308
050108007404201308
050108007407201308
050108008204201308
050108009004201308
050108009007201308
050201001004201308
050201002904201308
050301001403201308
050301001406201308
050301002203201308
050301002206201308
050302001003201308
050302002803201308
050303001504201308
050303002304201308
050303003104201308
050303004004201308
050303005804201308
050303005807201308
050303006604201308
050303007404201308
050303008204201308
050303009004201308
050303010404201308
050304001004201308
050304002904201308
050304003704201308
050304004504201308
050304005304201308
050304006104201308
050304006107201308
050304008804201308
050401001804201308
050401001807201308
050401002603201308
050401002606201308
050401003404201308
050401003407201308
050402001304201308
050402002104201308
050402003004201308
050402004804201308
050402005604201308
050403001904201308
050403002704201308
050404001406201308
050404002206201308
050501001103201308
050501002003201308
050501003803201308
050501004603201308
050501005403201308
050501006203201308
050501007003201308
050501008903201308
050501009703201308
050501009706201308
050501010003201308
050501010006201308
050501011903201308
050501011906201308
050501012703201308
050501012706201308
050502001705201308
050502002505201308
050502003305201308
050502004103201308
050502005003201308
050502006803201308
050502007603201308
050502008403201308
050502009203201308
050502010603201308
050502011403201308
050502012203201308
050601001506201308
050601002306201308
050601003106201308
050601004006201308
050601005804201308
050601005806201308
050602001003201308
050602002903201308
050602003703201308
050602004503201308
050602005303201308
050602006103201308
050602007003201308
050602008803201308
050602009603201308
050602010003201308
050602011803201308
060201001206201308
060201002006201308
060201003906201308
060201004706201308
060201005506201308
060201006306201308
060201007106201308
060201008006201308
060201009806201308
060201011006201308
060201012806201308
060201013606201308
060201014406201308
060201015206201308
060201016006201308
060301001604201308
060302001104201308
060302002004201308
060302003804201308
060302004604201308
060302005404201308
060302006204201308
060302007004201308
060302008904201308
060302009704201308
060302010004201308
060303001704201308
060303002504201308
060303003304201308
060303004104201308
060304001204201308
060305001804201308
060305002604201308
060305003404201308
060305004204201308
060305005004201308
060305006904201308
060305007704201308
060305008504201308
060305009304201308
060305010704201308
060306001304201308
060307001904201308
060307002704201308
060307003504201308
060307004304201308
060307005104201308
060308001404201308
060308002204201308
060308003004201308
060308004904201308
060308005704201308
060308006504201308
060308007304201308
060308008104201308
060308009004201308
060308010304201308
060308011104201308
060308012004201308
060308013804201308
060308014604201308
060308015404201308
060308016204201308
060308017004201308
060308018904201308
060308019704201308
060308020004201308
060308021904201308
060308022704201308
060401001006201308
060401002806201308
060401003606201308
060401004406201308
060401005206201308
060401006006201308
060401007906201308
060401008706201308
060401009506201308
060402001506201308
060402002306201308
060402003106201308
060402004006201308
060402005806201308
060403001006201308
060403002906201308
060403003706201308
060403004506201308
060403005306201308
060403006106201308
060404001606201308
060404002406201308
060404003206201308
060404004006201308
060404005906201308
060404006706201308
060404007506201308
060404008306201308
060404009106201308
060405001106201308
060405002006201308
060405003806201308
060405004606201308
060405005406201308
060405006206201308
060405007006201308
060405008906201308
060405009706201308
060405010006201308
060405011906201308
060406001706201308
060406002506201308
060407001206201308
060408001806201308
060408002606201308
060409001306201308
060410001906201308
060411001406201308
060411002206201308
060411003006201308
060411004906201308
060411005706201308
060411006506201308
060412001006201308
060413001506201308
060413002306201308
060413003106201308
060413004006201308
060413005806201308
060413006606201308
060413007406201308
060413008206201308
060413009006201308
060413010406201308
060413011206201308
060414001006201308
060414002906201308
060414003706201308
060415001606201308
060415002406201308
060416001106201308
060416002006201308
060416003806201308
060416004606201308
060416005406201308
060417001706201308
060417002506201308
060417003306201308
060417004106201308
060417005006201308
060418001206201308
060418002006201308
060419001806201308
060420001306201308
060421001906201308
060421002706201308
060422001406201308
060423001006201308
060423002806201308
060423003606201308
060423004406201308
060423005206201308
060423006006201308
060423007906201308
060423008706201308
060424001506201308
060424002306201308
060424003106201308
060424004006201308
060424005806201308
060425001006201308
060425002906201308
060426001606201308
060427001106201308
060427002006201308
060427003806201308
060427004606201308
060427005406201308
060427006206201308
060427007006201308
060427008906201308
060427009706201308
060427010006201308
060427011906201308
060428001706201308
060428002506201308
060428003306201308
060428004106201308
060428005006201308
060428006806201308
060428007606201308
060428008406201308
060428009206201308
060428010606201308
060429001206201308
060429002006201308
060429003906201308
060429004706201308
060429005506201308
060429006306201308
060429007106201308
060429008006201308
060430001806201308
060430002606201308
060430003406201308
060431001306201308
060431002106201308
060431003006201308
060431004806201308
060431005606201308
060431006406201308
060432001906201308
060432002706201308
060432003506201308
060432004306201308
060432005106201308
060432006006201308
060432007806201308
060432008606201308
060432009406201308
060432010806201308
060432011606201308
060432012406201308
060433001406201308
060433002206201308
060434001006201308
060434002806201308
060434003606201308
060434004406201308
060434005206201308
060434006006201308
060434007906201308
060435001506201308
060435002306201308
060435003106201308
060436001006201308
060436002906201308
060436003706201308
060436004506201308
060436005306201308
060436006106201308
060436007006201308
060436008806201308
060436009606201308
060436010006201308
060436011806201308
060436012606201308
060437001606201308
060437002406201308
060438001106201308
060438002006201308
060438003806201308
060438004606201308
060438005406201308
060438006206201308
060438007006201308
060438008906201308
060439001706201308
060439002506201308
060439003306201308
060439004106201308
060439005006201308
060439006806201308
060439007606201308
060439008406201308
060439009206201308
060439010606201308
060439011406201308
060440001206201308
060441001806201308
060441002606201308
060441003406201308
060442001306201308
060443001906201308
060444001406201308
060445001006201308
060446001506201308
060446002306201308
060446003106201308
060446004006201308
060446005806201308
060446006606201308
060447001006201308
060447002906201308
060447003706201308
060447004506201308
060447005306201308
060448001606201308
060449001106201308
060449002006201308
060450001706201308
060450002506201308
060450003306201308
060450004106201308
060450005006201308
060450006806201308
060450007606201308
060450008406201308
060451001206201308
060451002006201308
060451003906201308
060452001806201308
060453001306201308
060453002106201308
060453003006201308
060453004806201308
060454001906201308
060455001406201308
060455002206201308
060456001006201308
060457001506201308
060457002306201308
060457003106201308
060458001006201308
060458002906201308
060458003706201308
060458004506201308
060458005306201308
060458006106201308
060459001606201308
060459002406201308
060460001106201308
060460002006201308
060461001706201308
060461002506201308
060462001206201308
060462002006201308
060462003906201308
060462004706201308
060463001806201308
060464001306201308
060464002106201308
060465001906201308
060465002706201308
060465003506201308
060466001406201308
060466002206201308
060466003006201308
060467001006201308
060468002306201308
060469001006201308
060470001606201308
060471001106201308
060471002006201308
060472001706201308
060472002506201308
060473001206201308
060474001806201308
070101001002201308
070101002902201308
070101003702201308
070101004502201308
070101005302201308
070101006102201308
070101007002201308
070101008802201308
070101009602201308
070101010002201308
070101011802201308
070101012602201308
070101013402201308
070101014202201308
070101015002201308
070101016902201308
070101017702201308
070101018502201308
070101019302201308
070101020706201308
070101021506201308
070101022306201308
070101023106201308
070101024006201308
070101025806201308
070101026606201308
070101027406201308
070101028206201308
070101029006201308
070101030406201308
070101031206201308
070101032006201308
070101033906201308
070102001602201308
070102002402201308
070102003202201308
070102004002201308
070102005902201308
070102006702201308
070102007502201308
070102008302201308
070102009102201308
070102010502201308
070102011302201308
070102012102201308
070102013002201308
070102014802201308
070102015602201308
070102016402201308
070102017202201308
070102018002201308
070102019902201308
070102020202201308
070102021002201308
070102022902201308
070102023702201308
070102024502201308
070102025302201308
070102026102201308
070102027002201308
070102028802201308
070102029602201308
070102030002201308
070102031802201308
070102032602201308
070102033402201308
070102034202201308
070102035002201308
070102036902201308
070102037702201308
070102038502201308
070102039302201308
070102040702201308
070102041502201308
070102042302201308
070102043102201308
070102044002201308
070102045802201308
070102046602201308
070102047402201308
070102048202201308
070102049002201308
070102050402201308
070102051202201308
070102052002201308
070102053902201308
070102054702201308
070102055502201308
070102056302201308
070102057102201308
070102058002201308
070103001106201308
070103002006201308
070103003806201308
070103004606201308
070103005406201308
070103006206201308
070103007006201308
070103008906201308
070103009706201308
070103010006201308
070103011906201308
070103012706201308
070103013506201308
070103014306201308
070103015107201308
070103016006201308
070103017806201308
070103018606201308
070103019406201308
070103020806201308
070103021606201308
070103022406201308
070103023206201308
070103024006201308
070103025906201308
070103026706201308
070103027506201308
070103028306201308
070103029106201308
070103030502201308
070103032106201308
070104001702201308
070104002502201308
070104003302201308
070104004102201308
070104005002201308
070104006802201308
070104007602201308
070104008402201308
070104009202201308
070104010602201308
070104011402201308
070104012202201308
070104013002201308
070104014902201308
070104015702201308
070105001202201308
070105002002201308
070105004702201308
070106001802201308
070106002602201308
070106003402201308
070106004202201308
070107001302201308
070107002102201308
070107003002201308
070107004802201308
070107005602201308
070107006402201308
070107007202201308
070107008002201308
070107009902201308
070107010202201308
070107011002201308
070107012902201308
070107013702201308
070107014502201308
070107015306201308
070107015307201308
070107016107201308
070107017007201308
070108002702201308
070108004307201308
070108005102201308
070108006002201308
070108007802201308
070108008602201308
070108009407201308
070108011602201308
070108012402201308
070108013202201308
070108014002201308
070108015902201308
070108016702201308
070108017502201308
070108018302201308
070108019102201308
070109001402201308
070109002202201308
070109003002201308
070109004902201308
070109005702201308
070109006502201308
070109007302201308
070109008102201308
070109009002201308
070110001007201308
070110002807201308
070110003607201308
070110004407201308
070110005207201308
070110006007201308
070110007907201308
070110008707201308
070110009507201308
070110010907201308
070201001404201308
070201002204201308
070201003004201308
070201004904201308
070201005704201308
070201006504201308
070201008104201308
070201009004201308
070201010304201308
070201011104201308
070201012004201308
070201013804201308
070201015404201308
070201016204201308
070201017004201308
070201018904201308
070201019704201308
070201020004201308
070201021904201308
070201022704201308
070201023504201308
070201025104201308
070202002802201308
070202003602201308
070202004402201308
070202021404201308
070203002304201308
070203003104201308
070203004004201308
070203005804201308
070203006604201308
070203007404201308
070203008204201308
070203009004201308
070203010404201308
070203011204201308
070203012004201308
070203013904201308
070203014704201308
070203015504201308
070203016304201308
070203017104201308
070203018004201308
070203019804201308
070203020104201308
070203021004201308
070203022804201308
070203023604201308
070203024404201308
070203025204201308
070203026004201308
070203027904201308
070203028704201308
070203029504201308
070203030904201308
070203031704201308
070203032504201308
070203033304201308
070203034104201308
070203035004201308
070203036804201308
070203037604201308
070203038404201308
070203039204201308
070203040604201308
070203041404201308
070203042204201308
070203043004201308
070203044904201308
070203045704201308
070203046504201308
070203047304201308
070203048104201308
070203049004201308
070203050304201308
070203051104201308
070203052004201308
070203053804201308
070203054604201308
070203055404201308
070203056204201308
070203057004201308
070203058904201308
070203059704201308
070203060004201308
070203061904201308
070203062704201308
070203063504201308
070203064304201308
070203065104201308
070203066004201308
070203067804201308
070203068604201308
070203069404201308
070203070804201308
070203071604201308
070203072404201308
070203073204201308
070203074004201308
070203075904201308
070203076704201308
070203078304201308
070203079104201308
070203080504201308
070203081304201308
070203082104201308
070203083004201308
070203084804201308
070203085604201308
070203086404201308
070203087204201308
070203088004201308
070203089904201308
070203090204201308
070203091004201308
070203092904201308
070203093704201308
070203094504201308
070203095304201308
070203096104201308
070203097004201308
070203098804201308
070203099604201308
070203100304201308
070203101104201308
070203102004201308
070203103804201308
070203104604201308
070203105404201308
070203106204201308
070203107004201308
070203108904201308
070203109704201308
070203110004201308
070203111904201308
070203112704201308
070203113504201308
070203114304201308
070203115104201308
070203116004201308
070203117804201308
070203118604201308
070203119404201308
070203120804201308
070203121604201308
070203122404201308
070203123204201308
070203124004201308
070203125904201308
070203126704201308
070203127504201308
070203128304201308
070203129104201308
070203130504201308
070203131304201308
070203132104201308
070203133004201308
070203134804201308
070203135604201308
070203136404201308
070203138004201308
070203139904201308
070204001004201308
070204002904201308
070204003704201308
070204004504201308
070204005304201308
070204006104201308
070204007004201308
070204008804201308
070204009604201308
070204010004201308
070204011804201308
070204012604201308
070204013404201308
070204014204201308
070204015004201308
070204016904201308
070204017704201308
070204018504201308
070204019304201308
070204020704201308
070204021504201308
070204022304201308
070204023104201308
070204024004201308
070204025804201308
070204026604201308
070204027404201308
070204028204201308
070204029004201308
070204030404201308
070204031204201308
070204032004201308
070204033904201308
070204034704201308
070204035504201308
070204036304201308
070204037104201308
070204038004201308
070204039804201308
070204040104201308
070204041004201308
070204042804201308
070204043604201308
070204044404201308
070204045204201308
070204046004201308
070204047904201308
070204048704201308
070204051704201308
070204053304201308
070204054104201308
070204055004201308
070204056804201308
070204057604201308
070204058404201308
070204059204201308
070204060604201308
070205001604201308
070205002404201308
070205003204201308
070205004004201308
070205005904201308
070205006704201308
070205007504201308
070205008304201308
070205009104201308
070205010504201308
070205012104201308
070205013004201308
070205014804201308
070205015604201308
070205016404201308
070205017204201308
070205018004201308
070205019904201308
070205021004201308
070205022904201308
070205023704201308
070205024504201308
070205025304201308
070205026104201308
070205027004201308
070205028804201308
070205029604201308
070205030004201308
070205031804201308
070205032604201308
070205033404201308
070205034204201308
070205035004201308
070205036904201308
070205037704201308
070205038504201308
070205039304201308
070205040704201308
070205041504201308
070205042304201308
070205043104201308
070205044004201308
070205045804201308
070205046604201308
070205047404201308
070205048204201308
070205049004201308
070205050404201308
070205051204201308
070205052004201308
070205053904201308
070205054704201308
070205055504201308
070205056304201308
070205057104201308
070205058004201308
070205078404201308
070205079204201308
070205080604201308
070205081404201308
070206001104201308
070206001107201308
070206002004201308
070206003804201308
070207004104201308
070207004107201308
070207005004201308
070208001204201308
070208002004201308
070208003904201308
070209001804201308
070209003404201308
070209004204201308
070210001307201308
070210002107201308
070210003007201308
070210004807201308
070210004808201308
070210005607201308
070210006407201308
070210007207201308
070210008007201308
070210009907201308
070210010207201308
070211001904201308
070211002704201308
070211003504201308
070211004304201308
070212001404201308
070212002204201308
070212003004201308
070212004904201308
070212005704201308
070212006504201308
070212006507201308
080101001201201308
080101002001201308
080101003904201308
080101004704201308
080201001604201308
080201002404201308
080201003204201308
080201004004201308
080201005904201308
080201006704201308
080201007504201308
080201008304201308
080201009104201308
080201010504201308
080201011304201308
080201012104201308
080201013004201308
080201014804201308
080201015604201308
080201016404201308
080201019904201308
080201021004201308
080201022904201308
080201023704201308
080201024504201308
080201025304201308
080201026104201308
080201027004201308
080202001104201308
080202002004201308
080301001002201308
080301002802201308
080301003602201308
080301004402201308
080301005202201308
080301006002201308
080301007902201308
080301008702201308
080301009502201308
080301010902201308
080301011702201308
080301012502201308
080301013302201308
080301014102201308
